ISO-10303-21;
HEADER;
/* Generated by software containing ST-Developer
 * from STEP Tools, Inc. (www.steptools.com) 
 */
/* OPTION: using custom renumber hook */

FILE_DESCRIPTION(
/* description */ ('STEP AP242 Edition 2',
'CAx-IF Rec.Pracs.---Representation and Presentation of Product Manufa
cturing Information (PMI)---4.0---2014-10-13',
'CAx-IF Rec.Pracs.---3D Tessellated Geometry---0.4---2014-09-14','2;1',
'CAx-IF Rec.Pracs.---User Defined Attributes---1.5---2016-08-15'),
/* implementation_level */ '2;1');

FILE_NAME(
/* name */ 'Part Studio 1 - base',
/* time_stamp */ '2026-06-26T19:21:15Z',
/* author */ (''),
/* organization */ (''),
/* preprocessor_version */ 'ST-DEVELOPER v20',
/* originating_system */ 'ONSHAPE BY PTC INC, 1.217',
/* authorisation */ '  ');

FILE_SCHEMA (('AP242_MANAGED_MODEL_BASED_3D_ENGINEERING_MIM_LF { 1 0 10303 442 3 1 4 }'));
ENDSEC;

DATA;
#10=SHAPE_REPRESENTATION_RELATIONSHIP('','',#5999,#11);
#11=ADVANCED_BREP_SHAPE_REPRESENTATION('',(#5997),#13408);
#12=ORIENTED_CLOSED_SHELL('',*,#5988,.F.);
#13=(
BOUNDED_SURFACE()
B_SPLINE_SURFACE(3,2,((#11905,#11906,#11907),(#11908,#11909,#11910),(#11911,
#11912,#11913),(#11914,#11915,#11916),(#11917,#11918,#11919),(#11920,#11921,
#11922),(#11923,#11924,#11925),(#11926,#11927,#11928),(#11929,#11930,#11931),
(#11932,#11933,#11934),(#11935,#11936,#11937),(#11938,#11939,#11940),(#11941,
#11942,#11943),(#11944,#11945,#11946)),.UNSPECIFIED.,.F.,.F.,.F.)
B_SPLINE_SURFACE_WITH_KNOTS((4,1,1,1,1,1,1,1,1,1,1,4),(3,3),(-1.38777878078145E-17,
0.00967089948066536,0.0193417989613307,0.0290126984419961,0.0338481481823288,
0.0386835979226615,0.0483544974033268,0.0531899471436595,0.0580253968839922,
0.0628608466243249,0.0676962963646576,0.077367195845323),(0.,1.),
 .UNSPECIFIED.)
GEOMETRIC_REPRESENTATION_ITEM()
RATIONAL_B_SPLINE_SURFACE(((1.,0.716860438920213,1.),(1.,0.716860438967047,
1.),(1.,0.717970118694652,1.),(1.,0.723540748143289,1.),(1.,0.731796658140303,
1.),(1.,0.740469640099721,1.),(1.,0.750175295984255,1.),(1.,0.760318601296282,
1.),(1.,0.768631244736861,1.),(1.,0.773078095661949,1.),(1.,0.775497556274053,
1.),(1.,0.775812590648094,1.),(1.,0.772997017415804,1.),(1.,0.770248353621097,
1.)))
REPRESENTATION_ITEM('')
SURFACE()
);
#14=(
BOUNDED_SURFACE()
B_SPLINE_SURFACE(3,2,((#11952,#11953,#11954),(#11955,#11956,#11957),(#11958,
#11959,#11960),(#11961,#11962,#11963),(#11964,#11965,#11966),(#11967,#11968,
#11969),(#11970,#11971,#11972),(#11973,#11974,#11975),(#11976,#11977,#11978),
(#11979,#11980,#11981),(#11982,#11983,#11984),(#11985,#11986,#11987),(#11988,
#11989,#11990)),.UNSPECIFIED.,.F.,.F.,.F.)
B_SPLINE_SURFACE_WITH_KNOTS((4,1,1,1,1,1,1,1,1,1,4),(3,3),(-4.16333634234433E-17,
0.00884623817984958,0.0176924763596992,0.0265387145395488,0.0353849527193984,
0.044231190899248,0.0486543099891728,0.0530774290790977,0.0575005481690225,
0.0619236672589473,0.0707699054387969),(0.,1.),.UNSPECIFIED.)
GEOMETRIC_REPRESENTATION_ITEM()
RATIONAL_B_SPLINE_SURFACE(((1.,0.716860438920207,1.),(1.,0.716860438960578,
1.),(1.,0.715782047429426,1.),(1.,0.710241660019283,1.),(1.,0.700152112934297,
1.),(1.,0.684933658139008,1.),(1.,0.670257775288869,1.),(1.,0.659699472974035,
1.),(1.,0.653430755428288,1.),(1.,0.649245170654794,1.),(1.,0.646857929136639,
1.),(1.,0.648761897099447,1.),(1.,0.65117898602072,1.)))
REPRESENTATION_ITEM('')
SURFACE()
);
#15=(
BOUNDED_SURFACE()
B_SPLINE_SURFACE(3,2,((#11996,#11997,#11998),(#11999,#12000,#12001),(#12002,
#12003,#12004),(#12005,#12006,#12007),(#12008,#12009,#12010),(#12011,#12012,
#12013),(#12014,#12015,#12016),(#12017,#12018,#12019),(#12020,#12021,#12022),
(#12023,#12024,#12025),(#12026,#12027,#12028),(#12029,#12030,#12031),(#12032,
#12033,#12034),(#12035,#12036,#12037)),.UNSPECIFIED.,.F.,.F.,.F.)
B_SPLINE_SURFACE_WITH_KNOTS((4,1,1,1,1,1,1,1,1,1,1,4),(3,3),(-7.15399961492835E-15,
0.00967089948061137,0.0193417989612299,0.0290126984418484,0.0338481481821577,
0.0386835979224669,0.0483544974030855,0.0531899471433947,0.058025396883704,
0.0628608466240132,0.0676962963643225,0.077367195844941),(0.,1.),
 .UNSPECIFIED.)
GEOMETRIC_REPRESENTATION_ITEM()
RATIONAL_B_SPLINE_SURFACE(((1.,0.71686043892024,1.),(1.,0.716860438903903,
1.),(1.,0.717970118722017,1.),(1.,0.723540748131859,1.),(1.,0.731796658136513,
1.),(1.,0.740469640093905,1.),(1.,0.750175295978128,1.),(1.,0.760318601289927,
1.),(1.,0.768631244730896,1.),(1.,0.773078095656903,1.),(1.,0.775497556268563,
1.),(1.,0.775812590649729,1.),(1.,0.772997017390752,1.),(1.,0.770248353618865,
1.)))
REPRESENTATION_ITEM('')
SURFACE()
);
#16=(
BOUNDED_SURFACE()
B_SPLINE_SURFACE(3,2,((#12043,#12044,#12045),(#12046,#12047,#12048),(#12049,
#12050,#12051),(#12052,#12053,#12054),(#12055,#12056,#12057),(#12058,#12059,
#12060),(#12061,#12062,#12063),(#12064,#12065,#12066),(#12067,#12068,#12069),
(#12070,#12071,#12072),(#12073,#12074,#12075),(#12076,#12077,#12078),(#12079,
#12080,#12081)),.UNSPECIFIED.,.F.,.F.,.F.)
B_SPLINE_SURFACE_WITH_KNOTS((4,1,1,1,1,1,1,1,1,1,4),(3,3),(-1.10328413072125E-15,
0.00884623817985705,0.0176924763597152,0.0265387145395733,0.0353849527194315,
0.0442311908992896,0.0486543099892187,0.0530774290791478,0.0575005481690769,
0.061923667259006,0.0707699054388641),(0.,1.),.UNSPECIFIED.)
GEOMETRIC_REPRESENTATION_ITEM()
RATIONAL_B_SPLINE_SURFACE(((1.,0.716860438920195,1.),(1.,0.71686043895226,
1.),(1.,0.715782047432943,1.),(1.,0.710241660017632,1.),(1.,0.700152112933567,
1.),(1.,0.68493365813757,1.),(1.,0.670257775287335,1.),(1.,0.659699472972592,
1.),(1.,0.653430755426822,1.),(1.,0.649245170654146,1.),(1.,0.646857929133373,
1.),(1.,0.648761897110134,1.),(1.,0.651178986020414,1.)))
REPRESENTATION_ITEM('')
SURFACE()
);
#17=(
BOUNDED_SURFACE()
B_SPLINE_SURFACE(3,2,((#12133,#12134,#12135),(#12136,#12137,#12138),(#12139,
#12140,#12141),(#12142,#12143,#12144),(#12145,#12146,#12147),(#12148,#12149,
#12150),(#12151,#12152,#12153),(#12154,#12155,#12156),(#12157,#12158,#12159),
(#12160,#12161,#12162),(#12163,#12164,#12165),(#12166,#12167,#12168),(#12169,
#12170,#12171)),.UNSPECIFIED.,.F.,.F.,.F.)
B_SPLINE_SURFACE_WITH_KNOTS((4,1,1,1,1,1,1,1,1,1,4),(3,3),(-4.16333634234434E-17,
0.00890406577382859,0.0178081315476572,0.0267121973214859,0.0356162630953145,
0.0445203288691431,0.0489723617560574,0.0534243946429718,0.0578764275298861,
0.0623284604168004,0.071232526190629),(0.,1.),.UNSPECIFIED.)
GEOMETRIC_REPRESENTATION_ITEM()
RATIONAL_B_SPLINE_SURFACE(((1.,0.697353117052618,1.),(1.,0.697353117074357,
1.),(1.,0.698464216050574,1.),(1.,0.704117801282365,1.),(1.,0.714205238970303,
1.),(1.,0.728849760484723,1.),(1.,0.742220586249379,1.),(1.,0.751407095021489,
1.),(1.,0.756689397130298,1.),(1.,0.760091905983042,1.),(1.,0.761853791761048,
1.),(1.,0.760064576318354,1.),(1.,0.75788932895368,1.)))
REPRESENTATION_ITEM('')
SURFACE()
);
#18=(
BOUNDED_SURFACE()
B_SPLINE_SURFACE(3,2,((#12177,#12178,#12179),(#12180,#12181,#12182),(#12183,
#12184,#12185),(#12186,#12187,#12188),(#12189,#12190,#12191),(#12192,#12193,
#12194),(#12195,#12196,#12197),(#12198,#12199,#12200),(#12201,#12202,#12203),
(#12204,#12205,#12206),(#12207,#12208,#12209),(#12210,#12211,#12212),(#12213,
#12214,#12215),(#12216,#12217,#12218)),.UNSPECIFIED.,.F.,.F.,.F.)
B_SPLINE_SURFACE_WITH_KNOTS((4,1,1,1,1,1,1,1,1,1,1,4),(3,3),(0.,0.00974017945941742,
0.0194803589188348,0.0292205383782523,0.0389607178376697,0.0438308075673784,
0.0487008972970871,0.0535709870267958,0.0584410767565045,0.0633111664862132,
0.068181256215922,0.0779214356753394),(0.,1.),.UNSPECIFIED.)
GEOMETRIC_REPRESENTATION_ITEM()
RATIONAL_B_SPLINE_SURFACE(((1.,0.697353117052634,1.),(1.,0.697353117036728,
1.),(1.,0.696217856768197,1.),(1.,0.690429644501096,1.),(1.,0.67997533249512,
1.),(1.,0.666980128688797,1.),(1.,0.655684190583592,1.),(1.,0.647420038958404,
1.),(1.,0.640175917241507,1.),(1.,0.635010402411211,1.),(1.,0.632300206257826,
1.),(1.,0.632267896101128,1.),(1.,0.635938466718596,1.),(1.,0.639369598674886,
1.)))
REPRESENTATION_ITEM('')
SURFACE()
);
#19=(
BOUNDED_SURFACE()
B_SPLINE_SURFACE(3,2,((#12224,#12225,#12226),(#12227,#12228,#12229),(#12230,
#12231,#12232),(#12233,#12234,#12235),(#12236,#12237,#12238),(#12239,#12240,
#12241),(#12242,#12243,#12244),(#12245,#12246,#12247),(#12248,#12249,#12250),
(#12251,#12252,#12253),(#12254,#12255,#12256),(#12257,#12258,#12259),(#12260,
#12261,#12262)),.UNSPECIFIED.,.F.,.F.,.F.)
B_SPLINE_SURFACE_WITH_KNOTS((4,1,1,1,1,1,1,1,1,1,4),(3,3),(-9.22872889219661E-16,
0.00890406577383643,0.0178081315476738,0.0267121973215111,0.0356162630953485,
0.0445203288691858,0.0489723617561045,0.0534243946430232,0.0578764275299418,
0.0623284604168605,0.0712325261906979),(0.,1.),.UNSPECIFIED.)
GEOMETRIC_REPRESENTATION_ITEM()
RATIONAL_B_SPLINE_SURFACE(((1.,0.697353117052626,1.),(1.,0.697353117058814,
1.),(1.,0.698464216058174,1.),(1.,0.704117801281124,1.),(1.,0.714205238971918,
1.),(1.,0.72884976048603,1.),(1.,0.742220586250943,1.),(1.,0.751407095022931,
1.),(1.,0.756689397131645,1.),(1.,0.760091905983963,1.),(1.,0.761853791762652,
1.),(1.,0.760064576315003,1.),(1.,0.757889328954018,1.)))
REPRESENTATION_ITEM('')
SURFACE()
);
#20=(
BOUNDED_SURFACE()
B_SPLINE_SURFACE(3,2,((#12268,#12269,#12270),(#12271,#12272,#12273),(#12274,
#12275,#12276),(#12277,#12278,#12279),(#12280,#12281,#12282),(#12283,#12284,
#12285),(#12286,#12287,#12288),(#12289,#12290,#12291),(#12292,#12293,#12294),
(#12295,#12296,#12297),(#12298,#12299,#12300),(#12301,#12302,#12303),(#12304,
#12305,#12306),(#12307,#12308,#12309)),.UNSPECIFIED.,.F.,.F.,.F.)
B_SPLINE_SURFACE_WITH_KNOTS((4,1,1,1,1,1,1,1,1,1,1,4),(3,3),(-6.25194340742041E-15,
0.00974017945936411,0.0194803589187345,0.0292205383781048,0.0389607178374752,
0.0438308075671604,0.0487008972968456,0.0535709870265307,0.0584410767562159,
0.0633111664859011,0.0681812562155863,0.0779214356749566),(0.,1.),
 .UNSPECIFIED.)
GEOMETRIC_REPRESENTATION_ITEM()
RATIONAL_B_SPLINE_SURFACE(((1.,0.697353117052623,1.),(1.,0.697353117013864,
1.),(1.,0.696217856780965,1.),(1.,0.690429644501944,1.),(1.,0.6799753325016,
1.),(1.,0.666980128695687,1.),(1.,0.655684190591183,1.),(1.,0.647420038966069,
1.),(1.,0.640175917248906,1.),(1.,0.635010402417767,1.),(1.,0.632300206264073,
1.),(1.,0.632267896102849,1.),(1.,0.635938466733516,1.),(1.,0.639369598677652,
1.)))
REPRESENTATION_ITEM('')
SURFACE()
);
#21=(
BOUNDED_SURFACE()
B_SPLINE_SURFACE(3,2,((#12537,#12538,#12539),(#12540,#12541,#12542),(#12543,
#12544,#12545),(#12546,#12547,#12548),(#12549,#12550,#12551),(#12552,#12553,
#12554),(#12555,#12556,#12557),(#12558,#12559,#12560),(#12561,#12562,#12563),
(#12564,#12565,#12566)),.UNSPECIFIED.,.F.,.F.,.F.)
B_SPLINE_SURFACE_WITH_KNOTS((4,1,1,1,1,1,1,4),(3,3),(-1.38777878078145E-17,
0.0115283802300613,0.0172925703450919,0.0230567604601226,0.0288209505751532,
0.0345851406901839,0.0403493308052145,0.0461135209202452),(0.,1.),
 .UNSPECIFIED.)
GEOMETRIC_REPRESENTATION_ITEM()
RATIONAL_B_SPLINE_SURFACE(((1.,0.716860438920202,1.),(1.,0.716860438990543,
1.),(1.,0.714787117759346,1.),(1.,0.70628864868419,1.),(1.,0.69666809950254,
1.),(1.,0.685203477367504,1.),(1.,0.674508724436689,1.),(1.,0.668557818652794,
1.),(1.,0.668755490588199,1.),(1.,0.669771473747569,1.)))
REPRESENTATION_ITEM('')
SURFACE()
);
#22=(
BOUNDED_SURFACE()
B_SPLINE_SURFACE(3,2,((#12572,#12573,#12574),(#12575,#12576,#12577),(#12578,
#12579,#12580),(#12581,#12582,#12583),(#12584,#12585,#12586),(#12587,#12588,
#12589),(#12590,#12591,#12592),(#12593,#12594,#12595),(#12596,#12597,#12598),
(#12599,#12600,#12601)),.UNSPECIFIED.,.F.,.F.,.F.)
B_SPLINE_SURFACE_WITH_KNOTS((4,1,1,1,1,1,1,4),(3,3),(-1.04083408558608E-17,
0.0115283802300583,0.0172925703450874,0.0230567604601166,0.0288209505751458,
0.0345851406901749,0.0403493308052041,0.0461135209202332),(0.,1.),
 .UNSPECIFIED.)
GEOMETRIC_REPRESENTATION_ITEM()
RATIONAL_B_SPLINE_SURFACE(((1.,0.716860438920214,1.),(1.,0.71686043897995,
1.),(1.,0.714787117762212,1.),(1.,0.706288648684529,1.),(1.,0.696668099503436,
1.),(1.,0.685203477369061,1.),(1.,0.674508724435416,1.),(1.,0.668557818661902,
1.),(1.,0.668755490570854,1.),(1.,0.669771473748091,1.)))
REPRESENTATION_ITEM('')
SURFACE()
);
#23=(
BOUNDED_SURFACE()
B_SPLINE_SURFACE(3,2,((#12630,#12631,#12632),(#12633,#12634,#12635),(#12636,
#12637,#12638),(#12639,#12640,#12641),(#12642,#12643,#12644),(#12645,#12646,
#12647),(#12648,#12649,#12650),(#12651,#12652,#12653),(#12654,#12655,#12656),
(#12657,#12658,#12659),(#12660,#12661,#12662),(#12663,#12664,#12665),(#12666,
#12667,#12668),(#12669,#12670,#12671)),.UNSPECIFIED.,.F.,.F.,.F.)
B_SPLINE_SURFACE_WITH_KNOTS((4,1,1,1,1,1,1,1,1,1,1,4),(3,3),(-1.38777878078145E-17,
0.0133090974826875,0.0199636462240313,0.0232909205947032,0.026618194965375,
0.0299454693360469,0.0332727437067188,0.0366000180773907,0.0399272924480626,
0.0432545668187344,0.0465818411894063,0.0532363899307501),(0.,1.),
 .UNSPECIFIED.)
GEOMETRIC_REPRESENTATION_ITEM()
RATIONAL_B_SPLINE_SURFACE(((1.,0.71686043892023,1.),(1.,0.716860438831248,
1.),(1.,0.719056789196525,1.),(1.,0.726711189564195,1.),(1.,0.732484568725546,
1.),(1.,0.737273347408849,1.),(1.,0.742306495388381,1.),(1.,0.747295992955922,
1.),(1.,0.751686831961655,1.),(1.,0.755039094349349,1.),(1.,0.757083351452148,
1.),(1.,0.757800291120902,1.),(1.,0.756060141354692,1.),(1.,0.754138696351636,
1.)))
REPRESENTATION_ITEM('')
SURFACE()
);
#24=(
BOUNDED_SURFACE()
B_SPLINE_SURFACE(3,2,((#12677,#12678,#12679),(#12680,#12681,#12682),(#12683,
#12684,#12685),(#12686,#12687,#12688),(#12689,#12690,#12691),(#12692,#12693,
#12694),(#12695,#12696,#12697),(#12698,#12699,#12700),(#12701,#12702,#12703),
(#12704,#12705,#12706),(#12707,#12708,#12709),(#12710,#12711,#12712),(#12713,
#12714,#12715),(#12716,#12717,#12718)),.UNSPECIFIED.,.F.,.F.,.F.)
B_SPLINE_SURFACE_WITH_KNOTS((4,1,1,1,1,1,1,1,1,1,1,4),(3,3),(-3.22658566531686E-16,
0.013309097482655,0.0199636462239827,0.0232909205946465,0.0266181949653103,
0.0299454693359742,0.033272743706638,0.0366000180773018,0.0399272924479657,
0.0432545668186295,0.0465818411892933,0.053236389930621),(0.,1.),
 .UNSPECIFIED.)
GEOMETRIC_REPRESENTATION_ITEM()
RATIONAL_B_SPLINE_SURFACE(((1.,0.71686043892023,1.),(1.,0.71686043888593,
1.),(1.,0.719056789182676,1.),(1.,0.726711189563424,1.),(1.,0.732484568722977,
1.),(1.,0.737273347406203,1.),(1.,0.742306495385395,1.),(1.,0.747295992952773,
1.),(1.,0.751686831958506,1.),(1.,0.755039094346191,1.),(1.,0.75708335144973,
1.),(1.,0.757800291116557,1.),(1.,0.756060141361984,1.),(1.,0.754138696350125,
1.)))
REPRESENTATION_ITEM('')
SURFACE()
);
#25=(
BOUNDED_SURFACE()
B_SPLINE_SURFACE(3,2,((#12747,#12748,#12749),(#12750,#12751,#12752),(#12753,
#12754,#12755),(#12756,#12757,#12758),(#12759,#12760,#12761),(#12762,#12763,
#12764),(#12765,#12766,#12767),(#12768,#12769,#12770),(#12771,#12772,#12773),
(#12774,#12775,#12776)),.UNSPECIFIED.,.F.,.F.,.F.)
B_SPLINE_SURFACE_WITH_KNOTS((4,1,1,1,1,1,1,4),(3,3),(0.,0.0115989837276078,
0.0173984755914118,0.0231979674552157,0.0289974593190196,0.0347969511828235,
0.0405964430466274,0.0463959349104313),(0.,1.),.UNSPECIFIED.)
GEOMETRIC_REPRESENTATION_ITEM()
RATIONAL_B_SPLINE_SURFACE(((1.,0.697353117052612,1.),(1.,0.697353117112932,
1.),(1.,0.699502346133626,1.),(1.,0.708081821786121,1.),(1.,0.717559078677784,
1.),(1.,0.728457179768227,1.),(1.,0.738175325908736,1.),(1.,0.743290908113644,
1.),(1.,0.742941298354856,1.),(1.,0.741951601048833,1.)))
REPRESENTATION_ITEM('')
SURFACE()
);
#26=(
BOUNDED_SURFACE()
B_SPLINE_SURFACE(3,2,((#12782,#12783,#12784),(#12785,#12786,#12787),(#12788,
#12789,#12790),(#12791,#12792,#12793),(#12794,#12795,#12796),(#12797,#12798,
#12799),(#12800,#12801,#12802),(#12803,#12804,#12805),(#12806,#12807,#12808),
(#12809,#12810,#12811)),.UNSPECIFIED.,.F.,.F.,.F.)
B_SPLINE_SURFACE_WITH_KNOTS((4,1,1,1,1,1,1,4),(3,3),(3.12250225675825E-17,
0.0115989837276107,0.017398475591416,0.0231979674552213,0.0289974593190266,
0.0347969511828319,0.0405964430466372,0.0463959349104425),(0.,1.),
 .UNSPECIFIED.)
GEOMETRIC_REPRESENTATION_ITEM()
RATIONAL_B_SPLINE_SURFACE(((1.,0.697353117052654,1.),(1.,0.69735311701128,
1.),(1.,0.69950234615704,1.),(1.,0.70808182178248,1.),(1.,0.717559078679856,
1.),(1.,0.728457179768523,1.),(1.,0.738175325910712,1.),(1.,0.743290908110407,
1.),(1.,0.742941298363836,1.),(1.,0.741951601049315,1.)))
REPRESENTATION_ITEM('')
SURFACE()
);
#27=(
BOUNDED_SURFACE()
B_SPLINE_SURFACE(3,2,((#12840,#12841,#12842),(#12843,#12844,#12845),(#12846,
#12847,#12848),(#12849,#12850,#12851),(#12852,#12853,#12854),(#12855,#12856,
#12857),(#12858,#12859,#12860),(#12861,#12862,#12863),(#12864,#12865,#12866),
(#12867,#12868,#12869),(#12870,#12871,#12872),(#12873,#12874,#12875),(#12876,
#12877,#12878),(#12879,#12880,#12881)),.UNSPECIFIED.,.F.,.F.,.F.)
B_SPLINE_SURFACE_WITH_KNOTS((4,1,1,1,1,1,1,1,1,1,1,4),(3,3),(1.04083408558608E-17,
0.0134019561931239,0.0201029342896858,0.0234534233379668,0.0268039123862477,
0.0301544014345287,0.0335048904828097,0.0368553795310906,0.0402058685793716,
0.0435563576276526,0.0469068466759335,0.0536078247724955),(0.,1.),
 .UNSPECIFIED.)
GEOMETRIC_REPRESENTATION_ITEM()
RATIONAL_B_SPLINE_SURFACE(((1.,0.697353117052613,1.),(1.,0.697353117131703,
1.),(1.,0.695120713660999,1.),(1.,0.687089527648919,1.),(1.,0.680925022787365,
1.),(1.,0.675751480335208,1.),(1.,0.670248569337685,1.),(1.,0.664733576513087,
1.),(1.,0.659865437813965,1.),(1.,0.656154934516722,1.),(1.,0.653950695703194,
1.),(1.,0.65335330570994,1.),(1.,0.655527891841534,1.),(1.,0.657817856356094,
1.)))
REPRESENTATION_ITEM('')
SURFACE()
);
#28=(
BOUNDED_SURFACE()
B_SPLINE_SURFACE(3,2,((#12887,#12888,#12889),(#12890,#12891,#12892),(#12893,
#12894,#12895),(#12896,#12897,#12898),(#12899,#12900,#12901),(#12902,#12903,
#12904),(#12905,#12906,#12907),(#12908,#12909,#12910),(#12911,#12912,#12913),
(#12914,#12915,#12916),(#12917,#12918,#12919),(#12920,#12921,#12922),(#12923,
#12924,#12925),(#12926,#12927,#12928)),.UNSPECIFIED.,.F.,.F.,.F.)
B_SPLINE_SURFACE_WITH_KNOTS((4,1,1,1,1,1,1,1,1,1,1,4),(3,3),(-2.1163626406917E-16,
0.0134019561930921,0.0201029342896383,0.0234534233379114,0.0268039123861845,
0.0301544014344575,0.0335048904827306,0.0368553795310037,0.0402058685792768,
0.0435563576275499,0.046906846675823,0.0536078247723691),(0.,1.),
 .UNSPECIFIED.)
GEOMETRIC_REPRESENTATION_ITEM()
RATIONAL_B_SPLINE_SURFACE(((1.,0.697353117052612,1.),(1.,0.697353117012316,
1.),(1.,0.695120713690046,1.),(1.,0.687089527648645,1.),(1.,0.680925022790544,
1.),(1.,0.675751480338274,1.),(1.,0.670248569341277,1.),(1.,0.664733576516925,
1.),(1.,0.659865437817909,1.),(1.,0.656154934520613,1.),(1.,0.653950695706664,
1.),(1.,0.653353305713488,1.),(1.,0.655527891841278,1.),(1.,0.657817856358085,
1.)))
REPRESENTATION_ITEM('')
SURFACE()
);
#29=(
BOUNDED_SURFACE()
B_SPLINE_SURFACE(3,2,((#12944,#12945,#12946),(#12947,#12948,#12949),(#12950,
#12951,#12952),(#12953,#12954,#12955),(#12956,#12957,#12958),(#12959,#12960,
#12961),(#12962,#12963,#12964),(#12965,#12966,#12967),(#12968,#12969,#12970)),
 .UNSPECIFIED.,.F.,.F.,.F.)
B_SPLINE_SURFACE_WITH_KNOTS((4,1,1,1,1,1,4),(3,3),(-2.19008838842072E-17,
0.000940523387962823,0.00188104677592567,0.00282157016388851,0.00376209355185136,
0.00564314032777705,0.00752418710370273),(0.,1.),.UNSPECIFIED.)
GEOMETRIC_REPRESENTATION_ITEM()
RATIONAL_B_SPLINE_SURFACE(((1.,0.707106781186551,1.),(1.,0.706323900344114,
1.),(1.,0.718564372874261,1.),(1.,0.768654240502758,1.),(1.,0.829871463071496,
1.),(1.,0.908028299911131,1.),(1.,0.980151926574963,1.),(1.,0.9999999999992,
1.),(1.,1.,1.)))
REPRESENTATION_ITEM('')
SURFACE()
);
#30=(
BOUNDED_SURFACE()
B_SPLINE_SURFACE(3,2,((#12974,#12975,#12976),(#12977,#12978,#12979),(#12980,
#12981,#12982),(#12983,#12984,#12985),(#12986,#12987,#12988),(#12989,#12990,
#12991),(#12992,#12993,#12994),(#12995,#12996,#12997),(#12998,#12999,#13000)),
 .UNSPECIFIED.,.F.,.F.,.F.)
B_SPLINE_SURFACE_WITH_KNOTS((4,1,1,1,1,1,4),(3,3),(4.2934406030426E-17,
0.000962234950434945,0.00192446990086985,0.00288670485130475,0.00384893980173965,
0.00577340970260946,0.00769787960347926),(0.,1.),.UNSPECIFIED.)
GEOMETRIC_REPRESENTATION_ITEM()
RATIONAL_B_SPLINE_SURFACE(((1.,0.707106781186547,1.),(1.,0.707896917415425,
1.),(1.,0.723802750355108,1.),(1.,0.776844617541353,1.),(1.,0.837784475657505,
1.),(1.,0.913439505095733,1.),(1.,0.981538306053969,1.),(1.,0.999999999999145,
1.),(1.,1.,1.)))
REPRESENTATION_ITEM('')
SURFACE()
);
#31=(
BOUNDED_SURFACE()
B_SPLINE_SURFACE(3,2,((#13001,#13002,#13003),(#13004,#13005,#13006),(#13007,
#13008,#13009),(#13010,#13011,#13012),(#13013,#13014,#13015),(#13016,#13017,
#13018),(#13019,#13020,#13021),(#13022,#13023,#13024),(#13025,#13026,#13027)),
 .UNSPECIFIED.,.F.,.F.,.F.)
B_SPLINE_SURFACE_WITH_KNOTS((4,1,1,1,1,1,4),(3,3),(8.32667268468867E-17,
0.000962234950435011,0.00192446990086994,0.00288670485130487,0.00384893980173979,
0.00577340970260965,0.0076978796034795),(0.,1.),.UNSPECIFIED.)
GEOMETRIC_REPRESENTATION_ITEM()
RATIONAL_B_SPLINE_SURFACE(((1.,0.707106781186547,1.),(1.,0.707896917414882,
1.),(1.,0.723802750355339,1.),(1.,0.776844617541263,1.),(1.,0.837784475657499,
1.),(1.,0.913439505095708,1.),(1.,0.981538306053967,1.),(1.,0.999999999999146,
1.),(1.,1.,1.)))
REPRESENTATION_ITEM('')
SURFACE()
);
#32=(
BOUNDED_SURFACE()
B_SPLINE_SURFACE(3,2,((#13031,#13032,#13033),(#13034,#13035,#13036),(#13037,
#13038,#13039),(#13040,#13041,#13042),(#13043,#13044,#13045),(#13046,#13047,
#13048),(#13049,#13050,#13051),(#13052,#13053,#13054),(#13055,#13056,#13057)),
 .UNSPECIFIED.,.F.,.F.,.F.)
B_SPLINE_SURFACE_WITH_KNOTS((4,1,1,1,1,1,4),(3,3),(-2.68882138776405E-17,
0.000940523387962768,0.00188104677592556,0.00282157016388836,0.00376209355185115,
0.00564314032777674,0.00752418710370233),(0.,1.),.UNSPECIFIED.)
GEOMETRIC_REPRESENTATION_ITEM()
RATIONAL_B_SPLINE_SURFACE(((1.,0.707106781186549,1.),(1.,0.706323900344182,
1.),(1.,0.718564372874251,1.),(1.,0.76865424050279,1.),(1.,0.82987146307152,
1.),(1.,0.908028299911138,1.),(1.,0.980151926575031,1.),(1.,0.99999999999906,
1.),(1.,1.,1.)))
REPRESENTATION_ITEM('')
SURFACE()
);
#33=(
BOUNDED_SURFACE()
B_SPLINE_SURFACE(3,2,((#13058,#13059,#13060),(#13061,#13062,#13063),(#13064,
#13065,#13066),(#13067,#13068,#13069),(#13070,#13071,#13072),(#13073,#13074,
#13075),(#13076,#13077,#13078),(#13079,#13080,#13081),(#13082,#13083,#13084)),
 .UNSPECIFIED.,.F.,.F.,.F.)
B_SPLINE_SURFACE_WITH_KNOTS((4,1,1,1,1,1,4),(3,3),(1.30104260698261E-17,
0.000962234950434928,0.00192446990086984,0.00288670485130476,0.00384893980173967,
0.0057734097026095,0.00769787960347933),(0.,1.),.UNSPECIFIED.)
GEOMETRIC_REPRESENTATION_ITEM()
RATIONAL_B_SPLINE_SURFACE(((1.,0.707106781186548,1.),(1.,0.707896917414285,
1.),(1.,0.723802750355618,1.),(1.,0.776844617541194,1.),(1.,0.83778447565752,
1.),(1.,0.913439505095698,1.),(1.,0.981538306053971,1.),(1.,0.999999999999145,
1.),(1.,1.,1.)))
REPRESENTATION_ITEM('')
SURFACE()
);
#34=(
BOUNDED_SURFACE()
B_SPLINE_SURFACE(3,2,((#13088,#13089,#13090),(#13091,#13092,#13093),(#13094,
#13095,#13096),(#13097,#13098,#13099),(#13100,#13101,#13102),(#13103,#13104,
#13105),(#13106,#13107,#13108),(#13109,#13110,#13111),(#13112,#13113,#13114)),
 .UNSPECIFIED.,.F.,.F.,.F.)
B_SPLINE_SURFACE_WITH_KNOTS((4,1,1,1,1,1,4),(3,3),(-1.12757025938492E-17,
0.00094052338796279,0.00188104677592559,0.00282157016388839,0.00376209355185119,
0.0056431403277768,0.0075241871037024),(0.,1.),.UNSPECIFIED.)
GEOMETRIC_REPRESENTATION_ITEM()
RATIONAL_B_SPLINE_SURFACE(((1.,0.707106781186548,1.),(1.,0.706323900343988,
1.),(1.,0.718564372874338,1.),(1.,0.768654240502766,1.),(1.,0.829871463071525,
1.),(1.,0.908028299911134,1.),(1.,0.980151926575017,1.),(1.,0.999999999999095,
1.),(1.,1.,1.)))
REPRESENTATION_ITEM('')
SURFACE()
);
#35=(
BOUNDED_SURFACE()
B_SPLINE_SURFACE(3,2,((#13115,#13116,#13117),(#13118,#13119,#13120),(#13121,
#13122,#13123),(#13124,#13125,#13126),(#13127,#13128,#13129),(#13130,#13131,
#13132),(#13133,#13134,#13135),(#13136,#13137,#13138),(#13139,#13140,#13141)),
 .UNSPECIFIED.,.F.,.F.,.F.)
B_SPLINE_SURFACE_WITH_KNOTS((4,1,1,1,1,1,4),(3,3),(3.36102673470506E-17,
0.000962234950434924,0.00192446990086981,0.0028867048513047,0.00384893980173959,
0.00577340970260937,0.00769787960347915),(0.,1.),.UNSPECIFIED.)
GEOMETRIC_REPRESENTATION_ITEM()
RATIONAL_B_SPLINE_SURFACE(((1.,0.707106781186548,1.),(1.,0.707896917413289,
1.),(1.,0.723802750356101,1.),(1.,0.77684461754109,1.),(1.,0.837784475657575,
1.),(1.,0.913439505095695,1.),(1.,0.981538306053983,1.),(1.,0.999999999999145,
1.),(1.,1.,1.)))
REPRESENTATION_ITEM('')
SURFACE()
);
#36=(
BOUNDED_SURFACE()
B_SPLINE_SURFACE(3,2,((#13145,#13146,#13147),(#13148,#13149,#13150),(#13151,
#13152,#13153),(#13154,#13155,#13156),(#13157,#13158,#13159),(#13160,#13161,
#13162),(#13163,#13164,#13165),(#13166,#13167,#13168),(#13169,#13170,#13171)),
 .UNSPECIFIED.,.F.,.F.,.F.)
B_SPLINE_SURFACE_WITH_KNOTS((4,1,1,1,1,1,4),(3,3),(-9.75781955236954E-18,
0.000940523387962823,0.00188104677592566,0.00282157016388849,0.00376209355185132,
0.00564314032777699,0.00752418710370265),(0.,1.),.UNSPECIFIED.)
GEOMETRIC_REPRESENTATION_ITEM()
RATIONAL_B_SPLINE_SURFACE(((1.,0.707106781186552,1.),(1.,0.706323900343548,
1.),(1.,0.718564372874525,1.),(1.,0.768654240502689,1.),(1.,0.829871463071516,
1.),(1.,0.908028299911119,1.),(1.,0.980151926574968,1.),(1.,0.9999999999992,
1.),(1.,1.,1.)))
REPRESENTATION_ITEM('')
SURFACE()
);
#37=(
BOUNDED_SURFACE()
B_SPLINE_SURFACE(3,2,((#13172,#13173,#13174),(#13175,#13176,#13177),(#13178,
#13179,#13180),(#13181,#13182,#13183),(#13184,#13185,#13186),(#13187,#13188,
#13189),(#13190,#13191,#13192),(#13193,#13194,#13195),(#13196,#13197,#13198)),
 .UNSPECIFIED.,.F.,.F.,.F.)
B_SPLINE_SURFACE_WITH_KNOTS((4,1,1,1,1,1,4),(3,3),(-5.13911829758129E-17,
0.000940523387962737,0.00188104677592553,0.00282157016388831,0.0037620935518511,
0.00564314032777668,0.00752418710370226),(0.,1.),.UNSPECIFIED.)
GEOMETRIC_REPRESENTATION_ITEM()
RATIONAL_B_SPLINE_SURFACE(((1.,0.707106781186547,1.),(1.,0.706323900344677,
1.),(1.,0.718564372874029,1.),(1.,0.768654240502859,1.),(1.,0.829871463071513,
1.),(1.,0.908028299911154,1.),(1.,0.980151926575015,1.),(1.,0.999999999999095,
1.),(1.,1.,1.)))
REPRESENTATION_ITEM('')
SURFACE()
);
#38=(
BOUNDED_SURFACE()
B_SPLINE_SURFACE(3,2,((#13202,#13203,#13204),(#13205,#13206,#13207),(#13208,
#13209,#13210),(#13211,#13212,#13213),(#13214,#13215,#13216),(#13217,#13218,
#13219),(#13220,#13221,#13222),(#13223,#13224,#13225),(#13226,#13227,#13228)),
 .UNSPECIFIED.,.F.,.F.,.F.)
B_SPLINE_SURFACE_WITH_KNOTS((4,1,1,1,1,1,4),(3,3),(-8.67361737988404E-19,
0.000962234950434887,0.00192446990086977,0.00288670485130466,0.00384893980173955,
0.00577340970260933,0.0076978796034791),(0.,1.),.UNSPECIFIED.)
GEOMETRIC_REPRESENTATION_ITEM()
RATIONAL_B_SPLINE_SURFACE(((1.,0.707106781186548,1.),(1.,0.707896917414847,
1.),(1.,0.723802750355388,1.),(1.,0.776844617541296,1.),(1.,0.837784475657533,
1.),(1.,0.913439505095733,1.),(1.,0.981538306053958,1.),(1.,0.999999999999181,
1.),(1.,1.,1.)))
REPRESENTATION_ITEM('')
SURFACE()
);
#39=(
BOUNDED_SURFACE()
B_SPLINE_SURFACE(3,2,((#13229,#13230,#13231),(#13232,#13233,#13234),(#13235,
#13236,#13237),(#13238,#13239,#13240),(#13241,#13242,#13243),(#13244,#13245,
#13246),(#13247,#13248,#13249),(#13250,#13251,#13252),(#13253,#13254,#13255)),
 .UNSPECIFIED.,.F.,.F.,.F.)
B_SPLINE_SURFACE_WITH_KNOTS((4,1,1,1,1,1,4),(3,3),(2.73218947466347E-17,
0.000940523387962826,0.00188104677592562,0.00282157016388842,0.00376209355185122,
0.00564314032777682,0.00752418710370242),(0.,1.),.UNSPECIFIED.)
GEOMETRIC_REPRESENTATION_ITEM()
RATIONAL_B_SPLINE_SURFACE(((1.,0.707106781186548,1.),(1.,0.706323900344199,
1.),(1.,0.718564372874248,1.),(1.,0.7686542405028,1.),(1.,0.829871463071528,
1.),(1.,0.908028299911144,1.),(1.,0.980151926575018,1.),(1.,0.999999999999095,
1.),(1.,1.,1.)))
REPRESENTATION_ITEM('')
SURFACE()
);
#40=(
BOUNDED_SURFACE()
B_SPLINE_SURFACE(3,2,((#13259,#13260,#13261),(#13262,#13263,#13264),(#13265,
#13266,#13267),(#13268,#13269,#13270),(#13271,#13272,#13273),(#13274,#13275,
#13276),(#13277,#13278,#13279),(#13280,#13281,#13282),(#13283,#13284,#13285)),
 .UNSPECIFIED.,.F.,.F.,.F.)
B_SPLINE_SURFACE_WITH_KNOTS((4,1,1,1,1,1,4),(3,3),(-2.60208521396521E-17,
0.000962234950434853,0.00192446990086973,0.00288670485130461,0.00384893980173949,
0.00577340970260925,0.007697879603479),(0.,1.),.UNSPECIFIED.)
GEOMETRIC_REPRESENTATION_ITEM()
RATIONAL_B_SPLINE_SURFACE(((1.,0.707106781186548,1.),(1.,0.707896917414901,
1.),(1.,0.723802750355363,1.),(1.,0.776844617541302,1.),(1.,0.837784475657532,
1.),(1.,0.913439505095734,1.),(1.,0.981538306053957,1.),(1.,0.999999999999181,
1.),(1.,1.,1.)))
REPRESENTATION_ITEM('')
SURFACE()
);
#41=(
BOUNDED_SURFACE()
B_SPLINE_SURFACE(3,2,((#13286,#13287,#13288),(#13289,#13290,#13291),(#13292,
#13293,#13294),(#13295,#13296,#13297),(#13298,#13299,#13300),(#13301,#13302,
#13303),(#13304,#13305,#13306),(#13307,#13308,#13309),(#13310,#13311,#13312)),
 .UNSPECIFIED.,.F.,.F.,.F.)
B_SPLINE_SURFACE_WITH_KNOTS((4,1,1,1,1,1,4),(3,3),(-7.87130777224476E-17,
0.000962234950434811,0.0019244699008697,0.00288670485130459,0.00384893980173948,
0.00577340970260926,0.00769787960347904),(0.,1.),.UNSPECIFIED.)
GEOMETRIC_REPRESENTATION_ITEM()
RATIONAL_B_SPLINE_SURFACE(((1.,0.707106781186547,1.),(1.,0.70789691741481,
1.),(1.,0.723802750355404,1.),(1.,0.776844617541287,1.),(1.,0.837784475657533,
1.),(1.,0.913439505095732,1.),(1.,0.981538306053957,1.),(1.,0.999999999999181,
1.),(1.,1.,1.)))
REPRESENTATION_ITEM('')
SURFACE()
);
#42=(
BOUNDED_SURFACE()
B_SPLINE_SURFACE(3,2,((#13316,#13317,#13318),(#13319,#13320,#13321),(#13322,
#13323,#13324),(#13325,#13326,#13327),(#13328,#13329,#13330),(#13331,#13332,
#13333),(#13334,#13335,#13336),(#13337,#13338,#13339),(#13340,#13341,#13342)),
 .UNSPECIFIED.,.F.,.F.,.F.)
B_SPLINE_SURFACE_WITH_KNOTS((4,1,1,1,1,1,4),(3,3),(-1.47451495458029E-17,
0.000940523387962784,0.00188104677592558,0.00282157016388838,0.00376209355185118,
0.00564314032777678,0.00752418710370237),(0.,1.),.UNSPECIFIED.)
GEOMETRIC_REPRESENTATION_ITEM()
RATIONAL_B_SPLINE_SURFACE(((1.,0.707106781186548,1.),(1.,0.706323900344182,
1.),(1.,0.718564372874255,1.),(1.,0.768654240502798,1.),(1.,0.829871463071527,
1.),(1.,0.908028299911146,1.),(1.,0.980151926575017,1.),(1.,0.999999999999095,
1.),(1.,1.,1.)))
REPRESENTATION_ITEM('')
SURFACE()
);
#43=(
BOUNDED_SURFACE()
B_SPLINE_SURFACE(3,2,((#13343,#13344,#13345),(#13346,#13347,#13348),(#13349,
#13350,#13351),(#13352,#13353,#13354),(#13355,#13356,#13357),(#13358,#13359,
#13360),(#13361,#13362,#13363),(#13364,#13365,#13366),(#13367,#13368,#13369)),
 .UNSPECIFIED.,.F.,.F.,.F.)
B_SPLINE_SURFACE_WITH_KNOTS((4,1,1,1,1,1,4),(3,3),(-4.25007251614318E-17,
0.000962234950434838,0.00192446990086972,0.0028867048513046,0.00384893980173948,
0.00577340970260924,0.007697879603479),(0.,1.),.UNSPECIFIED.)
GEOMETRIC_REPRESENTATION_ITEM()
RATIONAL_B_SPLINE_SURFACE(((1.,0.707106781186548,1.),(1.,0.707896917414828,
1.),(1.,0.723802750355396,1.),(1.,0.776844617541292,1.),(1.,0.837784475657534,
1.),(1.,0.913439505095734,1.),(1.,0.981538306053957,1.),(1.,0.999999999999181,
1.),(1.,1.,1.)))
REPRESENTATION_ITEM('')
SURFACE()
);
#44=(
BOUNDED_SURFACE()
B_SPLINE_SURFACE(3,2,((#13373,#13374,#13375),(#13376,#13377,#13378),(#13379,
#13380,#13381),(#13382,#13383,#13384),(#13385,#13386,#13387),(#13388,#13389,
#13390),(#13391,#13392,#13393),(#13394,#13395,#13396),(#13397,#13398,#13399)),
 .UNSPECIFIED.,.F.,.F.,.F.)
B_SPLINE_SURFACE_WITH_KNOTS((4,1,1,1,1,1,4),(3,3),(2.68882138776405E-17,
0.000940523387962814,0.0018810467759256,0.00282157016388839,0.00376209355185117,
0.00564314032777675,0.00752418710370232),(0.,1.),.UNSPECIFIED.)
GEOMETRIC_REPRESENTATION_ITEM()
RATIONAL_B_SPLINE_SURFACE(((1.,0.707106781186548,1.),(1.,0.70632390034404,
1.),(1.,0.718564372874324,1.),(1.,0.768654240502782,1.),(1.,0.829871463071535,
1.),(1.,0.908028299911145,1.),(1.,0.980151926575019,1.),(1.,0.999999999999095,
1.),(1.,1.,1.)))
REPRESENTATION_ITEM('')
SURFACE()
);
#45=B_SPLINE_SURFACE_WITH_KNOTS('',3,1,((#11693,#11694),(#11695,#11696),
(#11697,#11698),(#11699,#11700)),.SURF_OF_LINEAR_EXTRUSION.,.F.,.F.,.F.,
(4,4),(2,2),(-7.74133892470552E-18,0.724615953888892),(0.,1.),
 .PIECEWISE_BEZIER_KNOTS.);
#46=B_SPLINE_SURFACE_WITH_KNOTS('',3,1,((#11735,#11736),(#11737,#11738),
(#11739,#11740),(#11741,#11742)),.SURF_OF_LINEAR_EXTRUSION.,.F.,.F.,.F.,
(4,4),(2,2),(-2.30868852551858E-16,0.724615953886428),(0.,1.),
 .PIECEWISE_BEZIER_KNOTS.);
#47=B_SPLINE_SURFACE_WITH_KNOTS('',3,1,((#11795,#11796),(#11797,#11798),
(#11799,#11800),(#11801,#11802)),.SURF_OF_LINEAR_EXTRUSION.,.F.,.F.,.F.,
(4,4),(2,2),(-2.67141508207583E-17,0.72287638907001),(0.,1.),
 .PIECEWISE_BEZIER_KNOTS.);
#48=B_SPLINE_SURFACE_WITH_KNOTS('',3,1,((#11839,#11840),(#11841,#11842),
(#11843,#11844),(#11845,#11846)),.SURF_OF_LINEAR_EXTRUSION.,.F.,.F.,.F.,
(4,4),(2,2),(-4.07404864796749E-17,0.72287638907059),(0.,1.),
 .PIECEWISE_BEZIER_KNOTS.);
#49=B_SPLINE_SURFACE_WITH_KNOTS('',3,1,((#12357,#12358),(#12359,#12360),
(#12361,#12362),(#12363,#12364)),.SURF_OF_LINEAR_EXTRUSION.,.F.,.F.,.F.,
(4,4),(2,2),(-3.48670460710622E-17,0.709583969927755),(0.,1.),
 .PIECEWISE_BEZIER_KNOTS.);
#50=B_SPLINE_SURFACE_WITH_KNOTS('',3,1,((#12399,#12400),(#12401,#12402),
(#12403,#12404),(#12405,#12406)),.SURF_OF_LINEAR_EXTRUSION.,.F.,.F.,.F.,
(4,4),(2,2),(-1.18700342421129E-16,0.709583969925852),(0.,1.),
 .PIECEWISE_BEZIER_KNOTS.);
#51=B_SPLINE_SURFACE_WITH_KNOTS('',3,1,((#12459,#12460),(#12461,#12462),
(#12463,#12464),(#12465,#12466)),.SURF_OF_LINEAR_EXTRUSION.,.F.,.F.,.F.,
(4,4),(2,2),(4.73199175895393E-17,0.692387148180703),(0.,1.),
 .PIECEWISE_BEZIER_KNOTS.);
#52=B_SPLINE_SURFACE_WITH_KNOTS('',3,1,((#12494,#12495),(#12496,#12497),
(#12498,#12499),(#12500,#12501)),.SURF_OF_LINEAR_EXTRUSION.,.F.,.F.,.F.,
(4,4),(2,2),(-2.38562616401422E-17,0.692387148180515),(0.,1.),
 .PIECEWISE_BEZIER_KNOTS.);
#53=CONICAL_SURFACE('',#6071,0.071,0.785398163397448);
#54=CONICAL_SURFACE('',#6073,0.071,0.785398163397448);
#55=CONICAL_SURFACE('',#6075,0.071,0.785398163397448);
#56=CONICAL_SURFACE('',#6077,0.071,0.785398163397448);
#57=CONICAL_SURFACE('',#6079,0.071,0.785398163397448);
#58=CONICAL_SURFACE('',#6081,0.071,0.785398163397448);
#59=CONICAL_SURFACE('',#6083,0.071,0.785398163397448);
#60=CONICAL_SURFACE('',#6085,0.071,0.785398163397448);
#61=CONICAL_SURFACE('',#6087,0.071,0.785398163397448);
#62=CONICAL_SURFACE('',#6089,0.071,0.785398163397448);
#63=CONICAL_SURFACE('',#6091,0.071,0.785398163397448);
#64=CONICAL_SURFACE('',#6217,0.071,0.785398163397448);
#65=CONICAL_SURFACE('',#6218,0.075,0.785398163397449);
#66=CONICAL_SURFACE('',#6369,0.01,0.785398163397448);
#67=CONICAL_SURFACE('',#6371,0.01,0.785398163397448);
#68=CONICAL_SURFACE('',#6372,0.01,0.785398163397448);
#69=CONICAL_SURFACE('',#6373,0.01,0.785398163397448);
#70=CONICAL_SURFACE('',#6374,0.009,0.785398163397448);
#71=CONICAL_SURFACE('',#6376,0.009,0.785398163397448);
#72=CONICAL_SURFACE('',#6377,0.01,0.785398163397449);
#73=CONICAL_SURFACE('',#6379,0.01,0.785398163397449);
#74=CONICAL_SURFACE('',#6380,0.009,0.785398163397449);
#75=CONICAL_SURFACE('',#6382,0.009,0.785398163397449);
#76=CONICAL_SURFACE('',#6383,0.01,0.785398163397448);
#77=CONICAL_SURFACE('',#6385,0.01,0.785398163397448);
#78=CONICAL_SURFACE('',#6413,0.01,0.785398163397448);
#79=CONICAL_SURFACE('',#6414,0.01,0.785398163397448);
#80=CONICAL_SURFACE('',#6415,0.009,0.785398163397448);
#81=CONICAL_SURFACE('',#6416,0.01,0.785398163397449);
#82=CONICAL_SURFACE('',#6417,0.009,0.785398163397449);
#83=CONICAL_SURFACE('',#6418,0.01,0.785398163397448);
#84=CONICAL_SURFACE('',#6638,0.03,0.78539816339745);
#85=CONICAL_SURFACE('',#6639,0.031,0.785398163397453);
#86=CONICAL_SURFACE('',#6640,0.0505,0.785398163397446);
#87=CONICAL_SURFACE('',#6641,0.0299999999999996,0.785398163397448);
#88=CONICAL_SURFACE('',#6642,0.031,0.785398163397448);
#89=CONICAL_SURFACE('',#6643,0.0525,0.785398163397448);
#90=CONICAL_SURFACE('',#6644,0.03,0.785398163397446);
#91=CONICAL_SURFACE('',#6645,0.03,0.785398163397445);
#92=CONICAL_SURFACE('',#6646,0.0505000000000008,0.785398163397446);
#93=CONICAL_SURFACE('',#6647,0.03,0.78539816339745);
#94=CONICAL_SURFACE('',#6648,0.03,0.78539816339745);
#95=CONICAL_SURFACE('',#6649,0.0525,0.785398163397448);
#96=CONICAL_SURFACE('',#6650,0.0309999999999996,0.785398163397446);
#97=CONICAL_SURFACE('',#6651,0.03,0.785398163397448);
#98=CONICAL_SURFACE('',#6652,0.0525,0.785398163397446);
#99=CONICAL_SURFACE('',#6653,0.031,0.78539816339745);
#100=CONICAL_SURFACE('',#6654,0.03,0.785398163397452);
#101=CONICAL_SURFACE('',#6655,0.0504999999999994,0.78539816339745);
#102=CONICAL_SURFACE('',#6656,0.0309999999999996,0.78539816339745);
#103=CONICAL_SURFACE('',#6657,0.031,0.78539816339745);
#104=CONICAL_SURFACE('',#6658,0.0525000000000013,0.785398163397445);
#105=CONICAL_SURFACE('',#6659,0.031,0.785398163397445);
#106=CONICAL_SURFACE('',#6660,0.031,0.785398163397445);
#107=CONICAL_SURFACE('',#6661,0.0505,0.785398163397441);
#108=CONICAL_SURFACE('',#6662,0.03,0.785398163397446);
#109=CONICAL_SURFACE('',#6663,0.031,0.785398163397446);
#110=CONICAL_SURFACE('',#6664,0.0505000000000009,0.785398163397448);
#111=CONICAL_SURFACE('',#6665,0.03,0.785398163397446);
#112=CONICAL_SURFACE('',#6666,0.031,0.785398163397446);
#113=CONICAL_SURFACE('',#6667,0.0525,0.785398163397446);
#114=CONICAL_SURFACE('',#6668,0.031,0.785398163397448);
#115=CONICAL_SURFACE('',#6669,0.03,0.785398163397448);
#116=CONICAL_SURFACE('',#6670,0.0525,0.785398163397445);
#117=CONICAL_SURFACE('',#6671,0.031,0.78539816339745);
#118=CONICAL_SURFACE('',#6672,0.03,0.785398163397452);
#119=CONICAL_SURFACE('',#6673,0.0504999999999994,0.785398163397446);
#120=CONICAL_SURFACE('',#6674,0.0525,0.785398163397448);
#121=CONICAL_SURFACE('',#6675,0.035,0.785398163397452);
#122=CONICAL_SURFACE('',#6676,0.034,0.785398163397452);
#123=CONICAL_SURFACE('',#6677,0.03,0.78539816339745);
#124=CONICAL_SURFACE('',#6678,0.03,0.785398163397452);
#125=CONICAL_SURFACE('',#6679,0.0340000000000004,0.785398163397448);
#126=CONICAL_SURFACE('',#6680,0.034,0.785398163397448);
#127=CONICAL_SURFACE('',#6681,0.035,0.785398163397448);
#128=CONICAL_SURFACE('',#6682,0.0340000000000008,0.785398163397448);
#129=CONICAL_SURFACE('',#6683,0.031,0.78539816339745);
#130=CONICAL_SURFACE('',#6684,0.03,0.785398163397445);
#131=CONICAL_SURFACE('',#6685,0.034,0.785398163397448);
#132=CONICAL_SURFACE('',#6686,0.034,0.785398163397448);
#133=CONICAL_SURFACE('',#6687,0.0525,0.785398163397448);
#134=CONICAL_SURFACE('',#6688,0.0525,0.785398163397448);
#135=CONICAL_SURFACE('',#6689,0.035,0.785398163397448);
#136=CONICAL_SURFACE('',#6690,0.035,0.785398163397448);
#137=CONICAL_SURFACE('',#6691,0.031,0.78539816339745);
#138=CONICAL_SURFACE('',#6692,0.03,0.78539816339745);
#139=CONICAL_SURFACE('',#6693,0.035,0.785398163397448);
#140=CONICAL_SURFACE('',#6694,0.0340000000000003,0.785398163397452);
#141=CONICAL_SURFACE('',#6695,0.035,0.785398163397448);
#142=CONICAL_SURFACE('',#6696,0.035,0.785398163397448);
#143=CONICAL_SURFACE('',#6697,0.031,0.785398163397448);
#144=CONICAL_SURFACE('',#6698,0.031,0.78539816339745);
#145=CONICAL_SURFACE('',#6699,0.035,0.785398163397448);
#146=CONICAL_SURFACE('',#6700,0.034,0.785398163397448);
#147=CONICAL_SURFACE('',#6701,0.0525,0.785398163397445);
#148=CONICAL_SURFACE('',#6702,0.0525,0.785398163397448);
#149=CONICAL_SURFACE('',#6703,0.034,0.785398163397448);
#150=CONICAL_SURFACE('',#6704,0.034,0.785398163397448);
#151=CONICAL_SURFACE('',#6705,0.031,0.785398163397446);
#152=CONICAL_SURFACE('',#6706,0.031,0.785398163397448);
#153=CONICAL_SURFACE('',#6707,0.0350000000000006,0.785398163397448);
#154=CONICAL_SURFACE('',#6708,0.035,0.785398163397448);
#155=CONICAL_SURFACE('',#6709,0.0340000000000007,0.785398163397448);
#156=CONICAL_SURFACE('',#6710,0.0340000000000005,0.785398163397448);
#157=CONICAL_SURFACE('',#6711,0.03,0.785398163397452);
#158=CONICAL_SURFACE('',#6712,0.03,0.78539816339745);
#159=CONICAL_SURFACE('',#6713,0.035,0.785398163397452);
#160=CONICAL_SURFACE('',#6714,0.035,0.785398163397448);
#161=CONICAL_SURFACE('',#6715,0.0525,0.785398163397448);
#162=CONICAL_SURFACE('',#6716,0.0505,0.785398163397442);
#163=CONICAL_SURFACE('',#6717,0.035,0.785398163397442);
#164=CONICAL_SURFACE('',#6718,0.034,0.785398163397442);
#165=CONICAL_SURFACE('',#6719,0.034,0.785398163397442);
#166=CONICAL_SURFACE('',#6720,0.034,0.785398163397442);
#167=CONICAL_SURFACE('',#6721,0.0505,0.785398163397442);
#168=CONICAL_SURFACE('',#6722,0.0505,0.785398163397442);
#169=CONICAL_SURFACE('',#6723,0.035,0.785398163397442);
#170=CONICAL_SURFACE('',#6724,0.035,0.785398163397442);
#171=CONICAL_SURFACE('',#6725,0.035,0.785398163397442);
#172=CONICAL_SURFACE('',#6726,0.034,0.785398163397442);
#173=CONICAL_SURFACE('',#6727,0.0505,0.785398163397442);
#174=CONICAL_SURFACE('',#6728,0.0505,0.785398163397442);
#175=CONICAL_SURFACE('',#6729,0.034,0.785398163397442);
#176=CONICAL_SURFACE('',#6730,0.034,0.785398163397442);
#177=CONICAL_SURFACE('',#6731,0.035,0.785398163397442);
#178=CONICAL_SURFACE('',#6732,0.035,0.785398163397442);
#179=CONICAL_SURFACE('',#6733,0.0505,0.785398163397442);
#180=CYLINDRICAL_SURFACE('',#6049,0.07);
#181=CYLINDRICAL_SURFACE('',#6051,0.07);
#182=CYLINDRICAL_SURFACE('',#6053,0.07);
#183=CYLINDRICAL_SURFACE('',#6055,0.07);
#184=CYLINDRICAL_SURFACE('',#6057,0.07);
#185=CYLINDRICAL_SURFACE('',#6059,0.07);
#186=CYLINDRICAL_SURFACE('',#6061,0.07);
#187=CYLINDRICAL_SURFACE('',#6065,0.07);
#188=CYLINDRICAL_SURFACE('',#6067,0.07);
#189=CYLINDRICAL_SURFACE('',#6069,0.07);
#190=CYLINDRICAL_SURFACE('',#6093,0.07);
#191=CYLINDRICAL_SURFACE('',#6095,0.075);
#192=CYLINDRICAL_SURFACE('',#6333,0.01);
#193=CYLINDRICAL_SURFACE('',#6336,0.01);
#194=CYLINDRICAL_SURFACE('',#6339,0.01);
#195=CYLINDRICAL_SURFACE('',#6342,0.01);
#196=CYLINDRICAL_SURFACE('',#6345,0.01);
#197=CYLINDRICAL_SURFACE('',#6348,0.01);
#198=CYLINDRICAL_SURFACE('',#6351,0.01);
#199=CYLINDRICAL_SURFACE('',#6354,0.01);
#200=CYLINDRICAL_SURFACE('',#6357,0.01);
#201=CYLINDRICAL_SURFACE('',#6360,0.01);
#202=CYLINDRICAL_SURFACE('',#6363,0.01);
#203=CYLINDRICAL_SURFACE('',#6366,0.01);
#204=CYLINDRICAL_SURFACE('',#6386,0.01);
#205=CYLINDRICAL_SURFACE('',#6388,0.01);
#206=CYLINDRICAL_SURFACE('',#6390,0.01);
#207=CYLINDRICAL_SURFACE('',#6392,0.01);
#208=CYLINDRICAL_SURFACE('',#6394,0.01);
#209=CYLINDRICAL_SURFACE('',#6397,0.01);
#210=CYLINDRICAL_SURFACE('',#6419,0.01);
#211=CYLINDRICAL_SURFACE('',#6753,0.002);
#212=CYLINDRICAL_SURFACE('',#6754,0.002);
#213=CYLINDRICAL_SURFACE('',#6755,0.002);
#214=CYLINDRICAL_SURFACE('',#6756,0.002);
#215=CYLINDRICAL_SURFACE('',#6757,0.002);
#216=CYLINDRICAL_SURFACE('',#6758,0.002);
#217=CYLINDRICAL_SURFACE('',#6759,0.002);
#218=CYLINDRICAL_SURFACE('',#6760,0.002);
#219=CYLINDRICAL_SURFACE('',#6765,0.002);
#220=CYLINDRICAL_SURFACE('',#6766,0.002);
#221=CYLINDRICAL_SURFACE('',#6767,0.002);
#222=CYLINDRICAL_SURFACE('',#6768,0.002);
#223=CYLINDRICAL_SURFACE('',#6769,0.002);
#224=CYLINDRICAL_SURFACE('',#6770,0.002);
#225=CYLINDRICAL_SURFACE('',#6771,0.002);
#226=CYLINDRICAL_SURFACE('',#6772,0.002);
#227=CYLINDRICAL_SURFACE('',#6775,0.002);
#228=CYLINDRICAL_SURFACE('',#6778,0.002);
#229=CYLINDRICAL_SURFACE('',#6781,0.002);
#230=CYLINDRICAL_SURFACE('',#6784,0.002);
#231=CYLINDRICAL_SURFACE('',#6787,0.002);
#232=CYLINDRICAL_SURFACE('',#6790,0.002);
#233=CYLINDRICAL_SURFACE('',#6793,0.002);
#234=CYLINDRICAL_SURFACE('',#6796,0.002);
#235=CYLINDRICAL_SURFACE('',#6800,0.007);
#236=B_SPLINE_CURVE_WITH_KNOTS('',3,(#8486,#8487,#8488,#8489,#8490,#8491,
#8492,#8493),.UNSPECIFIED.,.F.,.F.,(4,1,1,1,1,4),(0.,0.000664893420929759,
0.00132978684185952,0.00265957368371903,0.00398936052557855,0.00531914736743807),
 .UNSPECIFIED.);
#237=B_SPLINE_CURVE_WITH_KNOTS('',3,(#8494,#8495,#8496,#8497,#8498,#8499,
#8500,#8501),.UNSPECIFIED.,.F.,.F.,(4,1,1,1,1,4),(0.,0.000664893420929708,
0.00132978684185942,0.00265957368371883,0.00398936052557825,0.00531914736743767),
 .UNSPECIFIED.);
#238=B_SPLINE_CURVE_WITH_KNOTS('',3,(#8506,#8507,#8508,#8509,#8510,#8511,
#8512,#8513),.UNSPECIFIED.,.F.,.F.,(4,1,1,1,1,4),(0.,0.000664893420929723,
0.00132978684185945,0.00265957368371889,0.00398936052557834,0.00531914736743778),
 .UNSPECIFIED.);
#239=B_SPLINE_CURVE_WITH_KNOTS('',3,(#8514,#8515,#8516,#8517,#8518,#8519,
#8520,#8521),.UNSPECIFIED.,.F.,.F.,(4,1,1,1,1,4),(9.80118763926896E-17,
0.000664893420929796,0.00132978684185949,0.00265957368371889,0.00398936052557828,
0.00531914736743768),.UNSPECIFIED.);
#240=B_SPLINE_CURVE_WITH_KNOTS('',3,(#8523,#8524,#8525,#8526,#8527,#8528,
#8529,#8530),.UNSPECIFIED.,.F.,.F.,(4,1,1,1,1,4),(1.48994469275208E-16,
0.000653897168497573,0.001307794336995,0.00261558867398984,0.00392338301098469,
0.00523117734797954),.UNSPECIFIED.);
#241=B_SPLINE_CURVE_WITH_KNOTS('',3,(#8542,#8543,#8544,#8545,#8546,#8547,
#8548,#8549),.UNSPECIFIED.,.F.,.F.,(4,1,1,1,1,4),(0.,0.000653897168497434,
0.00130779433699487,0.00261558867398974,0.0039233830109846,0.00523117734797947),
 .UNSPECIFIED.);
#242=B_SPLINE_CURVE_WITH_KNOTS('',3,(#8551,#8552,#8553,#8554,#8555,#8556,
#8557,#8558),.UNSPECIFIED.,.F.,.F.,(4,1,1,1,1,4),(0.,0.000653897168497443,
0.00130779433699489,0.00261558867398977,0.00392338301098466,0.00523117734797954),
 .UNSPECIFIED.);
#243=B_SPLINE_CURVE_WITH_KNOTS('',3,(#8562,#8563,#8564,#8565,#8566,#8567,
#8568,#8569),.UNSPECIFIED.,.F.,.F.,(4,1,1,1,1,4),(9.96560514576572E-17,
0.000653897168497518,0.00130779433699494,0.00261558867398977,0.00392338301098461,
0.00523117734797945),.UNSPECIFIED.);
#244=B_SPLINE_CURVE_WITH_KNOTS('',3,(#8589,#8590,#8591,#8592,#8593,#8594,
#8595,#8596),.UNSPECIFIED.,.F.,.F.,(4,1,1,1,1,4),(0.,0.000664893420929759,
0.00132978684185952,0.00265957368371903,0.00398936052557855,0.00531914736743807),
 .UNSPECIFIED.);
#245=B_SPLINE_CURVE_WITH_KNOTS('',3,(#8600,#8601,#8602,#8603,#8604,#8605,
#8606,#8607),.UNSPECIFIED.,.F.,.F.,(4,1,1,1,1,4),(0.,0.000664893420929738,
0.00132978684185948,0.00265957368371895,0.00398936052557843,0.00531914736743791),
 .UNSPECIFIED.);
#246=B_SPLINE_CURVE_WITH_KNOTS('',3,(#8612,#8613,#8614,#8615,#8616,#8617,
#8618,#8619),.UNSPECIFIED.,.F.,.F.,(4,1,1,1,1,4),(7.67963473884E-16,0.000653897168498154,
0.00130779433699554,0.00261558867399031,0.00392338301098508,0.00523117734797986),
 .UNSPECIFIED.);
#247=B_SPLINE_CURVE_WITH_KNOTS('',3,(#8620,#8621,#8622,#8623,#8624,#8625,
#8626,#8627),.UNSPECIFIED.,.F.,.F.,(4,1,1,1,1,4),(9.83222535398904E-17,
0.000653897168497522,0.00130779433699495,0.00261558867398979,0.00392338301098464,
0.00523117734797949),.UNSPECIFIED.);
#248=B_SPLINE_CURVE_WITH_KNOTS('',3,(#8669,#8670,#8671,#8672,#8673,#8674,
#8675),.UNSPECIFIED.,.F.,.F.,(4,1,1,1,4),(1.96951765724076E-7,0.00116329693506659,
0.00232639691836745,0.00348949690166831,0.00465259688496917),
 .UNSPECIFIED.);
#249=B_SPLINE_CURVE_WITH_KNOTS('',3,(#8679,#8680,#8681,#8682,#8683,#8684,
#8685),.UNSPECIFIED.,.F.,.F.,(4,1,1,1,4),(0.00103538836210378,0.00218310733280164,
0.0033308263034995,0.00447854527419736,0.00562626424489521),
 .UNSPECIFIED.);
#250=B_SPLINE_CURVE_WITH_KNOTS('',3,(#8687,#8688,#8689,#8690,#8691,#8692,
#8693),.UNSPECIFIED.,.F.,.F.,(4,1,1,1,4),(0.00123060069137012,0.00237778167417269,
0.00352496265697525,0.00467214363977782,0.00581932462258038),
 .UNSPECIFIED.);
#251=B_SPLINE_CURVE_WITH_KNOTS('',3,(#8695,#8696,#8697,#8698,#8699,#8700,
#8701),.UNSPECIFIED.,.F.,.F.,(4,1,1,1,4),(1.96951765084778E-7,0.00116329040363495,
0.00232638385550482,0.00348947730737469,0.00465257075924455),
 .UNSPECIFIED.);
#252=B_SPLINE_CURVE_WITH_KNOTS('',3,(#8705,#8706,#8707,#8708,#8709,#8710,
#8711,#8712),.UNSPECIFIED.,.F.,.F.,(4,1,1,1,1,4),(0.00478282148493426,0.00605959685778874,
0.00733637223064322,0.00861314760349769,0.00925153528992493,0.00988992297635217),
 .UNSPECIFIED.);
#253=B_SPLINE_CURVE_WITH_KNOTS('',3,(#8714,#8715,#8716,#8717,#8718,#8719,
#8720,#8721),.UNSPECIFIED.,.F.,.F.,(4,1,1,1,1,4),(1.96787985817626E-7,0.0006392353354452,
0.00127827388290458,0.00255635097782335,0.00383442807274211,0.00511250516766087),
 .UNSPECIFIED.);
#254=B_SPLINE_CURVE_WITH_KNOTS('',3,(#8725,#8726,#8727,#8728,#8729,#8730,
#8731),.UNSPECIFIED.,.F.,.F.,(4,1,1,1,4),(1.96951765106682E-7,0.00116330176638459,
0.00232640658100407,0.00348951139562355,0.00465261621024304),
 .UNSPECIFIED.);
#255=B_SPLINE_CURVE_WITH_KNOTS('',3,(#8735,#8736,#8737,#8738,#8739,#8740,
#8741),.UNSPECIFIED.,.F.,.F.,(4,1,1,1,4),(0.000771636824709,0.00192389599546733,
0.00307615516622566,0.004228414336984,0.00538067350774233),
 .UNSPECIFIED.);
#256=B_SPLINE_CURVE_WITH_KNOTS('',3,(#8743,#8744,#8745,#8746,#8747,#8748,
#8749),.UNSPECIFIED.,.F.,.F.,(4,1,1,1,4),(0.000771636824709049,0.00192389599546738,
0.00307615516622571,0.00422841433698404,0.00538067350774238),
 .UNSPECIFIED.);
#257=B_SPLINE_CURVE_WITH_KNOTS('',3,(#8751,#8752,#8753,#8754,#8755,#8756,
#8757),.UNSPECIFIED.,.F.,.F.,(4,1,1,1,4),(1.96951765100916E-7,0.00116330176638458,
0.00232640658100407,0.00348951139562355,0.00465261621024303),
 .UNSPECIFIED.);
#258=B_SPLINE_CURVE_WITH_KNOTS('',3,(#8761,#8762,#8763,#8764,#8765,#8766,
#8767,#8768),.UNSPECIFIED.,.F.,.F.,(4,1,1,1,1,4),(0.00478282148493417,0.00605959685778857,
0.00733637223064297,0.00861314760349737,0.00925153528992457,0.00988992297635177),
 .UNSPECIFIED.);
#259=B_SPLINE_CURVE_WITH_KNOTS('',3,(#8770,#8771,#8772,#8773,#8774,#8775,
#8776,#8777),.UNSPECIFIED.,.F.,.F.,(4,1,1,1,1,4),(1.96787985816068E-7,0.000639235335445163,
0.00127827388290451,0.0025563509778232,0.0038344280727419,0.00511250516766059),
 .UNSPECIFIED.);
#260=B_SPLINE_CURVE_WITH_KNOTS('',3,(#8788,#8789,#8790,#8791,#8792,#8793,
#8794,#8795,#8796,#8797,#8798,#8799,#8800,#8801),.UNSPECIFIED.,.F.,.F.,
(4,1,1,1,1,1,1,1,1,1,1,4),(0.,0.0087177951780716,0.0174355903561432,0.0261533855342148,
0.0348711807122864,0.043588975890358,0.0479478734793938,0.0523067710684296,
0.0566656686574654,0.0610245662465012,0.065383463835537,0.0697423614245728),
 .UNSPECIFIED.);
#261=B_SPLINE_CURVE_WITH_KNOTS('',3,(#8803,#8804,#8805,#8806,#8807,#8808,
#8809,#8810,#8811,#8812,#8813,#8814,#8815,#8816),.UNSPECIFIED.,.F.,.F.,
(4,1,1,1,1,1,1,1,1,1,1,4),(0.,0.00445128925905974,0.00890257851811948,0.0133538677771792,
0.017805157036239,0.0222564462952987,0.0267077355543584,0.0356103140724779,
0.0445128925905974,0.0534154711087169,0.0623180496268363,0.0712206281449558),
 .UNSPECIFIED.);
#262=B_SPLINE_CURVE_WITH_KNOTS('',3,(#8821,#8822,#8823,#8824,#8825,#8826,
#8827,#8828,#8829,#8830,#8831,#8832,#8833),.UNSPECIFIED.,.F.,.F.,(4,1,1,
1,1,1,1,1,1,1,4),(0.,0.0129259218134009,0.0193888827201013,0.0258518436268017,
0.0290833240801519,0.0323148045335021,0.0355462849868523,0.0387777654402025,
0.0420092458935528,0.045240726346903,0.0517036872536034),.UNSPECIFIED.);
#263=B_SPLINE_CURVE_WITH_KNOTS('',3,(#8835,#8836,#8837,#8838,#8839,#8840,
#8841,#8842,#8843,#8844,#8845,#8846,#8847),.UNSPECIFIED.,.F.,.F.,(4,1,1,
1,1,1,1,1,1,1,4),(0.,0.00654310747567754,0.00981466121351631,0.0130862149513551,
0.0163577686891938,0.0196293224270326,0.0229008761648714,0.0261724299027102,
0.0327155373783877,0.0392586448540652,0.0523448598054203),.UNSPECIFIED.);
#264=B_SPLINE_CURVE_WITH_KNOTS('',3,(#8850,#8851,#8852,#8853,#8854,#8855,
#8856,#8857,#8858,#8859),.UNSPECIFIED.,.F.,.F.,(4,1,1,1,1,1,1,4),(0.,0.0113706155127734,
0.01705592326916,0.0227412310255467,0.0284265387819334,0.03411184653832,
0.0397971542947067,0.0454824620510934),.UNSPECIFIED.);
#265=B_SPLINE_CURVE_WITH_KNOTS('',3,(#8861,#8862,#8863,#8864,#8865,#8866,
#8867,#8868,#8869,#8870),.UNSPECIFIED.,.F.,.F.,(4,1,1,1,1,1,1,4),(0.,0.00581902286915666,
0.0116380457383133,0.01745706860747,0.0232760914766267,0.0290951143457833,
0.03491413721494,0.0465521829532533),.UNSPECIFIED.);
#266=B_SPLINE_CURVE_WITH_KNOTS('',3,(#8873,#8874,#8875,#8876,#8877,#8878,
#8879,#8880),.UNSPECIFIED.,.F.,.F.,(4,1,1,1,1,4),(1.96787985820549E-7,0.000639235335445184,
0.00127827388290455,0.00255635097782327,0.003834428072742,0.00511250516766073),
 .UNSPECIFIED.);
#267=B_SPLINE_CURVE_WITH_KNOTS('',3,(#8884,#8885,#8886,#8887,#8888,#8889,
#8890,#8891),.UNSPECIFIED.,.F.,.F.,(4,1,1,1,1,4),(0.00478282148493417,0.00605959685778856,
0.00733637223064296,0.00861314760349736,0.00925153528992456,0.00988992297635176),
 .UNSPECIFIED.);
#268=B_SPLINE_CURVE_WITH_KNOTS('',3,(#8894,#8895,#8896,#8897,#8898,#8899,
#8900,#8901,#8902,#8903,#8904,#8905,#8906,#8907,#8908),.UNSPECIFIED.,.F.,
 .F.,(4,1,1,1,1,1,1,1,1,1,1,1,4),(0.,0.00944962808520549,0.018899256170411,
0.0283488842556165,0.0330736982982192,0.037798512340822,0.0472481404260274,
0.0519729544686302,0.0566977685112329,0.0614225825538357,0.0661473965964384,
0.0708722106390412,0.0755970246816439),.UNSPECIFIED.);
#269=B_SPLINE_CURVE_WITH_KNOTS('',3,(#8910,#8911,#8912,#8913,#8914,#8915,
#8916,#8917,#8918,#8919,#8920,#8921,#8922,#8923,#8924),.UNSPECIFIED.,.F.,
 .F.,(4,1,1,1,1,1,1,1,1,1,1,1,4),(0.,0.00482239465116036,0.00964478930232071,
0.0144671839534811,0.0192895786046414,0.0241119732558018,0.0289343679069621,
0.0385791572092829,0.0434015518604432,0.0482239465116036,0.0578687358139243,
0.067513525116245,0.0771583144185657),.UNSPECIFIED.);
#270=B_SPLINE_CURVE_WITH_KNOTS('',3,(#8927,#8928,#8929,#8930,#8931,#8932,
#8933,#8934),.UNSPECIFIED.,.F.,.F.,(4,1,1,1,1,4),(1.96787985827113E-7,0.000639235335445172,
0.00127827388290452,0.00255635097782321,0.0038344280727419,0.00511250516766059),
 .UNSPECIFIED.);
#271=B_SPLINE_CURVE_WITH_KNOTS('',3,(#8938,#8939,#8940,#8941,#8942,#8943,
#8944,#8945),.UNSPECIFIED.,.F.,.F.,(4,1,1,1,1,4),(0.000844320416011795,
0.00210343158250854,0.00336254274900529,0.00462165391550203,0.00525120949875041,
0.00588076508199878),.UNSPECIFIED.);
#272=B_SPLINE_CURVE_WITH_KNOTS('',3,(#8947,#8948,#8949,#8950,#8951,#8952,
#8953),.UNSPECIFIED.,.F.,.F.,(4,1,1,1,4),(1.96951765104637E-7,0.00116329040363496,
0.00232638385550482,0.00348947730737469,0.00465257075924455),
 .UNSPECIFIED.);
#273=B_SPLINE_CURVE_WITH_KNOTS('',3,(#8957,#8958,#8959,#8960,#8961,#8962,
#8963),.UNSPECIFIED.,.F.,.F.,(4,1,1,1,4),(0.00123060069137027,0.0023777816741728,
0.00352496265697533,0.00467214363977786,0.00581932462258039),
 .UNSPECIFIED.);
#274=B_SPLINE_CURVE_WITH_KNOTS('',3,(#8965,#8966,#8967,#8968,#8969,#8970,
#8971),.UNSPECIFIED.,.F.,.F.,(4,1,1,1,4),(0.00103538836210387,0.00218310733280172,
0.00333082630349956,0.0044785452741974,0.00562626424489524),
 .UNSPECIFIED.);
#275=B_SPLINE_CURVE_WITH_KNOTS('',3,(#8973,#8974,#8975,#8976,#8977,#8978,
#8979),.UNSPECIFIED.,.F.,.F.,(4,1,1,1,4),(1.96951765097991E-7,0.00116329693506608,
0.00232639691836706,0.00348949690166804,0.00465259688496902),
 .UNSPECIFIED.);
#276=B_SPLINE_CURVE_WITH_KNOTS('',3,(#8983,#8984,#8985,#8986,#8987,#8988,
#8989,#8990),.UNSPECIFIED.,.F.,.F.,(4,1,1,1,1,4),(0.000844320416011616,
0.00210343158250836,0.0033625427490051,0.00462165391550185,0.00525120949875022,
0.00588076508199859),.UNSPECIFIED.);
#277=B_SPLINE_CURVE_WITH_KNOTS('',3,(#8992,#8993,#8994,#8995,#8996,#8997,
#8998,#8999),.UNSPECIFIED.,.F.,.F.,(4,1,1,1,1,4),(1.96787985823059E-7,0.000639235335445177,
0.00127827388290453,0.00255635097782324,0.00383442807274194,0.00511250516766065),
 .UNSPECIFIED.);
#278=B_SPLINE_CURVE_WITH_KNOTS('',3,(#9003,#9004,#9005,#9006),
 .UNSPECIFIED.,.F.,.F.,(4,4),(2.86406735542741E-7,0.00143276305329351),
 .UNSPECIFIED.);
#279=B_SPLINE_CURVE_WITH_KNOTS('',3,(#9010,#9011,#9012,#9013),
 .UNSPECIFIED.,.F.,.F.,(4,4),(2.86586140208703E-7,0.00143276323269809),
 .UNSPECIFIED.);
#280=B_SPLINE_CURVE_WITH_KNOTS('',3,(#9015,#9016,#9017,#9018),
 .UNSPECIFIED.,.F.,.F.,(4,4),(7.27474661153054E-7,0.00379229383201638),
 .UNSPECIFIED.);
#281=B_SPLINE_CURVE_WITH_KNOTS('',3,(#9020,#9021,#9022,#9023),
 .UNSPECIFIED.,.F.,.F.,(4,4),(7.92370173074359E-7,0.00379235872753393),
 .UNSPECIFIED.);
#282=B_SPLINE_CURVE_WITH_KNOTS('',3,(#9027,#9028,#9029,#9030),
 .UNSPECIFIED.,.F.,.F.,(4,4),(7.92370173153682E-7,0.00379235872753002),
 .UNSPECIFIED.);
#283=B_SPLINE_CURVE_WITH_KNOTS('',3,(#9034,#9035,#9036,#9037),
 .UNSPECIFIED.,.F.,.F.,(4,4),(7.2747466115471E-7,0.00379229383201639),
 .UNSPECIFIED.);
#284=B_SPLINE_CURVE_WITH_KNOTS('',3,(#9039,#9040,#9041,#9042),
 .UNSPECIFIED.,.F.,.F.,(4,4),(2.8658614023057E-7,0.00143276323269817),
 .UNSPECIFIED.);
#285=B_SPLINE_CURVE_WITH_KNOTS('',3,(#9044,#9045,#9046,#9047),
 .UNSPECIFIED.,.F.,.F.,(4,4),(2.86406735618645E-7,0.00143276305329353),
 .UNSPECIFIED.);
#286=B_SPLINE_CURVE_WITH_KNOTS('',3,(#9051,#9052,#9053,#9054),
 .UNSPECIFIED.,.F.,.F.,(4,4),(2.86406735582431E-7,0.00143276305329347),
 .UNSPECIFIED.);
#287=B_SPLINE_CURVE_WITH_KNOTS('',3,(#9058,#9059,#9060,#9061),
 .UNSPECIFIED.,.F.,.F.,(4,4),(2.86586140215325E-7,0.00143276323269815),
 .UNSPECIFIED.);
#288=B_SPLINE_CURVE_WITH_KNOTS('',3,(#9063,#9064,#9065,#9066),
 .UNSPECIFIED.,.F.,.F.,(4,4),(7.27474661111887E-7,0.00379229383201641),
 .UNSPECIFIED.);
#289=B_SPLINE_CURVE_WITH_KNOTS('',3,(#9068,#9069,#9070,#9071),
 .UNSPECIFIED.,.F.,.F.,(4,4),(7.92370173132582E-7,0.00379235872753387),
 .UNSPECIFIED.);
#290=B_SPLINE_CURVE_WITH_KNOTS('',3,(#9075,#9076,#9077,#9078),
 .UNSPECIFIED.,.F.,.F.,(4,4),(7.92370173102885E-7,0.00379235872753389),
 .UNSPECIFIED.);
#291=B_SPLINE_CURVE_WITH_KNOTS('',3,(#9082,#9083,#9084,#9085),
 .UNSPECIFIED.,.F.,.F.,(4,4),(7.27474661109024E-7,0.00379229383201638),
 .UNSPECIFIED.);
#292=B_SPLINE_CURVE_WITH_KNOTS('',3,(#9087,#9088,#9089,#9090),
 .UNSPECIFIED.,.F.,.F.,(4,4),(2.86586140179737E-7,0.00143276323269815),
 .UNSPECIFIED.);
#293=B_SPLINE_CURVE_WITH_KNOTS('',3,(#9092,#9093,#9094,#9095),
 .UNSPECIFIED.,.F.,.F.,(4,4),(2.86406735581716E-7,0.00143276305329347),
 .UNSPECIFIED.);
#294=B_SPLINE_CURVE_WITH_KNOTS('',3,(#9099,#9100,#9101,#9102),
 .UNSPECIFIED.,.F.,.F.,(4,4),(2.86586140162E-7,0.00143276323269809),
 .UNSPECIFIED.);
#295=B_SPLINE_CURVE_WITH_KNOTS('',3,(#9104,#9105,#9106,#9107),
 .UNSPECIFIED.,.F.,.F.,(4,4),(2.86406735600339E-7,0.00143276305329356),
 .UNSPECIFIED.);
#296=B_SPLINE_CURVE_WITH_KNOTS('',3,(#9111,#9112,#9113,#9114),
 .UNSPECIFIED.,.F.,.F.,(4,4),(7.27474661135191E-7,0.00379229383201639),
 .UNSPECIFIED.);
#297=B_SPLINE_CURVE_WITH_KNOTS('',3,(#9116,#9117,#9118,#9119),
 .UNSPECIFIED.,.F.,.F.,(4,4),(7.92370178642868E-7,0.00379235872753388),
 .UNSPECIFIED.);
#298=B_SPLINE_CURVE_WITH_KNOTS('',3,(#9123,#9124,#9125,#9126),
 .UNSPECIFIED.,.F.,.F.,(4,4),(7.92370178616792E-7,0.00379235872753389),
 .UNSPECIFIED.);
#299=B_SPLINE_CURVE_WITH_KNOTS('',3,(#9130,#9131,#9132,#9133),
 .UNSPECIFIED.,.F.,.F.,(4,4),(7.27474661153054E-7,0.00379229383201638),
 .UNSPECIFIED.);
#300=B_SPLINE_CURVE_WITH_KNOTS('',3,(#9135,#9136,#9137,#9138,#9139,#9140,
#9141,#9142),.UNSPECIFIED.,.F.,.F.,(4,1,1,1,1,4),(1.96787985830001E-7,0.000639235335445213,
0.0012782738829046,0.00255635097782336,0.00383442807274213,0.00511250516766089),
 .UNSPECIFIED.);
#301=B_SPLINE_CURVE_WITH_KNOTS('',3,(#9146,#9147,#9148,#9149,#9150,#9151,
#9152,#9153),.UNSPECIFIED.,.F.,.F.,(4,1,1,1,1,4),(0.00478282148493433,0.00605959685778883,
0.00733637223064332,0.00861314760349781,0.00925153528992506,0.00988992297635231),
 .UNSPECIFIED.);
#302=B_SPLINE_CURVE_WITH_KNOTS('',3,(#9159,#9160,#9161,#9162,#9163,#9164,
#9165,#9166,#9167,#9168),.UNSPECIFIED.,.F.,.F.,(4,1,1,1,1,1,1,4),(0.,0.0116088030601419,
0.0174132045902129,0.0232176061202839,0.0290220076503548,0.0348264091804258,
0.0406308107104967,0.0464352122405677),.UNSPECIFIED.);
#303=B_SPLINE_CURVE_WITH_KNOTS('',3,(#9170,#9171,#9172,#9173,#9174,#9175,
#9176,#9177,#9178,#9179),.UNSPECIFIED.,.F.,.F.,(4,1,1,1,1,1,1,4),(0.,0.00594851167047236,
0.0118970233409447,0.0178455350114171,0.0237940466818895,0.0297425583523618,
0.0356910700228342,0.0475880933637789),.UNSPECIFIED.);
#304=B_SPLINE_CURVE_WITH_KNOTS('',3,(#9184,#9185,#9186,#9187,#9188,#9189,
#9190,#9191,#9192,#9193,#9194,#9195,#9196,#9197),.UNSPECIFIED.,.F.,.F.,
(4,1,1,1,1,1,1,1,1,1,1,4),(0.,0.01321512327268,0.01982268490902,0.02312646572719,
0.0264302465453599,0.0297340273635299,0.0330378081816999,0.0363415889998699,
0.0396453698180399,0.0429491506362099,0.0462529314543799,0.0528604930907199),
 .UNSPECIFIED.);
#305=B_SPLINE_CURVE_WITH_KNOTS('',3,(#9199,#9200,#9201,#9202,#9203,#9204,
#9205,#9206,#9207,#9208,#9209,#9210,#9211,#9212),.UNSPECIFIED.,.F.,.F.,
(4,1,1,1,1,1,1,1,1,1,1,4),(0.,0.00669192069205568,0.0100378810380835,0.0133838413841114,
0.0167298017301392,0.020075762076167,0.0234217224221949,0.0267676827682227,
0.0301136431142505,0.0334596034602784,0.0401515241523341,0.0535353655364454),
 .UNSPECIFIED.);
#306=B_SPLINE_CURVE_WITH_KNOTS('',3,(#9217,#9218,#9219,#9220,#9221,#9222,
#9223,#9224,#9225,#9226,#9227,#9228),.UNSPECIFIED.,.F.,.F.,(4,1,1,1,1,1,
1,1,1,4),(0.,0.0179964709244003,0.0269947063866004,0.0359929418488005,0.0449911773110007,
0.0494902950421007,0.0539894127732008,0.0584885305043009,0.062987648235401,
0.0719858836976011),.UNSPECIFIED.);
#307=B_SPLINE_CURVE_WITH_KNOTS('',3,(#9230,#9231,#9232,#9233,#9234,#9235,
#9236,#9237,#9238,#9239,#9240,#9241,#9242),.UNSPECIFIED.,.F.,.F.,(4,1,1,
1,1,1,1,1,1,1,4),(0.,0.00909082215154985,0.0136362332273248,0.0181816443030997,
0.0227270553788746,0.0272724664546496,0.0363632886061994,0.0454541107577493,
0.0545449329092991,0.063635755060849,0.0727265772123988),.UNSPECIFIED.);
#308=B_SPLINE_CURVE_WITH_KNOTS('',3,(#9250,#9251,#9252,#9253,#9254,#9255,
#9256,#9257,#9258,#9259,#9260,#9261,#9262),.UNSPECIFIED.,.F.,.F.,(4,1,1,
1,1,1,1,1,1,1,4),(0.,0.00974514317652743,0.0194902863530549,0.0292354295295823,
0.0389805727061097,0.0487257158826371,0.0535982874709008,0.0584708590591646,
0.0633434306474283,0.068216002235692,0.0779611454122194),.UNSPECIFIED.);
#309=B_SPLINE_CURVE_WITH_KNOTS('',3,(#9264,#9265,#9266,#9267,#9268,#9269,
#9270,#9271,#9272,#9273,#9274,#9275,#9276),.UNSPECIFIED.,.F.,.F.,(4,1,1,
1,1,1,1,1,1,1,4),(0.,0.00985426643817744,0.0147813996572662,0.0197085328763549,
0.0246356660954436,0.0295627993145323,0.0394170657527097,0.0492713321908872,
0.0591255986290646,0.0689798650672421,0.0788341315054195),.UNSPECIFIED.);
#310=B_SPLINE_CURVE_WITH_KNOTS('',3,(#9502,#9503,#9504,#9505,#9506,#9507,
#9508,#9509),.UNSPECIFIED.,.F.,.F.,(4,1,1,1,1,4),(0.,0.000664893420929733,
0.00132978684185947,0.00265957368371893,0.0039893605255784,0.00531914736743786),
 .UNSPECIFIED.);
#311=B_SPLINE_CURVE_WITH_KNOTS('',3,(#9510,#9511,#9512,#9513,#9514,#9515,
#9516,#9517),.UNSPECIFIED.,.F.,.F.,(4,1,1,1,1,4),(0.,0.000664893420929705,
0.00132978684185941,0.00265957368371882,0.00398936052557823,0.00531914736743764),
 .UNSPECIFIED.);
#312=B_SPLINE_CURVE_WITH_KNOTS('',3,(#9519,#9520,#9521,#9522,#9523,#9524,
#9525,#9526),.UNSPECIFIED.,.F.,.F.,(4,1,1,1,1,4),(2.47210268525039E-16,
0.000653897168497673,0.0013077943369951,0.00261558867398995,0.0039233830109848,
0.00523117734797965),.UNSPECIFIED.);
#313=B_SPLINE_CURVE_WITH_KNOTS('',3,(#9527,#9528,#9529,#9530,#9531,#9532,
#9533,#9534),.UNSPECIFIED.,.F.,.F.,(4,1,1,1,1,4),(6.00885776436751E-16,
0.000653897168498012,0.00130779433699542,0.00261558867399025,0.00392338301098507,
0.00523117734797989),.UNSPECIFIED.);
#314=B_SPLINE_CURVE_WITH_KNOTS('',3,(#9536,#9537,#9538,#9539),
 .UNSPECIFIED.,.F.,.F.,(4,4),(2.86586140209308E-7,0.00143276323269809),
 .UNSPECIFIED.);
#315=B_SPLINE_CURVE_WITH_KNOTS('',3,(#9540,#9541,#9542,#9543),
 .UNSPECIFIED.,.F.,.F.,(4,4),(2.86406735543048E-7,0.00143276305329352),
 .UNSPECIFIED.);
#316=B_SPLINE_CURVE_WITH_KNOTS('',3,(#9758,#9759,#9760,#9761,#9762),
 .UNSPECIFIED.,.F.,.F.,(4,1,4),(0.00322580351885342,0.00479786608181143,
0.00636992864476945),.UNSPECIFIED.);
#317=B_SPLINE_CURVE_WITH_KNOTS('',3,(#9771,#9772,#9773,#9774,#9775),
 .UNSPECIFIED.,.F.,.F.,(4,1,4),(1.97167067540939E-7,0.00157373006427055,
0.00314726296147356),.UNSPECIFIED.);
#318=B_SPLINE_CURVE_WITH_KNOTS('',3,(#9780,#9781,#9782,#9783,#9784),
 .UNSPECIFIED.,.F.,.F.,(4,1,4),(1.97167067540072E-7,0.00157373006427075,
0.00314726296147397),.UNSPECIFIED.);
#319=B_SPLINE_CURVE_WITH_KNOTS('',3,(#9792,#9793,#9794,#9795,#9796),
 .UNSPECIFIED.,.F.,.F.,(4,1,4),(0.00322580351885386,0.00479786608181173,
0.0063699286447696),.UNSPECIFIED.);
#320=B_SPLINE_CURVE_WITH_KNOTS('',3,(#9801,#9802,#9803,#9804,#9805),
 .UNSPECIFIED.,.F.,.F.,(4,1,4),(1.97167067540397E-7,0.00157373006427075,
0.00314726296147397),.UNSPECIFIED.);
#321=B_SPLINE_CURVE_WITH_KNOTS('',3,(#9813,#9814,#9815,#9816,#9817),
 .UNSPECIFIED.,.F.,.F.,(4,1,4),(0.00322580351885386,0.0047978660818117,
0.00636992864476953),.UNSPECIFIED.);
#322=B_SPLINE_CURVE_WITH_KNOTS('',3,(#9824,#9825,#9826,#9827,#9828),
 .UNSPECIFIED.,.F.,.F.,(4,1,4),(0.00322580351885339,0.0047978660818114,
0.00636992864476941),.UNSPECIFIED.);
#323=B_SPLINE_CURVE_WITH_KNOTS('',3,(#9836,#9837,#9838,#9839,#9840),
 .UNSPECIFIED.,.F.,.F.,(4,1,4),(1.97167067544266E-7,0.00157373006427057,
0.0031472629614736),.UNSPECIFIED.);
#324=B_SPLINE_CURVE_WITH_KNOTS('',3,(#9846,#9847,#9848,#9849,#9850),
 .UNSPECIFIED.,.F.,.F.,(4,1,4),(1.96779963831041E-7,0.00165894772330708,
0.00331769866665032),.UNSPECIFIED.);
#325=B_SPLINE_CURVE_WITH_KNOTS('',3,(#9852,#9853,#9854,#9855,#9856),
 .UNSPECIFIED.,.F.,.F.,(4,1,4),(0.00278445079481107,0.00444393113817491,
0.00610341148153876),.UNSPECIFIED.);
#326=B_SPLINE_CURVE_WITH_KNOTS('',3,(#9860,#9861,#9862,#9863,#9864),
 .UNSPECIFIED.,.F.,.F.,(4,1,4),(0.00322580351885344,0.00479786608181149,
0.00636992864476955),.UNSPECIFIED.);
#327=B_SPLINE_CURVE_WITH_KNOTS('',3,(#9871,#9872,#9873,#9874,#9875),
 .UNSPECIFIED.,.F.,.F.,(4,1,4),(0.00322580351885345,0.00479786608181154,
0.00636992864476963),.UNSPECIFIED.);
#328=B_SPLINE_CURVE_WITH_KNOTS('',3,(#9881,#9882,#9883,#9884,#9885),
 .UNSPECIFIED.,.F.,.F.,(4,1,4),(1.97167067542568E-7,0.00157373006427055,
0.00314726296147356),.UNSPECIFIED.);
#329=B_SPLINE_CURVE_WITH_KNOTS('',3,(#9888,#9889,#9890,#9891),
 .UNSPECIFIED.,.F.,.F.,(4,4),(3.02974280736185E-7,0.00151073786973351),
 .UNSPECIFIED.);
#330=B_SPLINE_CURVE_WITH_KNOTS('',3,(#9893,#9894,#9895,#9896),
 .UNSPECIFIED.,.F.,.F.,(4,4),(3.01240021239091E-7,0.00151073613547401),
 .UNSPECIFIED.);
#331=B_SPLINE_CURVE_WITH_KNOTS('',3,(#9900,#9901,#9902,#9903),
 .UNSPECIFIED.,.F.,.F.,(4,4),(3.4978078674886E-7,0.00179681434956208),
 .UNSPECIFIED.);
#332=B_SPLINE_CURVE_WITH_KNOTS('',3,(#9904,#9905,#9906,#9907),
 .UNSPECIFIED.,.F.,.F.,(4,4),(0.,0.00154440475000657),.UNSPECIFIED.);
#333=B_SPLINE_CURVE_WITH_KNOTS('',3,(#9909,#9910,#9911,#9912),
 .UNSPECIFIED.,.F.,.F.,(4,4),(3.02974280732773E-7,0.00151073786973353),
 .UNSPECIFIED.);
#334=B_SPLINE_CURVE_WITH_KNOTS('',3,(#9913,#9914,#9915,#9916),
 .UNSPECIFIED.,.F.,.F.,(4,4),(3.01240021234644E-7,0.00151073613547403),
 .UNSPECIFIED.);
#335=B_SPLINE_CURVE_WITH_KNOTS('',3,(#9918,#9919,#9920,#9921),
 .UNSPECIFIED.,.F.,.F.,(4,4),(3.70344063796998E-7,0.00179683491283952),
 .UNSPECIFIED.);
#336=B_SPLINE_CURVE_WITH_KNOTS('',3,(#9922,#9923,#9924,#9925),
 .UNSPECIFIED.,.F.,.F.,(4,4),(0.,0.00154440475000655),.UNSPECIFIED.);
#337=B_SPLINE_CURVE_WITH_KNOTS('',3,(#9927,#9928,#9929,#9930),
 .UNSPECIFIED.,.F.,.F.,(4,4),(3.02974280734835E-7,0.00151073786973352),
 .UNSPECIFIED.);
#338=B_SPLINE_CURVE_WITH_KNOTS('',3,(#9932,#9933,#9934,#9935),
 .UNSPECIFIED.,.F.,.F.,(4,4),(3.01240021206524E-7,0.00151073613547401),
 .UNSPECIFIED.);
#339=B_SPLINE_CURVE_WITH_KNOTS('',3,(#9939,#9940,#9941,#9942),
 .UNSPECIFIED.,.F.,.F.,(4,4),(3.49780786758102E-7,0.0017968143495621),
 .UNSPECIFIED.);
#340=B_SPLINE_CURVE_WITH_KNOTS('',3,(#9943,#9944,#9945,#9946),
 .UNSPECIFIED.,.F.,.F.,(4,4),(1.32359184162657E-34,0.00154440475000655),
 .UNSPECIFIED.);
#341=B_SPLINE_CURVE_WITH_KNOTS('',3,(#9948,#9949,#9950,#9951),
 .UNSPECIFIED.,.F.,.F.,(4,4),(3.02974281000943E-7,0.00151073786973375),
 .UNSPECIFIED.);
#342=B_SPLINE_CURVE_WITH_KNOTS('',3,(#9953,#9954,#9955,#9956),
 .UNSPECIFIED.,.F.,.F.,(4,4),(3.0124002096859E-7,0.00151073613547373),
 .UNSPECIFIED.);
#343=B_SPLINE_CURVE_WITH_KNOTS('',3,(#9960,#9961,#9962,#9963),
 .UNSPECIFIED.,.F.,.F.,(4,4),(3.7034406423171E-7,0.00179683491283955),
 .UNSPECIFIED.);
#344=B_SPLINE_CURVE_WITH_KNOTS('',3,(#9964,#9965,#9966,#9967),
 .UNSPECIFIED.,.F.,.F.,(4,4),(0.,0.00154440475000655),.UNSPECIFIED.);
#345=B_SPLINE_CURVE_WITH_KNOTS('',3,(#9969,#9970,#9971,#9972),
 .UNSPECIFIED.,.F.,.F.,(4,4),(3.02974281011542E-7,0.00151073786973377),
 .UNSPECIFIED.);
#346=B_SPLINE_CURVE_WITH_KNOTS('',3,(#9974,#9975,#9976,#9977),
 .UNSPECIFIED.,.F.,.F.,(4,4),(3.01240020993749E-7,0.00151073613547374),
 .UNSPECIFIED.);
#347=B_SPLINE_CURVE_WITH_KNOTS('',3,(#9981,#9982,#9983,#9984),
 .UNSPECIFIED.,.F.,.F.,(4,4),(3.49780786751419E-7,0.00179681434956209),
 .UNSPECIFIED.);
#348=B_SPLINE_CURVE_WITH_KNOTS('',3,(#9985,#9986,#9987,#9988),
 .UNSPECIFIED.,.F.,.F.,(4,4),(0.,0.00154440475000655),.UNSPECIFIED.);
#349=B_SPLINE_CURVE_WITH_KNOTS('',3,(#9990,#9991,#9992,#9993),
 .UNSPECIFIED.,.F.,.F.,(4,4),(3.02974280735463E-7,0.00151073786973354),
 .UNSPECIFIED.);
#350=B_SPLINE_CURVE_WITH_KNOTS('',3,(#9995,#9996,#9997,#9998),
 .UNSPECIFIED.,.F.,.F.,(4,4),(3.01240021239091E-7,0.00151073613547401),
 .UNSPECIFIED.);
#351=B_SPLINE_CURVE_WITH_KNOTS('',3,(#10002,#10003,#10004,#10005),
 .UNSPECIFIED.,.F.,.F.,(4,4),(3.70344063781805E-7,0.00179683491283951),
 .UNSPECIFIED.);
#352=B_SPLINE_CURVE_WITH_KNOTS('',3,(#10007,#10008,#10009,#10010,#10011),
 .UNSPECIFIED.,.F.,.F.,(4,1,4),(1.96779963831129E-7,0.00165894772331246,
0.00331769866666108),.UNSPECIFIED.);
#353=B_SPLINE_CURVE_WITH_KNOTS('',3,(#10013,#10014,#10015,#10016,#10017),
 .UNSPECIFIED.,.F.,.F.,(4,1,4),(0.00318358812784721,0.0048422862888437,
0.0065009844498402),.UNSPECIFIED.);
#354=B_SPLINE_CURVE_WITH_KNOTS('',3,(#10019,#10020,#10021,#10022,#10023),
 .UNSPECIFIED.,.F.,.F.,(4,1,4),(0.000267798424773512,0.0019259965988451,
0.00358419477291669),.UNSPECIFIED.);
#355=B_SPLINE_CURVE_WITH_KNOTS('',3,(#10025,#10026,#10027,#10028,#10029),
 .UNSPECIFIED.,.F.,.F.,(4,1,4),(1.96779963702369E-7,0.00165894772331112,
0.00331769866665853),.UNSPECIFIED.);
#356=B_SPLINE_CURVE_WITH_KNOTS('',3,(#10031,#10032,#10033,#10034,#10035),
 .UNSPECIFIED.,.F.,.F.,(4,1,4),(0.00278445079479208,0.00444393113816542,
0.00610341148153876),.UNSPECIFIED.);
#357=B_SPLINE_CURVE_WITH_KNOTS('',3,(#10037,#10038,#10039,#10040,#10041),
 .UNSPECIFIED.,.F.,.F.,(4,1,4),(1.96779963831041E-7,0.00165894772331184,
0.00331769866665984),.UNSPECIFIED.);
#358=B_SPLINE_CURVE_WITH_KNOTS('',3,(#10043,#10044,#10045,#10046,#10047),
 .UNSPECIFIED.,.F.,.F.,(4,1,4),(1.96779963832234E-7,0.00165894772331247,
0.0033176986666611),.UNSPECIFIED.);
#359=B_SPLINE_CURVE_WITH_KNOTS('',3,(#10049,#10050,#10051,#10052,#10053),
 .UNSPECIFIED.,.F.,.F.,(4,1,4),(0.00318358812784718,0.00484228628884365,
0.00650098444984012),.UNSPECIFIED.);
#360=B_SPLINE_CURVE_WITH_KNOTS('',3,(#10057,#10058,#10059,#10060,#10061),
 .UNSPECIFIED.,.F.,.F.,(4,1,4),(1.97167067542107E-7,0.00157373006427055,
0.00314726296147355),.UNSPECIFIED.);
#361=B_SPLINE_CURVE_WITH_KNOTS('',3,(#10064,#10065,#10066,#10067,#10068),
 .UNSPECIFIED.,.F.,.F.,(4,1,4),(1.96779963707276E-7,0.00165894772331243,
0.00331769866666115),.UNSPECIFIED.);
#362=B_SPLINE_CURVE_WITH_KNOTS('',3,(#10070,#10071,#10072,#10073,#10074),
 .UNSPECIFIED.,.F.,.F.,(4,1,4),(0.0002677984247639,0.00192599659884029,
0.00358419477291669),.UNSPECIFIED.);
#363=B_SPLINE_CURVE_WITH_KNOTS('',3,(#10091,#10092,#10093,#10094,#10095),
 .UNSPECIFIED.,.F.,.F.,(4,1,4),(0.,0.00173450230796318,0.00346900461592637),
 .UNSPECIFIED.);
#364=B_SPLINE_CURVE_WITH_KNOTS('',3,(#10096,#10097,#10098,#10099,#10100),
 .UNSPECIFIED.,.F.,.F.,(4,1,4),(0.,0.00173450230796317,0.00346900461592635),
 .UNSPECIFIED.);
#365=B_SPLINE_CURVE_WITH_KNOTS('',3,(#10102,#10103,#10104,#10105,#10106),
 .UNSPECIFIED.,.F.,.F.,(4,1,4),(0.,0.00173450230796316,0.00346900461592631),
 .UNSPECIFIED.);
#366=B_SPLINE_CURVE_WITH_KNOTS('',3,(#10108,#10109,#10110,#10111,#10112),
 .UNSPECIFIED.,.F.,.F.,(4,1,4),(0.,0.00173450230796316,0.00346900461592631),
 .UNSPECIFIED.);
#367=B_SPLINE_CURVE_WITH_KNOTS('',3,(#10114,#10115,#10116,#10117,#10118),
 .UNSPECIFIED.,.F.,.F.,(4,1,4),(0.,0.00173450230796317,0.00346900461592634),
 .UNSPECIFIED.);
#368=B_SPLINE_CURVE_WITH_KNOTS('',3,(#10120,#10121,#10122,#10123,#10124),
 .UNSPECIFIED.,.F.,.F.,(4,1,4),(0.,0.00173450230796317,0.00346900461592634),
 .UNSPECIFIED.);
#369=B_SPLINE_CURVE_WITH_KNOTS('',3,(#10127,#10128,#10129,#10130),
 .UNSPECIFIED.,.F.,.F.,(4,4),(3.7034406423433E-7,0.00179683491283951),
 .UNSPECIFIED.);
#370=B_SPLINE_CURVE_WITH_KNOTS('',3,(#10131,#10132,#10133,#10134),
 .UNSPECIFIED.,.F.,.F.,(4,4),(0.,0.00154440475000655),.UNSPECIFIED.);
#371=B_SPLINE_CURVE_WITH_KNOTS('',3,(#10136,#10137,#10138,#10139),
 .UNSPECIFIED.,.F.,.F.,(4,4),(3.49780786751781E-7,0.00179681434956209),
 .UNSPECIFIED.);
#372=B_SPLINE_CURVE_WITH_KNOTS('',3,(#10141,#10142,#10143,#10144),
 .UNSPECIFIED.,.F.,.F.,(4,4),(3.70344063782957E-7,0.00179683491283953),
 .UNSPECIFIED.);
#373=B_SPLINE_CURVE_WITH_KNOTS('',3,(#10146,#10147,#10148,#10149),
 .UNSPECIFIED.,.F.,.F.,(4,4),(3.49780786758102E-7,0.0017968143495621),
 .UNSPECIFIED.);
#374=B_SPLINE_CURVE_WITH_KNOTS('',3,(#10151,#10152,#10153,#10154),
 .UNSPECIFIED.,.F.,.F.,(4,4),(3.7034406422354E-7,0.00179683491283957),
 .UNSPECIFIED.);
#375=B_SPLINE_CURVE_WITH_KNOTS('',3,(#10156,#10157,#10158,#10159),
 .UNSPECIFIED.,.F.,.F.,(4,4),(3.49780786773284E-7,0.0017968143495621),
 .UNSPECIFIED.);
#376=B_SPLINE_CURVE_WITH_KNOTS('',3,(#10168,#10169,#10170,#10171,#10172,
#10173),.UNSPECIFIED.,.F.,.F.,(4,1,1,4),(0.,0.000698705617007487,0.00139741123401497,
0.00279482246802995),.UNSPECIFIED.);
#377=B_SPLINE_CURVE_WITH_KNOTS('',3,(#10175,#10176,#10177,#10178,#10179,
#10180,#10181),.UNSPECIFIED.,.F.,.F.,(4,1,1,1,4),(6.98175152168278E-16,
0.000338279442838104,0.00067655888567551,0.00101483832851292,0.00135311777135032),
 .UNSPECIFIED.);
#378=B_SPLINE_CURVE_WITH_KNOTS('',3,(#10183,#10184,#10185,#10186),
 .UNSPECIFIED.,.F.,.F.,(4,4),(0.,0.00217608750441024),.UNSPECIFIED.);
#379=B_SPLINE_CURVE_WITH_KNOTS('',3,(#10190,#10191,#10192,#10193,#10194,
#10195),.UNSPECIFIED.,.F.,.F.,(4,1,1,4),(0.,0.000964876816893275,0.00192975363378655,
0.0038595072675731),.UNSPECIFIED.);
#380=B_SPLINE_CURVE_WITH_KNOTS('',3,(#10196,#10197,#10198,#10199),
 .UNSPECIFIED.,.F.,.F.,(4,4),(0.00381746607836464,0.00482817005092565),
 .UNSPECIFIED.);
#381=B_SPLINE_CURVE_WITH_KNOTS('',3,(#10201,#10202,#10203,#10204),
 .UNSPECIFIED.,.F.,.F.,(4,4),(0.00146370780379975,0.00204162676811166),
 .UNSPECIFIED.);
#382=B_SPLINE_CURVE_WITH_KNOTS('',3,(#10208,#10209,#10210,#10211),
 .UNSPECIFIED.,.F.,.F.,(4,4),(0.,0.00219006770182556),.UNSPECIFIED.);
#383=B_SPLINE_CURVE_WITH_KNOTS('',3,(#10213,#10214,#10215,#10216,#10217,
#10218,#10219),.UNSPECIFIED.,.F.,.F.,(4,1,1,1,4),(0.,0.000339415694784222,
0.000678831389568443,0.00101824708435266,0.00135766277913689),
 .UNSPECIFIED.);
#384=B_SPLINE_CURVE_WITH_KNOTS('',3,(#10221,#10222,#10223,#10224,#10225,
#10226),.UNSPECIFIED.,.F.,.F.,(4,1,1,4),(0.,0.000707872639825695,0.00141574527965139,
0.00283149055930278),.UNSPECIFIED.);
#385=B_SPLINE_CURVE_WITH_KNOTS('',3,(#10230,#10231,#10232,#10233,#10234,
#10235),.UNSPECIFIED.,.F.,.F.,(4,1,1,4),(0.,0.000966123709915485,0.00193224741983097,
0.00386449483966194),.UNSPECIFIED.);
#386=B_SPLINE_CURVE_WITH_KNOTS('',3,(#10236,#10237,#10238,#10239),
 .UNSPECIFIED.,.F.,.F.,(4,4),(0.00280404973664112,0.00338546327850095),
 .UNSPECIFIED.);
#387=B_SPLINE_CURVE_WITH_KNOTS('',3,(#10241,#10242,#10243,#10244),
 .UNSPECIFIED.,.F.,.F.,(4,4),(-9.54751815398341E-6,0.000974265348789195),
 .UNSPECIFIED.);
#388=B_SPLINE_CURVE_WITH_KNOTS('',3,(#10248,#10249,#10250,#10251),
 .UNSPECIFIED.,.F.,.F.,(4,4),(0.,0.00219006770182569),.UNSPECIFIED.);
#389=B_SPLINE_CURVE_WITH_KNOTS('',3,(#10253,#10254,#10255,#10256,#10257,
#10258,#10259),.UNSPECIFIED.,.F.,.F.,(4,1,1,1,4),(8.67361737988404E-19,
0.000339415694784713,0.000678831389569425,0.00101824708435414,0.00135766277913885),
 .UNSPECIFIED.);
#390=B_SPLINE_CURVE_WITH_KNOTS('',3,(#10261,#10262,#10263,#10264,#10265,
#10266),.UNSPECIFIED.,.F.,.F.,(4,1,1,4),(0.,0.000707872639825669,0.00141574527965134,
0.00283149055930268),.UNSPECIFIED.);
#391=B_SPLINE_CURVE_WITH_KNOTS('',3,(#10270,#10271,#10272,#10273,#10274,
#10275),.UNSPECIFIED.,.F.,.F.,(4,1,1,4),(0.,0.000966123709915537,0.00193224741983107,
0.00386449483966215),.UNSPECIFIED.);
#392=B_SPLINE_CURVE_WITH_KNOTS('',3,(#10276,#10277,#10278,#10279),
 .UNSPECIFIED.,.F.,.F.,(4,4),(0.00280404973664113,0.003385463278501),
 .UNSPECIFIED.);
#393=B_SPLINE_CURVE_WITH_KNOTS('',3,(#10281,#10282,#10283,#10284),
 .UNSPECIFIED.,.F.,.F.,(4,4),(0.00385416031111978,0.00484800774765422),
 .UNSPECIFIED.);
#394=B_SPLINE_CURVE_WITH_KNOTS('',3,(#10288,#10289,#10290,#10291,#10292,
#10293),.UNSPECIFIED.,.F.,.F.,(4,1,1,4),(0.,0.000698705617006478,0.00139741123401296,
0.00279482246802591),.UNSPECIFIED.);
#395=B_SPLINE_CURVE_WITH_KNOTS('',3,(#10295,#10296,#10297,#10298,#10299,
#10300,#10301),.UNSPECIFIED.,.F.,.F.,(4,1,1,1,4),(4.78001898974264E-15,
0.00033827944284115,0.00067655888567752,0.00101483832851389,0.00135311777135026),
 .UNSPECIFIED.);
#396=B_SPLINE_CURVE_WITH_KNOTS('',3,(#10303,#10304,#10305,#10306),
 .UNSPECIFIED.,.F.,.F.,(4,4),(0.,0.00217608750441028),.UNSPECIFIED.);
#397=B_SPLINE_CURVE_WITH_KNOTS('',3,(#10310,#10311,#10312,#10313,#10314,
#10315),.UNSPECIFIED.,.F.,.F.,(4,1,1,4),(0.,0.000964876816893314,0.00192975363378663,
0.00385950726757325),.UNSPECIFIED.);
#398=B_SPLINE_CURVE_WITH_KNOTS('',3,(#10316,#10317,#10318,#10319),
 .UNSPECIFIED.,.F.,.F.,(4,4),(0.00381746607836464,0.00482817005092567),
 .UNSPECIFIED.);
#399=B_SPLINE_CURVE_WITH_KNOTS('',3,(#10321,#10322,#10323,#10324),
 .UNSPECIFIED.,.F.,.F.,(4,4),(-9.56245032121437E-6,0.000570958725725858),
 .UNSPECIFIED.);
#400=B_SPLINE_CURVE_WITH_KNOTS('',3,(#10328,#10329,#10330,#10331,#10332,
#10333),.UNSPECIFIED.,.F.,.F.,(4,1,1,4),(0.,0.000698705617006471,0.00139741123401294,
0.00279482246802588),.UNSPECIFIED.);
#401=B_SPLINE_CURVE_WITH_KNOTS('',3,(#10335,#10336,#10337,#10338,#10339,
#10340,#10341),.UNSPECIFIED.,.F.,.F.,(4,1,1,1,4),(4.74669573397237E-15,
0.000338279442841151,0.000676558885677555,0.00101483832851396,0.00135311777135036),
 .UNSPECIFIED.);
#402=B_SPLINE_CURVE_WITH_KNOTS('',3,(#10343,#10344,#10345,#10346),
 .UNSPECIFIED.,.F.,.F.,(4,4),(0.,0.00217608750441023),.UNSPECIFIED.);
#403=B_SPLINE_CURVE_WITH_KNOTS('',3,(#10350,#10351,#10352,#10353,#10354,
#10355),.UNSPECIFIED.,.F.,.F.,(4,1,1,4),(0.,0.000964876816893283,0.00192975363378657,
0.00385950726757313),.UNSPECIFIED.);
#404=B_SPLINE_CURVE_WITH_KNOTS('',3,(#10356,#10357,#10358,#10359),
 .UNSPECIFIED.,.F.,.F.,(4,4),(0.0038174660783646,0.00482817005092565),
 .UNSPECIFIED.);
#405=B_SPLINE_CURVE_WITH_KNOTS('',3,(#10361,#10362,#10363,#10364),
 .UNSPECIFIED.,.F.,.F.,(4,4),(-9.56245032119984E-6,0.000570958725725919),
 .UNSPECIFIED.);
#406=B_SPLINE_CURVE_WITH_KNOTS('',3,(#10368,#10369,#10370,#10371),
 .UNSPECIFIED.,.F.,.F.,(4,4),(0.,0.00219006770182565),.UNSPECIFIED.);
#407=B_SPLINE_CURVE_WITH_KNOTS('',3,(#10373,#10374,#10375,#10376,#10377,
#10378,#10379),.UNSPECIFIED.,.F.,.F.,(4,1,1,1,4),(8.67361737988404E-19,
0.000339415694784583,0.000678831389569165,0.00101824708435375,0.00135766277913833),
 .UNSPECIFIED.);
#408=B_SPLINE_CURVE_WITH_KNOTS('',3,(#10381,#10382,#10383,#10384,#10385,
#10386),.UNSPECIFIED.,.F.,.F.,(4,1,1,4),(0.,0.00070787263982571,0.00141574527965142,
0.00283149055930284),.UNSPECIFIED.);
#409=B_SPLINE_CURVE_WITH_KNOTS('',3,(#10390,#10391,#10392,#10393,#10394,
#10395),.UNSPECIFIED.,.F.,.F.,(4,1,1,4),(0.,0.000966123709915527,0.00193224741983105,
0.00386449483966211),.UNSPECIFIED.);
#410=B_SPLINE_CURVE_WITH_KNOTS('',3,(#10396,#10397,#10398,#10399),
 .UNSPECIFIED.,.F.,.F.,(4,4),(0.00280404973664127,0.00338546327850106),
 .UNSPECIFIED.);
#411=B_SPLINE_CURVE_WITH_KNOTS('',3,(#10401,#10402,#10403,#10404),
 .UNSPECIFIED.,.F.,.F.,(4,4),(-9.54751815396025E-6,0.00097625010887175),
 .UNSPECIFIED.);
#412=B_SPLINE_CURVE_WITH_KNOTS('',3,(#10408,#10409,#10410,#10411,#10412,
#10413),.UNSPECIFIED.,.F.,.F.,(4,1,1,4),(0.,0.000698705617006465,0.00139741123401293,
0.00279482246802586),.UNSPECIFIED.);
#413=B_SPLINE_CURVE_WITH_KNOTS('',3,(#10415,#10416,#10417,#10418,#10419,
#10420,#10421),.UNSPECIFIED.,.F.,.F.,(4,1,1,1,4),(4.76014198675009E-15,
0.000338279442841153,0.000676558885677546,0.00101483832851394,0.00135311777135033),
 .UNSPECIFIED.);
#414=B_SPLINE_CURVE_WITH_KNOTS('',3,(#10423,#10424,#10425,#10426),
 .UNSPECIFIED.,.F.,.F.,(4,4),(0.,0.00217608750441023),.UNSPECIFIED.);
#415=B_SPLINE_CURVE_WITH_KNOTS('',3,(#10430,#10431,#10432,#10433,#10434,
#10435),.UNSPECIFIED.,.F.,.F.,(4,1,1,4),(0.,0.000964876816893281,0.00192975363378656,
0.00385950726757313),.UNSPECIFIED.);
#416=B_SPLINE_CURVE_WITH_KNOTS('',3,(#10436,#10437,#10438,#10439),
 .UNSPECIFIED.,.F.,.F.,(4,4),(0.0038174660783646,0.0048281700509256),
 .UNSPECIFIED.);
#417=B_SPLINE_CURVE_WITH_KNOTS('',3,(#10441,#10442,#10443,#10444),
 .UNSPECIFIED.,.F.,.F.,(4,4),(0.0014637078038,0.00204162676811163),
 .UNSPECIFIED.);
#418=B_SPLINE_CURVE_WITH_KNOTS('',3,(#10448,#10449,#10450,#10451),
 .UNSPECIFIED.,.F.,.F.,(4,4),(0.,0.0021900677018256),.UNSPECIFIED.);
#419=B_SPLINE_CURVE_WITH_KNOTS('',3,(#10453,#10454,#10455,#10456,#10457,
#10458,#10459),.UNSPECIFIED.,.F.,.F.,(4,1,1,1,4),(1.2266347333467E-18,0.000339415694784198,
0.000678831389568395,0.00101824708435259,0.00135766277913679),
 .UNSPECIFIED.);
#420=B_SPLINE_CURVE_WITH_KNOTS('',3,(#10461,#10462,#10463,#10464,#10465,
#10466),.UNSPECIFIED.,.F.,.F.,(4,1,1,4),(0.,0.000707872639825678,0.00141574527965136,
0.00283149055930271),.UNSPECIFIED.);
#421=B_SPLINE_CURVE_WITH_KNOTS('',3,(#10470,#10471,#10472,#10473,#10474,
#10475),.UNSPECIFIED.,.F.,.F.,(4,1,1,4),(0.,0.000966123709915491,0.00193224741983098,
0.00386449483966196),.UNSPECIFIED.);
#422=B_SPLINE_CURVE_WITH_KNOTS('',3,(#10476,#10477,#10478,#10479),
 .UNSPECIFIED.,.F.,.F.,(4,4),(0.00280404973664115,0.00338546327850099),
 .UNSPECIFIED.);
#423=B_SPLINE_CURVE_WITH_KNOTS('',3,(#10481,#10482,#10483,#10484),
 .UNSPECIFIED.,.F.,.F.,(4,4),(-9.54751815399079E-6,0.000974265348789187),
 .UNSPECIFIED.);
#424=B_SPLINE_CURVE_WITH_KNOTS('',3,(#10487,#10488,#10489,#10490),
 .UNSPECIFIED.,.F.,.F.,(4,4),(0.00280404973664119,0.00338546327850099),
 .UNSPECIFIED.);
#425=B_SPLINE_CURVE_WITH_KNOTS('',3,(#10494,#10495,#10496,#10497,#10498,
#10499),.UNSPECIFIED.,.F.,.F.,(4,1,1,4),(0.,0.000707872639825689,0.00141574527965138,
0.00283149055930275),.UNSPECIFIED.);
#426=B_SPLINE_CURVE_WITH_KNOTS('',3,(#10501,#10502,#10503,#10504,#10505,
#10506,#10507),.UNSPECIFIED.,.F.,.F.,(4,1,1,1,4),(4.66421506392367E-16,
0.000338127920750721,0.000676255841500976,0.00101438376225123,0.00135251168300148),
 .UNSPECIFIED.);
#427=B_SPLINE_CURVE_WITH_KNOTS('',3,(#10509,#10510,#10511,#10512),
 .UNSPECIFIED.,.F.,.F.,(4,4),(0.,0.00219006770182565),.UNSPECIFIED.);
#428=B_SPLINE_CURVE_WITH_KNOTS('',3,(#10515,#10516,#10517,#10518),
 .UNSPECIFIED.,.F.,.F.,(4,4),(0.00385416031111925,0.0048480077476544),
 .UNSPECIFIED.);
#429=B_SPLINE_CURVE_WITH_KNOTS('',3,(#10529,#10530,#10531,#10532,#10533,
#10534),.UNSPECIFIED.,.F.,.F.,(4,1,1,4),(0.,0.000919405095955345,0.00183881019191069,
0.00367762038382138),.UNSPECIFIED.);
#430=B_SPLINE_CURVE_WITH_KNOTS('',3,(#10538,#10539,#10540,#10541,#10542,
#10543),.UNSPECIFIED.,.F.,.F.,(4,1,1,4),(0.,0.000919405095955322,0.00183881019191064,
0.00367762038382129),.UNSPECIFIED.);
#431=B_SPLINE_CURVE_WITH_KNOTS('',3,(#10547,#10548,#10549,#10550,#10551,
#10552),.UNSPECIFIED.,.F.,.F.,(4,1,1,4),(0.,0.000964876816893284,0.00192975363378657,
0.00385950726757314),.UNSPECIFIED.);
#432=B_SPLINE_CURVE_WITH_KNOTS('',3,(#10560,#10561,#10562,#10563,#10564,
#10565),.UNSPECIFIED.,.F.,.F.,(4,1,1,4),(0.,0.000964876816893273,0.00192975363378655,
0.00385950726757309),.UNSPECIFIED.);
#433=B_SPLINE_CURVE_WITH_KNOTS('',3,(#10569,#10570,#10571,#10572),
 .UNSPECIFIED.,.F.,.F.,(4,4),(0.,0.00217608750441024),.UNSPECIFIED.);
#434=B_SPLINE_CURVE_WITH_KNOTS('',3,(#10574,#10575,#10576,#10577,#10578,
#10579,#10580),.UNSPECIFIED.,.F.,.F.,(4,1,1,1,4),(0.,0.000339631046587245,
0.000679262093174489,0.00101889313976173,0.00135852418634898),
 .UNSPECIFIED.);
#435=B_SPLINE_CURVE_WITH_KNOTS('',3,(#10582,#10583,#10584,#10585,#10586,
#10587),.UNSPECIFIED.,.F.,.F.,(4,1,1,4),(0.,0.000698705617007461,0.00139741123401492,
0.00279482246802985),.UNSPECIFIED.);
#436=B_SPLINE_CURVE_WITH_KNOTS('',3,(#10590,#10591,#10592,#10593),
 .UNSPECIFIED.,.F.,.F.,(4,4),(0.00278616778467272,0.00336808988379449),
 .UNSPECIFIED.);
#437=B_SPLINE_CURVE_WITH_KNOTS('',3,(#10595,#10596,#10597,#10598),
 .UNSPECIFIED.,.F.,.F.,(4,4),(0.00381746607836431,0.00482817005092566),
 .UNSPECIFIED.);
#438=B_SPLINE_CURVE_WITH_KNOTS('',3,(#10600,#10601,#10602,#10603),
 .UNSPECIFIED.,.F.,.F.,(4,4),(0.,0.00217608750441028),.UNSPECIFIED.);
#439=B_SPLINE_CURVE_WITH_KNOTS('',3,(#10614,#10615,#10616,#10617,#10618,
#10619),.UNSPECIFIED.,.F.,.F.,(4,1,1,4),(0.,0.000919405095955336,0.00183881019191067,
0.00367762038382134),.UNSPECIFIED.);
#440=B_SPLINE_CURVE_WITH_KNOTS('',3,(#10623,#10624,#10625,#10626,#10627,
#10628),.UNSPECIFIED.,.F.,.F.,(4,1,1,4),(0.,0.000919405095955327,0.00183881019191065,
0.00367762038382131),.UNSPECIFIED.);
#441=B_SPLINE_CURVE_WITH_KNOTS('',3,(#10632,#10633,#10634,#10635,#10636,
#10637),.UNSPECIFIED.,.F.,.F.,(4,1,1,4),(0.,0.000964876816893304,0.00192975363378661,
0.00385950726757322),.UNSPECIFIED.);
#442=B_SPLINE_CURVE_WITH_KNOTS('',3,(#10639,#10640,#10641,#10642),
 .UNSPECIFIED.,.F.,.F.,(4,4),(0.0038174660783646,0.00482817005092564),
 .UNSPECIFIED.);
#443=B_SPLINE_CURVE_WITH_KNOTS('',3,(#10644,#10645,#10646,#10647),
 .UNSPECIFIED.,.F.,.F.,(4,4),(-9.56245032119577E-6,0.000570958725725874),
 .UNSPECIFIED.);
#444=B_SPLINE_CURVE_WITH_KNOTS('',3,(#10651,#10652,#10653,#10654,#10655,
#10656),.UNSPECIFIED.,.F.,.F.,(4,1,1,4),(0.,0.000698705617007475,0.00139741123401495,
0.0027948224680299),.UNSPECIFIED.);
#445=B_SPLINE_CURVE_WITH_KNOTS('',3,(#10663,#10664,#10665,#10666,#10667,
#10668),.UNSPECIFIED.,.F.,.F.,(4,1,1,4),(0.,0.000964876816893288,0.00192975363378658,
0.00385950726757315),.UNSPECIFIED.);
#446=B_SPLINE_CURVE_WITH_KNOTS('',3,(#10676,#10677,#10678,#10679,#10680,
#10681),.UNSPECIFIED.,.F.,.F.,(4,1,1,4),(0.,0.000964876816893298,0.0019297536337866,
0.00385950726757319),.UNSPECIFIED.);
#447=B_SPLINE_CURVE_WITH_KNOTS('',3,(#10683,#10684,#10685,#10686),
 .UNSPECIFIED.,.F.,.F.,(4,4),(0.0038174660783644,0.00482817005092567),
 .UNSPECIFIED.);
#448=B_SPLINE_CURVE_WITH_KNOTS('',3,(#10690,#10691,#10692,#10693),
 .UNSPECIFIED.,.F.,.F.,(4,4),(0.,0.00217608750441024),.UNSPECIFIED.);
#449=B_SPLINE_CURVE_WITH_KNOTS('',3,(#10695,#10696,#10697,#10698,#10699,
#10700,#10701),.UNSPECIFIED.,.F.,.F.,(4,1,1,1,4),(8.67361737988404E-19,
0.000339631046588262,0.000679262093176524,0.00101889313976479,0.00135852418635305),
 .UNSPECIFIED.);
#450=B_SPLINE_CURVE_WITH_KNOTS('',3,(#10703,#10704,#10705,#10706,#10707,
#10708),.UNSPECIFIED.,.F.,.F.,(4,1,1,4),(0.,0.000698705617006459,0.00139741123401292,
0.00279482246802584),.UNSPECIFIED.);
#451=B_SPLINE_CURVE_WITH_KNOTS('',3,(#10711,#10712,#10713,#10714),
 .UNSPECIFIED.,.F.,.F.,(4,4),(0.0027861677846727,0.00336808988379444),
 .UNSPECIFIED.);
#452=B_SPLINE_CURVE_WITH_KNOTS('',3,(#10718,#10719,#10720,#10721,#10722,
#10723,#10724),.UNSPECIFIED.,.F.,.F.,(4,1,1,1,4),(7.36906494900654E-16,
0.000338279442838097,0.000676558885675458,0.00101483832851282,0.00135311777135018),
 .UNSPECIFIED.);
#453=B_SPLINE_CURVE_WITH_KNOTS('',3,(#10729,#10730,#10731,#10732),
 .UNSPECIFIED.,.F.,.F.,(4,4),(0.,0.0021760875044104),.UNSPECIFIED.);
#454=B_SPLINE_CURVE_WITH_KNOTS('',3,(#10737,#10738,#10739,#10740,#10741,
#10742,#10743),.UNSPECIFIED.,.F.,.F.,(4,1,1,1,4),(1.18108587668222E-16,
0.000339631046587288,0.000679262093174457,0.00101889313976163,0.0013585241863488),
 .UNSPECIFIED.);
#455=B_SPLINE_CURVE_WITH_KNOTS('',3,(#10745,#10746,#10747,#10748,#10749,
#10750),.UNSPECIFIED.,.F.,.F.,(4,1,1,4),(0.,0.000698705617007477,0.00139741123401495,
0.00279482246802991),.UNSPECIFIED.);
#456=B_SPLINE_CURVE_WITH_KNOTS('',3,(#10753,#10754,#10755,#10756),
 .UNSPECIFIED.,.F.,.F.,(4,4),(0.00278616778467272,0.0033680898837945),
 .UNSPECIFIED.);
#457=B_SPLINE_CURVE_WITH_KNOTS('',3,(#10758,#10759,#10760,#10761),
 .UNSPECIFIED.,.F.,.F.,(4,4),(0.00381746607836435,0.00482817005092565),
 .UNSPECIFIED.);
#458=B_SPLINE_CURVE_WITH_KNOTS('',3,(#10763,#10764,#10765,#10766),
 .UNSPECIFIED.,.F.,.F.,(4,4),(0.,0.00217608750441023),.UNSPECIFIED.);
#459=B_SPLINE_CURVE_WITH_KNOTS('',3,(#10780,#10781,#10782,#10783,#10784,
#10785),.UNSPECIFIED.,.F.,.F.,(4,1,1,4),(0.,0.000919405095955326,0.00183881019191065,
0.0036776203838213),.UNSPECIFIED.);
#460=B_SPLINE_CURVE_WITH_KNOTS('',3,(#10789,#10790,#10791,#10792,#10793,
#10794),.UNSPECIFIED.,.F.,.F.,(4,1,1,4),(0.,0.000919405095955306,0.00183881019191061,
0.00367762038382122),.UNSPECIFIED.);
#461=B_SPLINE_CURVE_WITH_KNOTS('',3,(#10798,#10799,#10800,#10801,#10802,
#10803),.UNSPECIFIED.,.F.,.F.,(4,1,1,4),(0.,0.000964876816893268,0.00192975363378654,
0.00385950726757307),.UNSPECIFIED.);
#462=B_SPLINE_CURVE_WITH_KNOTS('',3,(#10805,#10806,#10807,#10808),
 .UNSPECIFIED.,.F.,.F.,(4,4),(0.00381746607836458,0.00482817005092563),
 .UNSPECIFIED.);
#463=B_SPLINE_CURVE_WITH_KNOTS('',3,(#10810,#10811,#10812,#10813),
 .UNSPECIFIED.,.F.,.F.,(4,4),(-9.56245032121805E-6,0.000570958725725901),
 .UNSPECIFIED.);
#464=B_SPLINE_CURVE_WITH_KNOTS('',3,(#10817,#10818,#10819,#10820,#10821,
#10822),.UNSPECIFIED.,.F.,.F.,(4,1,1,4),(0.,0.000698705617007473,0.00139741123401495,
0.00279482246802989),.UNSPECIFIED.);
#465=B_SPLINE_CURVE_WITH_KNOTS('',3,(#10829,#10830,#10831,#10832,#10833,
#10834),.UNSPECIFIED.,.F.,.F.,(4,1,1,4),(0.,0.000964876816893285,0.00192975363378657,
0.00385950726757314),.UNSPECIFIED.);
#466=B_SPLINE_CURVE_WITH_KNOTS('',3,(#10842,#10843,#10844,#10845),
 .UNSPECIFIED.,.F.,.F.,(4,4),(0.00381746607836445,0.00482817005092579),
 .UNSPECIFIED.);
#467=B_SPLINE_CURVE_WITH_KNOTS('',3,(#10849,#10850,#10851,#10852),
 .UNSPECIFIED.,.F.,.F.,(4,4),(0.,0.00217608750441031),.UNSPECIFIED.);
#468=B_SPLINE_CURVE_WITH_KNOTS('',3,(#10854,#10855,#10856,#10857,#10858,
#10859,#10860),.UNSPECIFIED.,.F.,.F.,(4,1,1,1,4),(0.,0.000339631046588225,
0.000679262093176449,0.00101889313976467,0.0013585241863529),
 .UNSPECIFIED.);
#469=B_SPLINE_CURVE_WITH_KNOTS('',3,(#10862,#10863,#10864,#10865,#10866,
#10867),.UNSPECIFIED.,.F.,.F.,(4,1,1,4),(0.,0.000698705617006495,0.00139741123401299,
0.00279482246802598),.UNSPECIFIED.);
#470=B_SPLINE_CURVE_WITH_KNOTS('',3,(#10870,#10871,#10872,#10873),
 .UNSPECIFIED.,.F.,.F.,(4,4),(0.0027861677846727,0.00336808988379447),
 .UNSPECIFIED.);
#471=B_SPLINE_CURVE_WITH_KNOTS('',3,(#10877,#10878,#10879,#10880,#10881,
#10882,#10883),.UNSPECIFIED.,.F.,.F.,(4,1,1,1,4),(7.38736121799751E-16,
0.000338279442838124,0.000676558885675508,0.00101483832851289,0.00135311777135028),
 .UNSPECIFIED.);
#472=B_SPLINE_CURVE_WITH_KNOTS('',3,(#10888,#10889,#10890,#10891),
 .UNSPECIFIED.,.F.,.F.,(4,4),(0.,0.00217608750440601),.UNSPECIFIED.);
#473=B_SPLINE_CURVE_WITH_KNOTS('',3,(#10896,#10897,#10898,#10899,#10900,
#10901,#10902),.UNSPECIFIED.,.F.,.F.,(4,1,1,1,4),(6.14199908707947E-16,
0.000339631046587222,0.00067926209317383,0.00101889313976044,0.00135852418634705),
 .UNSPECIFIED.);
#474=B_SPLINE_CURVE_WITH_KNOTS('',3,(#10904,#10905,#10906,#10907,#10908,
#10909),.UNSPECIFIED.,.F.,.F.,(4,1,1,4),(0.,0.000698705617007489,0.00139741123401498,
0.00279482246802996),.UNSPECIFIED.);
#475=B_SPLINE_CURVE_WITH_KNOTS('',3,(#10912,#10913,#10914,#10915),
 .UNSPECIFIED.,.F.,.F.,(4,4),(0.0027861677846727,0.00336808988379445),
 .UNSPECIFIED.);
#476=B_SPLINE_CURVE_WITH_KNOTS('',3,(#10917,#10918,#10919,#10920),
 .UNSPECIFIED.,.F.,.F.,(4,4),(0.00381746607836443,0.00482817005092578),
 .UNSPECIFIED.);
#477=B_SPLINE_CURVE_WITH_KNOTS('',3,(#10933,#10934,#10935,#10936,#10937,
#10938),.UNSPECIFIED.,.F.,.F.,(4,1,1,4),(0.,0.000964876816893282,0.00192975363378656,
0.00385950726757313),.UNSPECIFIED.);
#478=B_SPLINE_CURVE_WITH_KNOTS('',3,(#10945,#10946,#10947,#10948),
 .UNSPECIFIED.,.F.,.F.,(4,4),(0.00381746607836433,0.00482817005092568),
 .UNSPECIFIED.);
#479=B_SPLINE_CURVE_WITH_KNOTS('',3,(#10952,#10953,#10954,#10955),
 .UNSPECIFIED.,.F.,.F.,(4,4),(0.,0.00217608750441026),.UNSPECIFIED.);
#480=B_SPLINE_CURVE_WITH_KNOTS('',3,(#10957,#10958,#10959,#10960,#10961,
#10962,#10963),.UNSPECIFIED.,.F.,.F.,(4,1,1,1,4),(2.72484916864845E-15,
0.000339631046589939,0.000679262093177152,0.00101889313976437,0.00135852418635158),
 .UNSPECIFIED.);
#481=B_SPLINE_CURVE_WITH_KNOTS('',3,(#10965,#10966,#10967,#10968,#10969,
#10970),.UNSPECIFIED.,.F.,.F.,(4,1,1,4),(0.,0.000698705617006472,0.00139741123401294,
0.00279482246802589),.UNSPECIFIED.);
#482=B_SPLINE_CURVE_WITH_KNOTS('',3,(#10973,#10974,#10975,#10976),
 .UNSPECIFIED.,.F.,.F.,(4,4),(0.00278616778467274,0.00336808988379452),
 .UNSPECIFIED.);
#483=B_SPLINE_CURVE_WITH_KNOTS('',3,(#10986,#10987,#10988,#10989),
 .UNSPECIFIED.,.F.,.F.,(4,4),(0.00280404973664116,0.003385463278501),
 .UNSPECIFIED.);
#484=B_SPLINE_CURVE_WITH_KNOTS('',3,(#10993,#10994,#10995,#10996,#10997,
#10998),.UNSPECIFIED.,.F.,.F.,(4,1,1,4),(0.,0.000707872639825672,0.00141574527965134,
0.00283149055930269),.UNSPECIFIED.);
#485=B_SPLINE_CURVE_WITH_KNOTS('',3,(#11000,#11001,#11002,#11003,#11004,
#11005,#11006),.UNSPECIFIED.,.F.,.F.,(4,1,1,1,4),(4.6679374858269E-16,0.00033812792075097,
0.000676255841501473,0.00101438376225198,0.00135251168300248),
 .UNSPECIFIED.);
#486=B_SPLINE_CURVE_WITH_KNOTS('',3,(#11008,#11009,#11010,#11011),
 .UNSPECIFIED.,.F.,.F.,(4,4),(0.,0.00219006770182561),.UNSPECIFIED.);
#487=B_SPLINE_CURVE_WITH_KNOTS('',3,(#11014,#11015,#11016,#11017),
 .UNSPECIFIED.,.F.,.F.,(4,4),(0.00385416031111969,0.00484800774765417),
 .UNSPECIFIED.);
#488=B_SPLINE_CURVE_WITH_KNOTS('',3,(#11026,#11027,#11028,#11029),
 .UNSPECIFIED.,.F.,.F.,(4,4),(0.00280404973664118,0.00338546327850105),
 .UNSPECIFIED.);
#489=B_SPLINE_CURVE_WITH_KNOTS('',3,(#11031,#11032,#11033,#11034),
 .UNSPECIFIED.,.F.,.F.,(4,4),(0.00385416031111999,0.00484800774765453),
 .UNSPECIFIED.);
#490=B_SPLINE_CURVE_WITH_KNOTS('',3,(#11036,#11037,#11038,#11039),
 .UNSPECIFIED.,.F.,.F.,(4,4),(0.00280404973664115,0.00338546327850103),
 .UNSPECIFIED.);
#491=B_SPLINE_CURVE_WITH_KNOTS('',3,(#11041,#11042,#11043,#11044,#11045,
#11046),.UNSPECIFIED.,.F.,.F.,(4,1,1,4),(0.,0.000966123709915527,0.00193224741983105,
0.00386449483966211),.UNSPECIFIED.);
#492=B_SPLINE_CURVE_WITH_KNOTS('',3,(#11050,#11051,#11052,#11053,#11054,
#11055),.UNSPECIFIED.,.F.,.F.,(4,1,1,4),(0.,0.000707872639825695,0.00141574527965139,
0.00283149055930278),.UNSPECIFIED.);
#493=B_SPLINE_CURVE_WITH_KNOTS('',3,(#11057,#11058,#11059,#11060,#11061,
#11062,#11063),.UNSPECIFIED.,.F.,.F.,(4,1,1,1,4),(4.38393015800827E-16,
0.0003381279207511,0.000676255841501762,0.00101438376225242,0.00135251168300309),
 .UNSPECIFIED.);
#494=B_SPLINE_CURVE_WITH_KNOTS('',3,(#11065,#11066,#11067,#11068),
 .UNSPECIFIED.,.F.,.F.,(4,4),(0.,0.00219006770182571),.UNSPECIFIED.);
#495=B_SPLINE_CURVE_WITH_KNOTS('',3,(#11071,#11072,#11073,#11074),
 .UNSPECIFIED.,.F.,.F.,(4,4),(0.00385416031111989,0.0048480077476544),
 .UNSPECIFIED.);
#496=B_SPLINE_CURVE_WITH_KNOTS('',3,(#11079,#11080,#11081,#11082),
 .UNSPECIFIED.,.F.,.F.,(4,4),(0.,0.00219006770182567),.UNSPECIFIED.);
#497=B_SPLINE_CURVE_WITH_KNOTS('',3,(#11084,#11085,#11086,#11087,#11088,
#11089,#11090),.UNSPECIFIED.,.F.,.F.,(4,1,1,1,4),(0.,0.000339415694783887,
0.000678831389567773,0.00101824708435166,0.00135766277913555),
 .UNSPECIFIED.);
#498=B_SPLINE_CURVE_WITH_KNOTS('',3,(#11092,#11093,#11094,#11095,#11096,
#11097),.UNSPECIFIED.,.F.,.F.,(4,1,1,4),(0.,0.000707872639825705,0.00141574527965141,
0.00283149055930282),.UNSPECIFIED.);
#499=B_SPLINE_CURVE_WITH_KNOTS('',3,(#11107,#11108,#11109,#11110),
 .UNSPECIFIED.,.F.,.F.,(4,4),(0.00280404973664112,0.003385463278501),
 .UNSPECIFIED.);
#500=B_SPLINE_CURVE_WITH_KNOTS('',3,(#11112,#11113,#11114,#11115),
 .UNSPECIFIED.,.F.,.F.,(4,4),(0.00385416031111981,0.00484800774765434),
 .UNSPECIFIED.);
#501=B_SPLINE_CURVE_WITH_KNOTS('',3,(#11117,#11118,#11119,#11120),
 .UNSPECIFIED.,.F.,.F.,(4,4),(0.00280404973664119,0.00338546327850099),
 .UNSPECIFIED.);
#502=B_SPLINE_CURVE_WITH_KNOTS('',3,(#11122,#11123,#11124,#11125,#11126,
#11127),.UNSPECIFIED.,.F.,.F.,(4,1,1,4),(0.,0.000966123709915514,0.00193224741983103,
0.00386449483966206),.UNSPECIFIED.);
#503=B_SPLINE_CURVE_WITH_KNOTS('',3,(#11131,#11132,#11133,#11134,#11135,
#11136),.UNSPECIFIED.,.F.,.F.,(4,1,1,4),(0.,0.00070787263982569,0.00141574527965138,
0.00283149055930276),.UNSPECIFIED.);
#504=B_SPLINE_CURVE_WITH_KNOTS('',3,(#11138,#11139,#11140,#11141,#11142,
#11143,#11144),.UNSPECIFIED.,.F.,.F.,(4,1,1,1,4),(4.66421506392367E-16,
0.0003381279207507,0.000676255841500934,0.00101438376225117,0.0013525116830014),
 .UNSPECIFIED.);
#505=B_SPLINE_CURVE_WITH_KNOTS('',3,(#11146,#11147,#11148,#11149),
 .UNSPECIFIED.,.F.,.F.,(4,4),(0.,0.00219006770182564),.UNSPECIFIED.);
#506=B_SPLINE_CURVE_WITH_KNOTS('',3,(#11152,#11153,#11154,#11155),
 .UNSPECIFIED.,.F.,.F.,(4,4),(0.00385416031111918,0.00484800774765431),
 .UNSPECIFIED.);
#507=B_SPLINE_CURVE_WITH_KNOTS('',3,(#11160,#11161,#11162,#11163),
 .UNSPECIFIED.,.F.,.F.,(4,4),(0.,0.00219006770182559),.UNSPECIFIED.);
#508=B_SPLINE_CURVE_WITH_KNOTS('',3,(#11165,#11166,#11167,#11168,#11169,
#11170,#11171),.UNSPECIFIED.,.F.,.F.,(4,1,1,1,4),(0.,0.000339415694784764,
0.000678831389569529,0.00101824708435429,0.00135766277913906),
 .UNSPECIFIED.);
#509=B_SPLINE_CURVE_WITH_KNOTS('',3,(#11173,#11174,#11175,#11176,#11177,
#11178),.UNSPECIFIED.,.F.,.F.,(4,1,1,4),(0.,0.000707872639825684,0.00141574527965137,
0.00283149055930274),.UNSPECIFIED.);
#510=B_SPLINE_CURVE_WITH_KNOTS('',3,(#11189,#11190,#11191,#11192),
 .UNSPECIFIED.,.F.,.F.,(4,4),(0.00280404973664079,0.003385463278501),
 .UNSPECIFIED.);
#511=B_SPLINE_CURVE_WITH_KNOTS('',3,(#11196,#11197,#11198,#11199,#11200,
#11201),.UNSPECIFIED.,.F.,.F.,(4,1,1,4),(0.,0.00070787263982568,0.00141574527965136,
0.00283149055930272),.UNSPECIFIED.);
#512=B_SPLINE_CURVE_WITH_KNOTS('',3,(#11203,#11204,#11205,#11206,#11207,
#11208,#11209),.UNSPECIFIED.,.F.,.F.,(4,1,1,1,4),(4.76819641300979E-16,
0.000338127920750974,0.000676255841501471,0.00101438376225197,0.00135251168300247),
 .UNSPECIFIED.);
#513=B_SPLINE_CURVE_WITH_KNOTS('',3,(#11211,#11212,#11213,#11214),
 .UNSPECIFIED.,.F.,.F.,(4,4),(0.,0.00219006770182569),.UNSPECIFIED.);
#514=B_SPLINE_CURVE_WITH_KNOTS('',3,(#11217,#11218,#11219,#11220),
 .UNSPECIFIED.,.F.,.F.,(4,4),(0.00385416031111913,0.00484800774765424),
 .UNSPECIFIED.);
#515=B_SPLINE_CURVE_WITH_KNOTS('',3,(#11230,#11231,#11232,#11233),
 .UNSPECIFIED.,.F.,.F.,(4,4),(0.00280404973664118,0.00338546327850107),
 .UNSPECIFIED.);
#516=B_SPLINE_CURVE_WITH_KNOTS('',3,(#11237,#11238,#11239,#11240,#11241,
#11242),.UNSPECIFIED.,.F.,.F.,(4,1,1,4),(0.,0.000707872639825703,0.00141574527965141,
0.00283149055930281),.UNSPECIFIED.);
#517=B_SPLINE_CURVE_WITH_KNOTS('',3,(#11244,#11245,#11246,#11247,#11248,
#11249,#11250),.UNSPECIFIED.,.F.,.F.,(4,1,1,1,4),(4.38393015800827E-16,
0.000338127920750782,0.000676255841501125,0.00101438376225147,0.00135251168300181),
 .UNSPECIFIED.);
#518=B_SPLINE_CURVE_WITH_KNOTS('',3,(#11252,#11253,#11254,#11255),
 .UNSPECIFIED.,.F.,.F.,(4,4),(0.,0.00219006770182572),.UNSPECIFIED.);
#519=B_SPLINE_CURVE_WITH_KNOTS('',3,(#11258,#11259,#11260,#11261),
 .UNSPECIFIED.,.F.,.F.,(4,4),(0.00385416031111992,0.00484800774765442),
 .UNSPECIFIED.);
#520=B_SPLINE_CURVE_WITH_KNOTS('',3,(#11270,#11271,#11272,#11273),
 .UNSPECIFIED.,.F.,.F.,(4,4),(0.,0.00153925039506457),.UNSPECIFIED.);
#521=B_SPLINE_CURVE_WITH_KNOTS('',3,(#11275,#11276,#11277,#11278),
 .UNSPECIFIED.,.F.,.F.,(4,4),(0.,0.00153925039506451),.UNSPECIFIED.);
#522=B_SPLINE_CURVE_WITH_KNOTS('',3,(#11281,#11282,#11283,#11284),
 .UNSPECIFIED.,.F.,.F.,(4,4),(0.,0.0022494644171096),.UNSPECIFIED.);
#523=B_SPLINE_CURVE_WITH_KNOTS('',3,(#11285,#11286,#11287,#11288),
 .UNSPECIFIED.,.F.,.F.,(4,4),(0.,0.00178760552431057),.UNSPECIFIED.);
#524=B_SPLINE_CURVE_WITH_KNOTS('',3,(#11290,#11291,#11292,#11293),
 .UNSPECIFIED.,.F.,.F.,(4,4),(0.,0.00224946441710959),.UNSPECIFIED.);
#525=B_SPLINE_CURVE_WITH_KNOTS('',3,(#11296,#11297,#11298,#11299),
 .UNSPECIFIED.,.F.,.F.,(4,4),(6.77431173301776E-17,0.00153925039506447),
 .UNSPECIFIED.);
#526=B_SPLINE_CURVE_WITH_KNOTS('',3,(#11301,#11302,#11303,#11304),
 .UNSPECIFIED.,.F.,.F.,(4,4),(0.,0.00153925039506452),.UNSPECIFIED.);
#527=B_SPLINE_CURVE_WITH_KNOTS('',3,(#11307,#11308,#11309,#11310),
 .UNSPECIFIED.,.F.,.F.,(4,4),(0.,0.00224946441710958),.UNSPECIFIED.);
#528=B_SPLINE_CURVE_WITH_KNOTS('',3,(#11311,#11312,#11313,#11314),
 .UNSPECIFIED.,.F.,.F.,(4,4),(1.78435586338634E-34,0.00178760552431057),
 .UNSPECIFIED.);
#529=B_SPLINE_CURVE_WITH_KNOTS('',3,(#11316,#11317,#11318,#11319),
 .UNSPECIFIED.,.F.,.F.,(4,4),(9.18953285880589E-18,0.00224946441710959),
 .UNSPECIFIED.);
#530=B_SPLINE_CURVE_WITH_KNOTS('',3,(#11322,#11323,#11324,#11325),
 .UNSPECIFIED.,.F.,.F.,(4,4),(0.,0.00224946441710959),.UNSPECIFIED.);
#531=B_SPLINE_CURVE_WITH_KNOTS('',3,(#11326,#11327,#11328,#11329),
 .UNSPECIFIED.,.F.,.F.,(4,4),(0.,0.00178760552431058),.UNSPECIFIED.);
#532=B_SPLINE_CURVE_WITH_KNOTS('',3,(#11331,#11332,#11333,#11334),
 .UNSPECIFIED.,.F.,.F.,(4,4),(0.,0.0022494644171096),.UNSPECIFIED.);
#533=B_SPLINE_CURVE_WITH_KNOTS('',3,(#11337,#11338,#11339,#11340),
 .UNSPECIFIED.,.F.,.F.,(4,4),(0.,0.00153925039506452),.UNSPECIFIED.);
#534=B_SPLINE_CURVE_WITH_KNOTS('',3,(#11342,#11343,#11344,#11345),
 .UNSPECIFIED.,.F.,.F.,(4,4),(0.,0.00153925039506457),.UNSPECIFIED.);
#535=B_SPLINE_CURVE_WITH_KNOTS('',3,(#11348,#11349,#11350,#11351),
 .UNSPECIFIED.,.F.,.F.,(4,4),(0.,0.00224946441710955),.UNSPECIFIED.);
#536=B_SPLINE_CURVE_WITH_KNOTS('',3,(#11352,#11353,#11354,#11355),
 .UNSPECIFIED.,.F.,.F.,(4,4),(0.,0.00178760552431057),.UNSPECIFIED.);
#537=B_SPLINE_CURVE_WITH_KNOTS('',3,(#11357,#11358,#11359,#11360),
 .UNSPECIFIED.,.F.,.F.,(4,4),(0.,0.00224946441710959),.UNSPECIFIED.);
#538=B_SPLINE_CURVE_WITH_KNOTS('',3,(#11363,#11364,#11365,#11366),
 .UNSPECIFIED.,.F.,.F.,(4,4),(0.,0.0015392503950645),.UNSPECIFIED.);
#539=B_SPLINE_CURVE_WITH_KNOTS('',3,(#11368,#11369,#11370,#11371),
 .UNSPECIFIED.,.F.,.F.,(4,4),(0.,0.00153925039506451),.UNSPECIFIED.);
#540=B_SPLINE_CURVE_WITH_KNOTS('',3,(#11374,#11375,#11376,#11377),
 .UNSPECIFIED.,.F.,.F.,(4,4),(4.16536872535157E-18,0.00153925039506453),
 .UNSPECIFIED.);
#541=B_SPLINE_CURVE_WITH_KNOTS('',3,(#11379,#11380,#11381,#11382),
 .UNSPECIFIED.,.F.,.F.,(4,4),(0.,0.00153925039506448),.UNSPECIFIED.);
#542=B_SPLINE_CURVE_WITH_KNOTS('',3,(#11385,#11386,#11387,#11388),
 .UNSPECIFIED.,.F.,.F.,(4,4),(9.20880379432472E-18,0.00224946441710957),
 .UNSPECIFIED.);
#543=B_SPLINE_CURVE_WITH_KNOTS('',3,(#11389,#11390,#11391,#11392),
 .UNSPECIFIED.,.F.,.F.,(4,4),(1.22062079649442E-34,0.00178760552431057),
 .UNSPECIFIED.);
#544=B_SPLINE_CURVE_WITH_KNOTS('',3,(#11394,#11395,#11396,#11397),
 .UNSPECIFIED.,.F.,.F.,(4,4),(0.,0.00224946441710958),.UNSPECIFIED.);
#545=B_SPLINE_CURVE_WITH_KNOTS('',3,(#11400,#11401,#11402,#11403),
 .UNSPECIFIED.,.F.,.F.,(4,4),(0.,0.00224946441710959),.UNSPECIFIED.);
#546=B_SPLINE_CURVE_WITH_KNOTS('',3,(#11404,#11405,#11406,#11407),
 .UNSPECIFIED.,.F.,.F.,(4,4),(0.,0.00178760552431057),.UNSPECIFIED.);
#547=B_SPLINE_CURVE_WITH_KNOTS('',3,(#11409,#11410,#11411,#11412),
 .UNSPECIFIED.,.F.,.F.,(4,4),(0.,0.00224946441710956),.UNSPECIFIED.);
#548=B_SPLINE_CURVE_WITH_KNOTS('',3,(#11415,#11416,#11417,#11418),
 .UNSPECIFIED.,.F.,.F.,(4,4),(0.,0.00153925039506451),.UNSPECIFIED.);
#549=B_SPLINE_CURVE_WITH_KNOTS('',3,(#11420,#11421,#11422,#11423),
 .UNSPECIFIED.,.F.,.F.,(4,4),(0.,0.00153925039506457),.UNSPECIFIED.);
#550=B_SPLINE_CURVE_WITH_KNOTS('',3,(#11426,#11427,#11428,#11429),
 .UNSPECIFIED.,.F.,.F.,(4,4),(0.,0.00152152132978007),.UNSPECIFIED.);
#551=B_SPLINE_CURVE_WITH_KNOTS('',3,(#11430,#11431,#11432,#11433),
 .UNSPECIFIED.,.F.,.F.,(4,4),(0.,0.00152152132978009),.UNSPECIFIED.);
#552=B_SPLINE_CURVE_WITH_KNOTS('',3,(#11435,#11436,#11437,#11438),
 .UNSPECIFIED.,.F.,.F.,(4,4),(0.,0.00175928295579149),.UNSPECIFIED.);
#553=B_SPLINE_CURVE_WITH_KNOTS('',3,(#11440,#11441,#11442,#11443),
 .UNSPECIFIED.,.F.,.F.,(4,4),(4.23507242480775E-18,0.00175928295579154),
 .UNSPECIFIED.);
#554=B_SPLINE_CURVE_WITH_KNOTS('',3,(#11447,#11448,#11449,#11450),
 .UNSPECIFIED.,.F.,.F.,(4,4),(0.,0.00165547658982481),.UNSPECIFIED.);
#555=B_SPLINE_CURVE_WITH_KNOTS('',3,(#11452,#11453,#11454,#11455),
 .UNSPECIFIED.,.F.,.F.,(4,4),(4.26763448811302E-32,0.00165547658982486),
 .UNSPECIFIED.);
#556=B_SPLINE_CURVE_WITH_KNOTS('',3,(#11459,#11460,#11461,#11462),
 .UNSPECIFIED.,.F.,.F.,(4,4),(0.,0.00175928295579159),.UNSPECIFIED.);
#557=B_SPLINE_CURVE_WITH_KNOTS('',3,(#11464,#11465,#11466,#11467),
 .UNSPECIFIED.,.F.,.F.,(4,4),(0.,0.0017592829557915),.UNSPECIFIED.);
#558=B_SPLINE_CURVE_WITH_KNOTS('',3,(#11469,#11470,#11471,#11472),
 .UNSPECIFIED.,.F.,.F.,(4,4),(0.,0.00152152132978008),.UNSPECIFIED.);
#559=B_SPLINE_CURVE_WITH_KNOTS('',3,(#11474,#11475,#11476,#11477),
 .UNSPECIFIED.,.F.,.F.,(4,4),(0.,0.00152152132978005),.UNSPECIFIED.);
#560=B_SPLINE_CURVE_WITH_KNOTS('',3,(#11479,#11480,#11481,#11482),
 .UNSPECIFIED.,.F.,.F.,(4,4),(0.,0.00152152132978007),.UNSPECIFIED.);
#561=B_SPLINE_CURVE_WITH_KNOTS('',3,(#11484,#11485,#11486,#11487),
 .UNSPECIFIED.,.F.,.F.,(4,4),(0.,0.00152152132978009),.UNSPECIFIED.);
#562=B_SPLINE_CURVE_WITH_KNOTS('',3,(#11489,#11490,#11491,#11492),
 .UNSPECIFIED.,.F.,.F.,(4,4),(0.,0.00175928295579155),.UNSPECIFIED.);
#563=B_SPLINE_CURVE_WITH_KNOTS('',3,(#11494,#11495,#11496,#11497),
 .UNSPECIFIED.,.F.,.F.,(4,4),(0.,0.00175928295579153),.UNSPECIFIED.);
#564=B_SPLINE_CURVE_WITH_KNOTS('',3,(#11501,#11502,#11503,#11504),
 .UNSPECIFIED.,.F.,.F.,(4,4),(1.94274870856406E-17,0.00165547658982481),
 .UNSPECIFIED.);
#565=B_SPLINE_CURVE_WITH_KNOTS('',3,(#11506,#11507,#11508,#11509),
 .UNSPECIFIED.,.F.,.F.,(4,4),(0.,0.00165547658982481),.UNSPECIFIED.);
#566=B_SPLINE_CURVE_WITH_KNOTS('',3,(#11513,#11514,#11515,#11516),
 .UNSPECIFIED.,.F.,.F.,(4,4),(0.,0.00175928295579149),.UNSPECIFIED.);
#567=B_SPLINE_CURVE_WITH_KNOTS('',3,(#11518,#11519,#11520,#11521),
 .UNSPECIFIED.,.F.,.F.,(4,4),(0.,0.00175928295579151),.UNSPECIFIED.);
#568=B_SPLINE_CURVE_WITH_KNOTS('',3,(#11523,#11524,#11525,#11526),
 .UNSPECIFIED.,.F.,.F.,(4,4),(0.,0.0015215213297801),.UNSPECIFIED.);
#569=B_SPLINE_CURVE_WITH_KNOTS('',3,(#11528,#11529,#11530,#11531),
 .UNSPECIFIED.,.F.,.F.,(4,4),(0.,0.00152152132978006),.UNSPECIFIED.);
#570=B_SPLINE_CURVE_WITH_KNOTS('',3,(#11533,#11534,#11535,#11536),
 .UNSPECIFIED.,.F.,.F.,(4,4),(0.,0.00152152132978006),.UNSPECIFIED.);
#571=B_SPLINE_CURVE_WITH_KNOTS('',3,(#11538,#11539,#11540,#11541),
 .UNSPECIFIED.,.F.,.F.,(4,4),(0.,0.00152152132978007),.UNSPECIFIED.);
#572=B_SPLINE_CURVE_WITH_KNOTS('',3,(#11543,#11544,#11545,#11546),
 .UNSPECIFIED.,.F.,.F.,(4,4),(0.,0.00175928295579151),.UNSPECIFIED.);
#573=B_SPLINE_CURVE_WITH_KNOTS('',3,(#11548,#11549,#11550,#11551),
 .UNSPECIFIED.,.F.,.F.,(4,4),(0.,0.00175928295579151),.UNSPECIFIED.);
#574=B_SPLINE_CURVE_WITH_KNOTS('',3,(#11555,#11556,#11557,#11558),
 .UNSPECIFIED.,.F.,.F.,(4,4),(3.68075854408484E-32,0.00165547658982478),
 .UNSPECIFIED.);
#575=B_SPLINE_CURVE_WITH_KNOTS('',3,(#11560,#11561,#11562,#11563),
 .UNSPECIFIED.,.F.,.F.,(4,4),(0.,0.00165547658982483),.UNSPECIFIED.);
#576=B_SPLINE_CURVE_WITH_KNOTS('',3,(#11567,#11568,#11569,#11570),
 .UNSPECIFIED.,.F.,.F.,(4,4),(0.,0.00175928295579154),.UNSPECIFIED.);
#577=B_SPLINE_CURVE_WITH_KNOTS('',3,(#11572,#11573,#11574,#11575),
 .UNSPECIFIED.,.F.,.F.,(4,4),(0.,0.00175928295579153),.UNSPECIFIED.);
#578=B_SPLINE_CURVE_WITH_KNOTS('',3,(#11577,#11578,#11579,#11580),
 .UNSPECIFIED.,.F.,.F.,(4,4),(0.,0.00152152132978006),.UNSPECIFIED.);
#579=B_SPLINE_CURVE_WITH_KNOTS('',3,(#11582,#11583,#11584,#11585),
 .UNSPECIFIED.,.F.,.F.,(4,4),(0.,0.00152152132978009),.UNSPECIFIED.);
#580=B_SPLINE_CURVE_WITH_KNOTS('',3,(#11588,#11589,#11590,#11591),
 .UNSPECIFIED.,.F.,.F.,(4,4),(0.,0.00220597008423237),.UNSPECIFIED.);
#581=B_SPLINE_CURVE_WITH_KNOTS('',3,(#11592,#11593,#11594,#11595),
 .UNSPECIFIED.,.F.,.F.,(4,4),(1.50496386728051E-17,0.00220597008423234),
 .UNSPECIFIED.);
#582=B_SPLINE_CURVE_WITH_KNOTS('',3,(#11599,#11600,#11601,#11602),
 .UNSPECIFIED.,.F.,.F.,(4,4),(0.,0.00220597008423237),.UNSPECIFIED.);
#583=B_SPLINE_CURVE_WITH_KNOTS('',3,(#11604,#11605,#11606,#11607),
 .UNSPECIFIED.,.F.,.F.,(4,4),(0.,0.0022059700842323),.UNSPECIFIED.);
#584=B_SPLINE_CURVE_WITH_KNOTS('',3,(#11609,#11610,#11611,#11612),
 .UNSPECIFIED.,.F.,.F.,(4,4),(0.,0.00220597008423235),.UNSPECIFIED.);
#585=B_SPLINE_CURVE_WITH_KNOTS('',3,(#11614,#11615,#11616,#11617),
 .UNSPECIFIED.,.F.,.F.,(4,4),(0.,0.00220597008423235),.UNSPECIFIED.);
#586=B_SPLINE_CURVE_WITH_KNOTS('',3,(#11621,#11622,#11623,#11624),
 .UNSPECIFIED.,.F.,.F.,(4,4),(0.,0.0022059700842324),.UNSPECIFIED.);
#587=B_SPLINE_CURVE_WITH_KNOTS('',3,(#11626,#11627,#11628,#11629),
 .UNSPECIFIED.,.F.,.F.,(4,4),(0.,0.00220597008423235),.UNSPECIFIED.);
#588=B_SPLINE_CURVE_WITH_KNOTS('',3,(#11631,#11632,#11633,#11634),
 .UNSPECIFIED.,.F.,.F.,(4,4),(0.,0.00220597008423232),.UNSPECIFIED.);
#589=B_SPLINE_CURVE_WITH_KNOTS('',3,(#11636,#11637,#11638,#11639),
 .UNSPECIFIED.,.F.,.F.,(4,4),(0.,0.00220597008423239),.UNSPECIFIED.);
#590=B_SPLINE_CURVE_WITH_KNOTS('',3,(#11643,#11644,#11645,#11646),
 .UNSPECIFIED.,.F.,.F.,(4,4),(0.,0.00220597008423236),.UNSPECIFIED.);
#591=B_SPLINE_CURVE_WITH_KNOTS('',3,(#11648,#11649,#11650,#11651),
 .UNSPECIFIED.,.F.,.F.,(4,4),(0.,0.00220597008423235),.UNSPECIFIED.);
#592=B_SPLINE_CURVE_WITH_KNOTS('',3,(#11677,#11678,#11679,#11680),
 .UNSPECIFIED.,.F.,.F.,(4,4),(0.394443372357557,0.59451951932653),
 .UNSPECIFIED.);
#593=B_SPLINE_CURVE_WITH_KNOTS('',3,(#11689,#11690,#11691,#11692),
 .UNSPECIFIED.,.F.,.F.,(4,4),(0.405480480673574,0.605556627642713),
 .UNSPECIFIED.);
#594=B_SPLINE_CURVE_WITH_KNOTS('',3,(#11701,#11702,#11703,#11704),
 .UNSPECIFIED.,.F.,.F.,(4,4),(0.,1.),.UNSPECIFIED.);
#595=B_SPLINE_CURVE_WITH_KNOTS('',3,(#11707,#11708,#11709,#11710,#11711,
#11712,#11713,#11714,#11715,#11716,#11717,#11718,#11719,#11720),
 .UNSPECIFIED.,.F.,.F.,(4,1,1,1,1,1,1,1,1,1,1,4),(0.,0.0100996572713288,
0.0151494859069932,0.0201993145426576,0.025249143178322,0.0302989718139864,
0.0403986290853152,0.0454484577209796,0.050498286356644,0.0605979436279728,
0.0706976008993017,0.0807972581706305),.UNSPECIFIED.);
#596=B_SPLINE_CURVE_WITH_KNOTS('',3,(#11721,#11722,#11723,#11724,#11725,
#11726,#11727,#11728,#11729,#11730,#11731,#11732,#11733,#11734),
 .UNSPECIFIED.,.F.,.F.,(4,1,1,1,1,1,1,1,1,1,1,4),(0.,0.00996558555604123,
0.0199311711120825,0.0298967566681237,0.0398623422241649,0.0448451350021855,
0.0498279277802061,0.0548107205582267,0.0597935133362474,0.064776306114268,
0.0697590988922886,0.0797246844483298),.UNSPECIFIED.);
#597=B_SPLINE_CURVE_WITH_KNOTS('',3,(#11743,#11744,#11745,#11746,#11747,
#11748,#11749,#11750,#11751,#11752,#11753,#11754,#11755,#11756),
 .UNSPECIFIED.,.F.,.F.,(4,1,1,1,1,1,1,1,1,1,1,4),(2.08166817117217E-17,
0.0098956778622981,0.0197913557245962,0.0296870335868943,0.0346348725180433,
0.0395827114491923,0.0494783893114904,0.0544262282426394,0.0593740671737885,
0.0643219061049375,0.0692697450360866,0.0791654228983846),.UNSPECIFIED.);
#598=B_SPLINE_CURVE_WITH_KNOTS('',3,(#11757,#11758,#11759,#11760,#11761,
#11762,#11763,#11764,#11765,#11766,#11767,#11768,#11769,#11770),
 .UNSPECIFIED.,.F.,.F.,(4,1,1,1,1,1,1,1,1,1,1,4),(9.13749844946896E-16,
0.0101652083399406,0.0152478125099105,0.0203304166798803,0.0254130208498502,
0.03049562501982,0.0355782291897898,0.0406608333597597,0.0508260416996994,
0.0609912500396391,0.0711564583795788,0.0813216667195185),.UNSPECIFIED.);
#599=B_SPLINE_CURVE_WITH_KNOTS('',3,(#11779,#11780,#11781,#11782),
 .UNSPECIFIED.,.F.,.F.,(4,4),(0.394443372357527,0.594519519326526),
 .UNSPECIFIED.);
#600=B_SPLINE_CURVE_WITH_KNOTS('',3,(#11791,#11792,#11793,#11794),
 .UNSPECIFIED.,.F.,.F.,(4,4),(0.405480480673556,0.605556627642736),
 .UNSPECIFIED.);
#601=B_SPLINE_CURVE_WITH_KNOTS('',3,(#11803,#11804,#11805,#11806,#11807,
#11808,#11809,#11810,#11811,#11812,#11813,#11814,#11815,#11816,#11817),
 .UNSPECIFIED.,.F.,.F.,(4,1,1,1,1,1,1,1,1,1,1,1,4),(0.,0.00840963683638662,
0.0168192736727732,0.0252289105091599,0.0294337289273532,0.0336385473455465,
0.0420481841819331,0.0462530026001264,0.0504578210183197,0.054662639436513,
0.0588674578547063,0.0630722762728997,0.067277094691093),.UNSPECIFIED.);
#602=B_SPLINE_CURVE_WITH_KNOTS('',3,(#11819,#11820,#11821,#11822),
 .UNSPECIFIED.,.F.,.F.,(4,4),(0.,1.),.UNSPECIFIED.);
#603=B_SPLINE_CURVE_WITH_KNOTS('',3,(#11824,#11825,#11826,#11827,#11828,
#11829,#11830,#11831,#11832,#11833,#11834,#11835,#11836,#11837,#11838),
 .UNSPECIFIED.,.F.,.F.,(4,1,1,1,1,1,1,1,1,1,1,1,4),(0.,0.0043293698767721,
0.0086587397535442,0.0129881096303163,0.0173174795070884,0.0216468493838605,
0.0259762192606326,0.0346349590141768,0.0389643288909489,0.043293698767721,
0.0519524385212652,0.0606111782748094,0.0692699180283536),.UNSPECIFIED.);
#604=B_SPLINE_CURVE_WITH_KNOTS('',3,(#11847,#11848,#11849,#11850,#11851,
#11852,#11853,#11854,#11855,#11856,#11857,#11858,#11859,#11860,#11861),
 .UNSPECIFIED.,.F.,.F.,(4,1,1,1,1,1,1,1,1,1,1,1,4),(1.19582732186028E-16,
0.00430203694167666,0.00860407388335321,0.0129061108250298,0.0172081477667063,
0.0215101847083828,0.0258122216500594,0.0344162955334125,0.038718332475089,
0.0430203694167656,0.0516244433001187,0.0602285171834718,0.0688325910668248),
 .UNSPECIFIED.);
#605=B_SPLINE_CURVE_WITH_KNOTS('',3,(#11862,#11863,#11864,#11865,#11866,
#11867,#11868,#11869,#11870,#11871,#11872,#11873,#11874,#11875,#11876),
 .UNSPECIFIED.,.F.,.F.,(4,1,1,1,1,1,1,1,1,1,1,1,4),(0.,0.00846719868763618,
0.0169343973752724,0.0254015960629085,0.0296351954067266,0.0338687947505447,
0.0423359934381809,0.046569592781999,0.0508031921258171,0.0550367914696352,
0.0592703908134533,0.0635039901572714,0.0677375895010894),.UNSPECIFIED.);
#606=B_SPLINE_CURVE_WITH_KNOTS('',3,(#11878,#11879,#11880,#11881,#11882,
#11883,#11884,#11885),.UNSPECIFIED.,.F.,.F.,(4,1,1,1,1,4),(2.87709846214098E-21,
0.00065556432310677,0.00131112864621354,0.00262225729242708,0.00393338593864062,
0.00524451458485416),.UNSPECIFIED.);
#607=B_SPLINE_CURVE_WITH_KNOTS('',3,(#11886,#11887,#11888,#11889,#11890),
 .UNSPECIFIED.,.F.,.F.,(4,1,4),(0.,0.5,1.),.UNSPECIFIED.);
#608=B_SPLINE_CURVE_WITH_KNOTS('',3,(#11892,#11893,#11894,#11895,#11896,
#11897,#11898,#11899),.UNSPECIFIED.,.F.,.F.,(4,1,1,1,1,4),(0.,0.000655564323106766,
0.00131112864621353,0.00262225729242706,0.0039333859386406,0.00524451458485413),
 .UNSPECIFIED.);
#609=B_SPLINE_CURVE_WITH_KNOTS('',3,(#11900,#11901,#11902,#11903,#11904),
 .UNSPECIFIED.,.F.,.F.,(4,1,4),(0.,0.5,1.),.UNSPECIFIED.);
#610=B_SPLINE_CURVE_WITH_KNOTS('',3,(#11947,#11948,#11949,#11950,#11951),
 .UNSPECIFIED.,.F.,.F.,(4,1,4),(7.11025042035546E-17,0.00142297922033991,
0.00284595844067974),.UNSPECIFIED.);
#611=B_SPLINE_CURVE_WITH_KNOTS('',3,(#11991,#11992,#11993,#11994,#11995),
 .UNSPECIFIED.,.F.,.F.,(4,1,4),(0.,0.00176756749018029,0.00353513498036057),
 .UNSPECIFIED.);
#612=B_SPLINE_CURVE_WITH_KNOTS('',3,(#12038,#12039,#12040,#12041,#12042),
 .UNSPECIFIED.,.F.,.F.,(4,1,4),(0.,0.5,1.),.UNSPECIFIED.);
#613=B_SPLINE_CURVE_WITH_KNOTS('',3,(#12082,#12083,#12084,#12085,#12086),
 .UNSPECIFIED.,.F.,.F.,(4,1,4),(0.,0.5,1.),.UNSPECIFIED.);
#614=B_SPLINE_CURVE_WITH_KNOTS('',3,(#12088,#12089,#12090,#12091,#12092,
#12093,#12094,#12095),.UNSPECIFIED.,.F.,.F.,(4,1,1,1,1,4),(0.,0.000655564323106814,
0.00131112864621363,0.00262225729242725,0.00393338593864088,0.00524451458485451),
 .UNSPECIFIED.);
#615=B_SPLINE_CURVE_WITH_KNOTS('',3,(#12097,#12098,#12099,#12100,#12101,
#12102,#12103,#12104),.UNSPECIFIED.,.F.,.F.,(4,1,1,1,1,4),(0.,0.00065556432310679,
0.00131112864621358,0.00262225729242716,0.00393338593864074,0.00524451458485432),
 .UNSPECIFIED.);
#616=B_SPLINE_CURVE_WITH_KNOTS('',3,(#12106,#12107,#12108,#12109,#12110,
#12111,#12112,#12113),.UNSPECIFIED.,.F.,.F.,(4,1,1,1,1,4),(0.,0.000663017378686897,
0.00132603475737379,0.00265206951474759,0.00397810427212138,0.00530413902949517),
 .UNSPECIFIED.);
#617=B_SPLINE_CURVE_WITH_KNOTS('',3,(#12114,#12115,#12116,#12117,#12118),
 .UNSPECIFIED.,.F.,.F.,(4,1,4),(0.,0.5,1.),.UNSPECIFIED.);
#618=B_SPLINE_CURVE_WITH_KNOTS('',3,(#12120,#12121,#12122,#12123,#12124,
#12125,#12126,#12127),.UNSPECIFIED.,.F.,.F.,(4,1,1,1,1,4),(2.19522989741892E-22,
0.000663017378686889,0.00132603475737378,0.00265206951474756,0.00397810427212134,
0.00530413902949511),.UNSPECIFIED.);
#619=B_SPLINE_CURVE_WITH_KNOTS('',3,(#12128,#12129,#12130,#12131,#12132),
 .UNSPECIFIED.,.F.,.F.,(4,1,4),(0.,0.5,1.),.UNSPECIFIED.);
#620=B_SPLINE_CURVE_WITH_KNOTS('',3,(#12172,#12173,#12174,#12175,#12176),
 .UNSPECIFIED.,.F.,.F.,(4,1,4),(0.,0.00145564300505929,0.00291128601011858),
 .UNSPECIFIED.);
#621=B_SPLINE_CURVE_WITH_KNOTS('',3,(#12219,#12220,#12221,#12222,#12223),
 .UNSPECIFIED.,.F.,.F.,(4,1,4),(8.09207131142367E-17,0.00178890751092578,
0.00357781502185148),.UNSPECIFIED.);
#622=B_SPLINE_CURVE_WITH_KNOTS('',3,(#12263,#12264,#12265,#12266,#12267),
 .UNSPECIFIED.,.F.,.F.,(4,1,4),(0.,0.5,1.),.UNSPECIFIED.);
#623=B_SPLINE_CURVE_WITH_KNOTS('',3,(#12310,#12311,#12312,#12313,#12314),
 .UNSPECIFIED.,.F.,.F.,(4,1,4),(0.,0.5,1.),.UNSPECIFIED.);
#624=B_SPLINE_CURVE_WITH_KNOTS('',3,(#12316,#12317,#12318,#12319,#12320,
#12321,#12322,#12323),.UNSPECIFIED.,.F.,.F.,(4,1,1,1,1,4),(2.4616117320095E-16,
0.000663017378687128,0.00132603475737401,0.00265206951474777,0.00397810427212154,
0.0053041390294953),.UNSPECIFIED.);
#625=B_SPLINE_CURVE_WITH_KNOTS('',3,(#12325,#12326,#12327,#12328,#12329,
#12330,#12331,#12332),.UNSPECIFIED.,.F.,.F.,(4,1,1,1,1,4),(3.27899448628624E-16,
0.000663017378687218,0.00132603475737411,0.00265206951474789,0.00397810427212167,
0.00530413902949545),.UNSPECIFIED.);
#626=B_SPLINE_CURVE_WITH_KNOTS('',3,(#12341,#12342,#12343,#12344),
 .UNSPECIFIED.,.F.,.F.,(4,4),(0.405480480673592,0.605556627642758),
 .UNSPECIFIED.);
#627=B_SPLINE_CURVE_WITH_KNOTS('',3,(#12353,#12354,#12355,#12356),
 .UNSPECIFIED.,.F.,.F.,(4,4),(0.394443372357319,0.594519519326712),
 .UNSPECIFIED.);
#628=B_SPLINE_CURVE_WITH_KNOTS('',3,(#12365,#12366,#12367,#12368),
 .UNSPECIFIED.,.F.,.F.,(4,4),(0.,1.),.UNSPECIFIED.);
#629=B_SPLINE_CURVE_WITH_KNOTS('',3,(#12371,#12372,#12373,#12374,#12375,
#12376,#12377,#12378,#12379,#12380,#12381,#12382,#12383,#12384),
 .UNSPECIFIED.,.F.,.F.,(4,1,1,1,1,1,1,1,1,1,1,4),(0.,0.00697670644821023,
0.0104650596723153,0.0139534128964205,0.0174417661205256,0.0209301193446307,
0.0244184725687358,0.0279068257928409,0.0313951790169461,0.0348835322410512,
0.0418602386892614,0.0558136515856819),.UNSPECIFIED.);
#630=B_SPLINE_CURVE_WITH_KNOTS('',3,(#12385,#12386,#12387,#12388,#12389,
#12390,#12391,#12392,#12393,#12394,#12395,#12396,#12397,#12398),
 .UNSPECIFIED.,.F.,.F.,(4,1,1,1,1,1,1,1,1,1,1,4),(0.,0.0138901558934913,
0.0208352338402369,0.0243077728136097,0.0277803117869826,0.0312528507603554,
0.0347253897337282,0.038197928707101,0.0416704676804738,0.0451430066538466,
0.0486155456272195,0.0555606235739651),.UNSPECIFIED.);
#631=B_SPLINE_CURVE_WITH_KNOTS('',3,(#12407,#12408,#12409,#12410,#12411,
#12412,#12413,#12414,#12415,#12416,#12417,#12418,#12419,#12420),
 .UNSPECIFIED.,.F.,.F.,(4,1,1,1,1,1,1,1,1,1,1,4),(3.46944695195361E-18,
0.0137954808957343,0.0206932213436015,0.0241420915675351,0.0275909617914686,
0.0310398320154022,0.0344887022393358,0.0379375724632694,0.0413864426872029,
0.0448353129111365,0.0482841831350701,0.0551819235829373),.UNSPECIFIED.);
#632=B_SPLINE_CURVE_WITH_KNOTS('',3,(#12421,#12422,#12423,#12424,#12425,
#12426,#12427,#12428,#12429,#12430,#12431,#12432,#12433,#12434),
 .UNSPECIFIED.,.F.,.F.,(4,1,1,1,1,1,1,1,1,1,1,4),(6.66856224503463E-16,
0.00702086007680389,0.0105312901152055,0.0140417201536071,0.0175521501920087,
0.0210625802304103,0.0245730102688119,0.0280834403072136,0.0315938703456152,
0.0351043003840168,0.04212516046082,0.0561668806144264),.UNSPECIFIED.);
#633=B_SPLINE_CURVE_WITH_KNOTS('',3,(#12443,#12444,#12445,#12446),
 .UNSPECIFIED.,.F.,.F.,(4,4),(0.40548048067358,0.605556627642722),
 .UNSPECIFIED.);
#634=B_SPLINE_CURVE_WITH_KNOTS('',3,(#12455,#12456,#12457,#12458),
 .UNSPECIFIED.,.F.,.F.,(4,4),(0.394443372357354,0.594519519326715),
 .UNSPECIFIED.);
#635=B_SPLINE_CURVE_WITH_KNOTS('',3,(#12467,#12468,#12469,#12470,#12471,
#12472,#12473,#12474,#12475,#12476,#12477),.UNSPECIFIED.,.F.,.F.,(4,1,1,
1,1,1,1,1,4),(0.,0.0106781030326132,0.0160171545489198,0.0186866803070731,
0.0213562060652264,0.0266952575815329,0.0320343090978395,0.0373733606141461,
0.0427124121304527),.UNSPECIFIED.);
#636=B_SPLINE_CURVE_WITH_KNOTS('',3,(#12479,#12480,#12481,#12482),
 .UNSPECIFIED.,.F.,.F.,(4,4),(0.,1.),.UNSPECIFIED.);
#637=B_SPLINE_CURVE_WITH_KNOTS('',3,(#12484,#12485,#12486,#12487,#12488,
#12489,#12490,#12491,#12492,#12493),.UNSPECIFIED.,.F.,.F.,(4,1,1,1,1,1,
1,4),(0.,0.00550926010323789,0.0110185202064758,0.0165277803097137,0.0220370404129516,
0.0275463005161895,0.0330555606194274,0.0440740808259031),.UNSPECIFIED.);
#638=B_SPLINE_CURVE_WITH_KNOTS('',3,(#12502,#12503,#12504,#12505,#12506,
#12507,#12508,#12509,#12510,#12511,#12512),.UNSPECIFIED.,.F.,.F.,(4,1,1,
1,1,1,1,1,4),(6.93889390390723E-18,0.00547463032224308,0.0109492606444861,
0.0164238909667292,0.0218985212889723,0.0246358364500938,0.0273731516112154,
0.0328477819334584,0.0437970425779446),.UNSPECIFIED.);
#639=B_SPLINE_CURVE_WITH_KNOTS('',3,(#12513,#12514,#12515,#12516,#12517,
#12518,#12519,#12520,#12521,#12522),.UNSPECIFIED.,.F.,.F.,(4,1,1,1,1,1,
1,4),(0.,0.0107483111467562,0.0161224667201343,0.0214966222935124,0.0268707778668905,
0.0322449334402686,0.0376190890136467,0.0429932445870248),.UNSPECIFIED.);
#640=B_SPLINE_CURVE_WITH_KNOTS('',3,(#12524,#12525,#12526,#12527,#12528,
#12529,#12530,#12531),.UNSPECIFIED.,.F.,.F.,(4,1,1,1,1,4),(0.,0.000655564323106763,
0.00131112864621353,0.00262225729242705,0.00393338593864058,0.0052445145848541),
 .UNSPECIFIED.);
#641=B_SPLINE_CURVE_WITH_KNOTS('',3,(#12532,#12533,#12534,#12535,#12536),
 .UNSPECIFIED.,.F.,.F.,(4,1,4),(0.,0.5,1.),.UNSPECIFIED.);
#642=B_SPLINE_CURVE_WITH_KNOTS('',3,(#12567,#12568,#12569,#12570,#12571),
 .UNSPECIFIED.,.F.,.F.,(4,1,4),(3.10316769155909E-17,0.00174008458995009,
0.00348016917990015),.UNSPECIFIED.);
#643=B_SPLINE_CURVE_WITH_KNOTS('',3,(#12602,#12603,#12604,#12605,#12606),
 .UNSPECIFIED.,.F.,.F.,(4,1,4),(0.,0.5,1.),.UNSPECIFIED.);
#644=B_SPLINE_CURVE_WITH_KNOTS('',3,(#12608,#12609,#12610,#12611,#12612,
#12613,#12614,#12615),.UNSPECIFIED.,.F.,.F.,(4,1,1,1,1,4),(0.,0.000655564323106785,
0.00131112864621357,0.00262225729242714,0.00393338593864071,0.00524451458485428),
 .UNSPECIFIED.);
#645=B_SPLINE_CURVE_WITH_KNOTS('',3,(#12617,#12618,#12619,#12620,#12621,
#12622,#12623,#12624),.UNSPECIFIED.,.F.,.F.,(4,1,1,1,1,4),(0.,0.000655564323106761,
0.00131112864621352,0.00262225729242704,0.00393338593864057,0.00524451458485409),
 .UNSPECIFIED.);
#646=B_SPLINE_CURVE_WITH_KNOTS('',3,(#12625,#12626,#12627,#12628,#12629),
 .UNSPECIFIED.,.F.,.F.,(4,1,4),(0.,0.5,1.),.UNSPECIFIED.);
#647=B_SPLINE_CURVE_WITH_KNOTS('',3,(#12672,#12673,#12674,#12675,#12676),
 .UNSPECIFIED.,.F.,.F.,(4,1,4),(1.55158384577955E-17,0.0014908533402014,
0.00298170668040278),.UNSPECIFIED.);
#648=B_SPLINE_CURVE_WITH_KNOTS('',3,(#12719,#12720,#12721,#12722,#12723),
 .UNSPECIFIED.,.F.,.F.,(4,1,4),(0.,0.5,1.),.UNSPECIFIED.);
#649=B_SPLINE_CURVE_WITH_KNOTS('',3,(#12725,#12726,#12727,#12728,#12729,
#12730,#12731,#12732),.UNSPECIFIED.,.F.,.F.,(4,1,1,1,1,4),(0.,0.000655564323106782,
0.00131112864621356,0.00262225729242713,0.00393338593864069,0.00524451458485426),
 .UNSPECIFIED.);
#650=B_SPLINE_CURVE_WITH_KNOTS('',3,(#12734,#12735,#12736,#12737,#12738,
#12739,#12740,#12741),.UNSPECIFIED.,.F.,.F.,(4,1,1,1,1,4),(1.39857877853494E-17,
0.000663017378686914,0.00132603475737381,0.00265206951474761,0.00397810427212142,
0.00530413902949522),.UNSPECIFIED.);
#651=B_SPLINE_CURVE_WITH_KNOTS('',3,(#12742,#12743,#12744,#12745,#12746),
 .UNSPECIFIED.,.F.,.F.,(4,1,4),(0.,0.5,1.),.UNSPECIFIED.);
#652=B_SPLINE_CURVE_WITH_KNOTS('',3,(#12777,#12778,#12779,#12780,#12781),
 .UNSPECIFIED.,.F.,.F.,(4,1,4),(6.93889390390723E-18,0.00152425529903526,
0.00304851059807051),.UNSPECIFIED.);
#653=B_SPLINE_CURVE_WITH_KNOTS('',3,(#12812,#12813,#12814,#12815,#12816),
 .UNSPECIFIED.,.F.,.F.,(4,1,4),(0.,0.5,1.),.UNSPECIFIED.);
#654=B_SPLINE_CURVE_WITH_KNOTS('',3,(#12818,#12819,#12820,#12821,#12822,
#12823,#12824,#12825),.UNSPECIFIED.,.F.,.F.,(4,1,1,1,1,4),(6.93512527795687E-16,
0.000663017378687524,0.00132603475737435,0.00265206951474802,0.00397810427212168,
0.00530413902949534),.UNSPECIFIED.);
#655=B_SPLINE_CURVE_WITH_KNOTS('',3,(#12827,#12828,#12829,#12830,#12831,
#12832,#12833,#12834),.UNSPECIFIED.,.F.,.F.,(4,1,1,1,1,4),(0.,0.000663017378686904,
0.00132603475737381,0.00265206951474762,0.00397810427212143,0.00530413902949524),
 .UNSPECIFIED.);
#656=B_SPLINE_CURVE_WITH_KNOTS('',3,(#12835,#12836,#12837,#12838,#12839),
 .UNSPECIFIED.,.F.,.F.,(4,1,4),(0.,0.5,1.),.UNSPECIFIED.);
#657=B_SPLINE_CURVE_WITH_KNOTS('',3,(#12882,#12883,#12884,#12885,#12886),
 .UNSPECIFIED.,.F.,.F.,(4,1,4),(0.,0.0017568711873794,0.0035137423747588),
 .UNSPECIFIED.);
#658=B_SPLINE_CURVE_WITH_KNOTS('',3,(#12929,#12930,#12931,#12932,#12933),
 .UNSPECIFIED.,.F.,.F.,(4,1,4),(0.,0.5,1.),.UNSPECIFIED.);
#659=B_SPLINE_CURVE_WITH_KNOTS('',3,(#12935,#12936,#12937,#12938,#12939,
#12940,#12941,#12942),.UNSPECIFIED.,.F.,.F.,(4,1,1,1,1,4),(7.66002208872965E-16,
0.000663017378687604,0.00132603475737444,0.00265206951474812,0.0039781042721218,
0.00530413902949547),.UNSPECIFIED.);
#660=TOROIDAL_SURFACE('',#6007,0.073,0.002);
#661=TOROIDAL_SURFACE('',#6009,0.073,0.002);
#662=TOROIDAL_SURFACE('',#6011,0.072,0.002);
#663=TOROIDAL_SURFACE('',#6017,0.072,0.002);
#664=TOROIDAL_SURFACE('',#6025,0.073,0.002);
#665=TOROIDAL_SURFACE('',#6027,0.072,0.002);
#666=TOROIDAL_SURFACE('',#6215,0.073,0.002);
#667=TOROIDAL_SURFACE('',#6216,0.072,0.002);
#668=TOROIDAL_SURFACE('',#6407,0.008,0.002);
#669=TOROIDAL_SURFACE('',#6408,0.008,0.002);
#670=TOROIDAL_SURFACE('',#6409,0.008,0.002);
#671=TOROIDAL_SURFACE('',#6410,0.008,0.002);
#672=TOROIDAL_SURFACE('',#6411,0.008,0.002);
#673=TOROIDAL_SURFACE('',#6412,0.008,0.002);
#674=TOROIDAL_SURFACE('',#6422,0.033,0.002);
#675=TOROIDAL_SURFACE('',#6425,0.032,0.002);
#676=TOROIDAL_SURFACE('',#6428,0.032,0.002);
#677=TOROIDAL_SURFACE('',#6431,0.033,0.002);
#678=TOROIDAL_SURFACE('',#6434,0.033,0.002);
#679=TOROIDAL_SURFACE('',#6437,0.032,0.002);
#680=TOROIDAL_SURFACE('',#6440,0.033,0.002);
#681=TOROIDAL_SURFACE('',#6443,0.032,0.002);
#682=TOROIDAL_SURFACE('',#6446,0.032,0.002);
#683=TOROIDAL_SURFACE('',#6447,0.032,0.002);
#684=TOROIDAL_SURFACE('',#6450,0.032,0.002);
#685=TOROIDAL_SURFACE('',#6451,0.0505,0.002);
#686=TOROIDAL_SURFACE('',#6454,0.0514999999999994,0.002);
#687=TOROIDAL_SURFACE('',#6457,0.033,0.002);
#688=TOROIDAL_SURFACE('',#6459,0.0330000000000004,0.002);
#689=TOROIDAL_SURFACE('',#6461,0.032,0.002);
#690=TOROIDAL_SURFACE('',#6463,0.0330000000000008,0.002);
#691=TOROIDAL_SURFACE('',#6465,0.033,0.002);
#692=TOROIDAL_SURFACE('',#6467,0.032,0.002);
#693=TOROIDAL_SURFACE('',#6469,0.033,0.002);
#694=TOROIDAL_SURFACE('',#6472,0.0505,0.002);
#695=TOROIDAL_SURFACE('',#6475,0.033,0.002);
#696=TOROIDAL_SURFACE('',#6476,0.032,0.002);
#697=TOROIDAL_SURFACE('',#6478,0.0330000000000003,0.002);
#698=TOROIDAL_SURFACE('',#6480,0.033,0.002);
#699=TOROIDAL_SURFACE('',#6482,0.032,0.002);
#700=TOROIDAL_SURFACE('',#6484,0.033,0.002);
#701=TOROIDAL_SURFACE('',#6485,0.0515,0.002);
#702=TOROIDAL_SURFACE('',#6488,0.033,0.002);
#703=TOROIDAL_SURFACE('',#6489,0.032,0.002);
#704=TOROIDAL_SURFACE('',#6491,0.033,0.002);
#705=TOROIDAL_SURFACE('',#6493,0.0330000000000003,0.002);
#706=TOROIDAL_SURFACE('',#6495,0.032,0.002);
#707=TOROIDAL_SURFACE('',#6497,0.033,0.002);
#708=TOROIDAL_SURFACE('',#6500,0.033,0.002);
#709=TOROIDAL_SURFACE('',#6501,0.033,0.002);
#710=TOROIDAL_SURFACE('',#6504,0.0505,0.002);
#711=TOROIDAL_SURFACE('',#6507,0.033,0.002);
#712=TOROIDAL_SURFACE('',#6510,0.0505,0.002);
#713=TOROIDAL_SURFACE('',#6513,0.0515,0.002);
#714=TOROIDAL_SURFACE('',#6516,0.033,0.002);
#715=TOROIDAL_SURFACE('',#6517,0.032,0.002);
#716=TOROIDAL_SURFACE('',#6519,0.033,0.002);
#717=TOROIDAL_SURFACE('',#6521,0.0330000000000006,0.002);
#718=TOROIDAL_SURFACE('',#6523,0.032,0.002);
#719=TOROIDAL_SURFACE('',#6525,0.033,0.002);
#720=TOROIDAL_SURFACE('',#6526,0.0515,0.002);
#721=TOROIDAL_SURFACE('',#6529,0.033,0.002);
#722=TOROIDAL_SURFACE('',#6530,0.032,0.002);
#723=TOROIDAL_SURFACE('',#6532,0.0330000000000005,0.002);
#724=TOROIDAL_SURFACE('',#6534,0.0330000000000007,0.002);
#725=TOROIDAL_SURFACE('',#6536,0.032,0.002);
#726=TOROIDAL_SURFACE('',#6538,0.033,0.002);
#727=TOROIDAL_SURFACE('',#6541,0.033,0.002);
#728=TOROIDAL_SURFACE('',#6542,0.033,0.002);
#729=TOROIDAL_SURFACE('',#6545,0.0505,0.002);
#730=TOROIDAL_SURFACE('',#6548,0.033,0.002);
#731=TOROIDAL_SURFACE('',#6551,0.0505,0.002);
#732=TOROIDAL_SURFACE('',#6554,0.0515,0.002);
#733=TOROIDAL_SURFACE('',#6557,0.033,0.002);
#734=TOROIDAL_SURFACE('',#6558,0.032,0.002);
#735=TOROIDAL_SURFACE('',#6560,0.032,0.002);
#736=TOROIDAL_SURFACE('',#6562,0.033,0.002);
#737=TOROIDAL_SURFACE('',#6563,0.0515,0.002);
#738=TOROIDAL_SURFACE('',#6566,0.033,0.002);
#739=TOROIDAL_SURFACE('',#6567,0.033,0.002);
#740=TOROIDAL_SURFACE('',#6570,0.033,0.002);
#741=TOROIDAL_SURFACE('',#6571,0.0505,0.002);
#742=TOROIDAL_SURFACE('',#6574,0.0515,0.002);
#743=TOROIDAL_SURFACE('',#6577,0.032,0.002);
#744=TOROIDAL_SURFACE('',#6578,0.032,0.002);
#745=TOROIDAL_SURFACE('',#6581,0.032,0.002);
#746=TOROIDAL_SURFACE('',#6582,0.0505,0.002);
#747=TOROIDAL_SURFACE('',#6585,0.0515000000000009,0.002);
#748=TOROIDAL_SURFACE('',#6588,0.032,0.002);
#749=TOROIDAL_SURFACE('',#6589,0.0319999999999996,0.002);
#750=TOROIDAL_SURFACE('',#6592,0.032,0.002);
#751=TOROIDAL_SURFACE('',#6593,0.032,0.002);
#752=TOROIDAL_SURFACE('',#6596,0.0505000000000013,0.002);
#753=TOROIDAL_SURFACE('',#6599,0.0515,0.002);
#754=TOROIDAL_SURFACE('',#6602,0.032,0.002);
#755=TOROIDAL_SURFACE('',#6603,0.0319999999999996,0.002);
#756=TOROIDAL_SURFACE('',#6606,0.032,0.002);
#757=TOROIDAL_SURFACE('',#6607,0.032,0.002);
#758=TOROIDAL_SURFACE('',#6610,0.0505,0.002);
#759=TOROIDAL_SURFACE('',#6613,0.0514999999999994,0.002);
#760=TOROIDAL_SURFACE('',#6616,0.032,0.002);
#761=TOROIDAL_SURFACE('',#6617,0.032,0.002);
#762=TOROIDAL_SURFACE('',#6620,0.032,0.002);
#763=TOROIDAL_SURFACE('',#6621,0.0505,0.002);
#764=TOROIDAL_SURFACE('',#6624,0.0515000000000008,0.002);
#765=TOROIDAL_SURFACE('',#6627,0.032,0.002);
#766=TOROIDAL_SURFACE('',#6628,0.0319999999999996,0.002);
#767=TOROIDAL_SURFACE('',#6631,0.032,0.002);
#768=TOROIDAL_SURFACE('',#6632,0.0505,0.002);
#769=TOROIDAL_SURFACE('',#6635,0.0515,0.002);
#770=TOROIDAL_SURFACE('',#6734,0.051,0.001);
#771=TOROIDAL_SURFACE('',#6735,0.051,0.001);
#772=TOROIDAL_SURFACE('',#6736,0.051,0.001);
#773=TOROIDAL_SURFACE('',#6737,0.051,0.001);
#774=TOROIDAL_SURFACE('',#6738,0.051,0.001);
#775=TOROIDAL_SURFACE('',#6739,0.051,0.001);
#776=TOROIDAL_SURFACE('',#6740,0.051,0.001);
#777=TOROIDAL_SURFACE('',#6741,0.051,0.001);
#778=TOROIDAL_SURFACE('',#6742,0.051,0.001);
#779=TOROIDAL_SURFACE('',#6743,0.051,0.001);
#780=TOROIDAL_SURFACE('',#6744,0.051,0.001);
#781=TOROIDAL_SURFACE('',#6745,0.051,0.001);
#782=TOROIDAL_SURFACE('',#6748,0.007,0.003);
#783=TOROIDAL_SURFACE('',#6773,0.012,0.002);
#784=LINE('',#8468,#838);
#785=LINE('',#8472,#839);
#786=LINE('',#8477,#840);
#787=LINE('',#8481,#841);
#788=LINE('',#8574,#842);
#789=LINE('',#8578,#843);
#790=LINE('',#8583,#844);
#791=LINE('',#8587,#845);
#792=LINE('',#8781,#846);
#793=LINE('',#8786,#847);
#794=LINE('',#8818,#848);
#795=LINE('',#8819,#849);
#796=LINE('',#8848,#850);
#797=LINE('',#8872,#851);
#798=LINE('',#8892,#852);
#799=LINE('',#8926,#853);
#800=LINE('',#9155,#854);
#801=LINE('',#9157,#855);
#802=LINE('',#9182,#856);
#803=LINE('',#9214,#857);
#804=LINE('',#9215,#858);
#805=LINE('',#9244,#859);
#806=LINE('',#9248,#860);
#807=LINE('',#9278,#861);
#808=LINE('',#9766,#862);
#809=LINE('',#9778,#863);
#810=LINE('',#9788,#864);
#811=LINE('',#9809,#865);
#812=LINE('',#9832,#866);
#813=LINE('',#9868,#867);
#814=LINE('',#11670,#868);
#815=LINE('',#11673,#869);
#816=LINE('',#11675,#870);
#817=LINE('',#11682,#871);
#818=LINE('',#11685,#872);
#819=LINE('',#11687,#873);
#820=LINE('',#11772,#874);
#821=LINE('',#11775,#875);
#822=LINE('',#11777,#876);
#823=LINE('',#11784,#877);
#824=LINE('',#11787,#878);
#825=LINE('',#11789,#879);
#826=LINE('',#12334,#880);
#827=LINE('',#12337,#881);
#828=LINE('',#12339,#882);
#829=LINE('',#12346,#883);
#830=LINE('',#12349,#884);
#831=LINE('',#12351,#885);
#832=LINE('',#12436,#886);
#833=LINE('',#12439,#887);
#834=LINE('',#12441,#888);
#835=LINE('',#12448,#889);
#836=LINE('',#12451,#890);
#837=LINE('',#12453,#891);
#838=VECTOR('',#6809,1.);
#839=VECTOR('',#6812,1.);
#840=VECTOR('',#6817,1.);
#841=VECTOR('',#6820,1.);
#842=VECTOR('',#6849,1.);
#843=VECTOR('',#6852,1.);
#844=VECTOR('',#6857,1.);
#845=VECTOR('',#6860,1.);
#846=VECTOR('',#6935,1.);
#847=VECTOR('',#6938,1.);
#848=VECTOR('',#6939,1.);
#849=VECTOR('',#6940,1.);
#850=VECTOR('',#6941,1.);
#851=VECTOR('',#6942,1.);
#852=VECTOR('',#6945,1.);
#853=VECTOR('',#6946,1.);
#854=VECTOR('',#7011,1.);
#855=VECTOR('',#7012,1.);
#856=VECTOR('',#7015,1.);
#857=VECTOR('',#7016,1.);
#858=VECTOR('',#7017,1.);
#859=VECTOR('',#7018,1.);
#860=VECTOR('',#7021,1.);
#861=VECTOR('',#7022,1.);
#862=VECTOR('',#7499,1.);
#863=VECTOR('',#7506,1.);
#864=VECTOR('',#7511,1.);
#865=VECTOR('',#7524,1.);
#866=VECTOR('',#7539,1.);
#867=VECTOR('',#7558,1.);
#868=VECTOR('',#8333,1.);
#869=VECTOR('',#8334,1.);
#870=VECTOR('',#8335,1.);
#871=VECTOR('',#8338,1.);
#872=VECTOR('',#8339,1.);
#873=VECTOR('',#8340,1.);
#874=VECTOR('',#8343,1.);
#875=VECTOR('',#8344,1.);
#876=VECTOR('',#8345,1.);
#877=VECTOR('',#8348,1.);
#878=VECTOR('',#8349,1.);
#879=VECTOR('',#8350,1.);
#880=VECTOR('',#8369,1.);
#881=VECTOR('',#8370,1.);
#882=VECTOR('',#8371,1.);
#883=VECTOR('',#8374,1.);
#884=VECTOR('',#8375,1.);
#885=VECTOR('',#8376,1.);
#886=VECTOR('',#8379,1.);
#887=VECTOR('',#8380,1.);
#888=VECTOR('',#8381,1.);
#889=VECTOR('',#8384,1.);
#890=VECTOR('',#8385,1.);
#891=VECTOR('',#8386,1.);
#892=ORIENTED_EDGE('',*,*,#2792,.T.);
#893=ORIENTED_EDGE('',*,*,#2793,.T.);
#894=ORIENTED_EDGE('',*,*,#2794,.T.);
#895=ORIENTED_EDGE('',*,*,#2795,.T.);
#896=ORIENTED_EDGE('',*,*,#2796,.T.);
#897=ORIENTED_EDGE('',*,*,#2797,.T.);
#898=ORIENTED_EDGE('',*,*,#2798,.T.);
#899=ORIENTED_EDGE('',*,*,#2799,.T.);
#900=ORIENTED_EDGE('',*,*,#2800,.F.);
#901=ORIENTED_EDGE('',*,*,#2801,.T.);
#902=ORIENTED_EDGE('',*,*,#2792,.F.);
#903=ORIENTED_EDGE('',*,*,#2802,.T.);
#904=ORIENTED_EDGE('',*,*,#2803,.F.);
#905=ORIENTED_EDGE('',*,*,#2804,.T.);
#906=ORIENTED_EDGE('',*,*,#2796,.F.);
#907=ORIENTED_EDGE('',*,*,#2805,.T.);
#908=ORIENTED_EDGE('',*,*,#2794,.F.);
#909=ORIENTED_EDGE('',*,*,#2806,.T.);
#910=ORIENTED_EDGE('',*,*,#2807,.F.);
#911=ORIENTED_EDGE('',*,*,#2808,.F.);
#912=ORIENTED_EDGE('',*,*,#2809,.F.);
#913=ORIENTED_EDGE('',*,*,#2810,.F.);
#914=ORIENTED_EDGE('',*,*,#2811,.F.);
#915=ORIENTED_EDGE('',*,*,#2812,.T.);
#916=ORIENTED_EDGE('',*,*,#2798,.F.);
#917=ORIENTED_EDGE('',*,*,#2813,.T.);
#918=ORIENTED_EDGE('',*,*,#2814,.F.);
#919=ORIENTED_EDGE('',*,*,#2815,.T.);
#920=ORIENTED_EDGE('',*,*,#2816,.T.);
#921=ORIENTED_EDGE('',*,*,#2817,.T.);
#922=ORIENTED_EDGE('',*,*,#2818,.T.);
#923=ORIENTED_EDGE('',*,*,#2819,.T.);
#924=ORIENTED_EDGE('',*,*,#2820,.T.);
#925=ORIENTED_EDGE('',*,*,#2821,.T.);
#926=ORIENTED_EDGE('',*,*,#2822,.T.);
#927=ORIENTED_EDGE('',*,*,#2823,.T.);
#928=ORIENTED_EDGE('',*,*,#2822,.F.);
#929=ORIENTED_EDGE('',*,*,#2824,.T.);
#930=ORIENTED_EDGE('',*,*,#2825,.F.);
#931=ORIENTED_EDGE('',*,*,#2826,.T.);
#932=ORIENTED_EDGE('',*,*,#2827,.F.);
#933=ORIENTED_EDGE('',*,*,#2828,.T.);
#934=ORIENTED_EDGE('',*,*,#2816,.F.);
#935=ORIENTED_EDGE('',*,*,#2829,.T.);
#936=ORIENTED_EDGE('',*,*,#2830,.F.);
#937=ORIENTED_EDGE('',*,*,#2831,.F.);
#938=ORIENTED_EDGE('',*,*,#2832,.F.);
#939=ORIENTED_EDGE('',*,*,#2833,.F.);
#940=ORIENTED_EDGE('',*,*,#2834,.F.);
#941=ORIENTED_EDGE('',*,*,#2835,.F.);
#942=ORIENTED_EDGE('',*,*,#2836,.F.);
#943=ORIENTED_EDGE('',*,*,#2837,.F.);
#944=ORIENTED_EDGE('',*,*,#2838,.F.);
#945=ORIENTED_EDGE('',*,*,#2839,.F.);
#946=ORIENTED_EDGE('',*,*,#2840,.F.);
#947=ORIENTED_EDGE('',*,*,#2841,.F.);
#948=ORIENTED_EDGE('',*,*,#2842,.F.);
#949=ORIENTED_EDGE('',*,*,#2843,.F.);
#950=ORIENTED_EDGE('',*,*,#2844,.F.);
#951=ORIENTED_EDGE('',*,*,#2845,.F.);
#952=ORIENTED_EDGE('',*,*,#2846,.F.);
#953=ORIENTED_EDGE('',*,*,#2847,.F.);
#954=ORIENTED_EDGE('',*,*,#2848,.F.);
#955=ORIENTED_EDGE('',*,*,#2849,.F.);
#956=ORIENTED_EDGE('',*,*,#2850,.F.);
#957=ORIENTED_EDGE('',*,*,#2851,.T.);
#958=ORIENTED_EDGE('',*,*,#2852,.F.);
#959=ORIENTED_EDGE('',*,*,#2848,.T.);
#960=ORIENTED_EDGE('',*,*,#2853,.F.);
#961=ORIENTED_EDGE('',*,*,#2844,.T.);
#962=ORIENTED_EDGE('',*,*,#2854,.F.);
#963=ORIENTED_EDGE('',*,*,#2855,.T.);
#964=ORIENTED_EDGE('',*,*,#2856,.F.);
#965=ORIENTED_EDGE('',*,*,#2846,.T.);
#966=ORIENTED_EDGE('',*,*,#2857,.F.);
#967=ORIENTED_EDGE('',*,*,#2858,.T.);
#968=ORIENTED_EDGE('',*,*,#2859,.F.);
#969=ORIENTED_EDGE('',*,*,#2860,.T.);
#970=ORIENTED_EDGE('',*,*,#2861,.F.);
#971=ORIENTED_EDGE('',*,*,#2809,.T.);
#972=ORIENTED_EDGE('',*,*,#2862,.F.);
#973=ORIENTED_EDGE('',*,*,#2840,.T.);
#974=ORIENTED_EDGE('',*,*,#2863,.F.);
#975=ORIENTED_EDGE('',*,*,#2864,.T.);
#976=ORIENTED_EDGE('',*,*,#2865,.F.);
#977=ORIENTED_EDGE('',*,*,#2842,.T.);
#978=ORIENTED_EDGE('',*,*,#2866,.F.);
#979=ORIENTED_EDGE('',*,*,#2867,.T.);
#980=ORIENTED_EDGE('',*,*,#2868,.T.);
#981=ORIENTED_EDGE('',*,*,#2869,.T.);
#982=ORIENTED_EDGE('',*,*,#2870,.T.);
#983=ORIENTED_EDGE('',*,*,#2871,.T.);
#984=ORIENTED_EDGE('',*,*,#2872,.T.);
#985=ORIENTED_EDGE('',*,*,#2873,.T.);
#986=ORIENTED_EDGE('',*,*,#2814,.T.);
#987=ORIENTED_EDGE('',*,*,#2874,.T.);
#988=ORIENTED_EDGE('',*,*,#2875,.T.);
#989=ORIENTED_EDGE('',*,*,#2876,.T.);
#990=ORIENTED_EDGE('',*,*,#2807,.T.);
#991=ORIENTED_EDGE('',*,*,#2877,.T.);
#992=ORIENTED_EDGE('',*,*,#2878,.T.);
#993=ORIENTED_EDGE('',*,*,#2879,.T.);
#994=ORIENTED_EDGE('',*,*,#2880,.T.);
#995=ORIENTED_EDGE('',*,*,#2811,.T.);
#996=ORIENTED_EDGE('',*,*,#2881,.F.);
#997=ORIENTED_EDGE('',*,*,#2882,.T.);
#998=ORIENTED_EDGE('',*,*,#2883,.F.);
#999=ORIENTED_EDGE('',*,*,#2830,.T.);
#1000=ORIENTED_EDGE('',*,*,#2884,.T.);
#1001=ORIENTED_EDGE('',*,*,#2885,.T.);
#1002=ORIENTED_EDGE('',*,*,#2886,.T.);
#1003=ORIENTED_EDGE('',*,*,#2887,.T.);
#1004=ORIENTED_EDGE('',*,*,#2827,.T.);
#1005=ORIENTED_EDGE('',*,*,#2888,.F.);
#1006=ORIENTED_EDGE('',*,*,#2889,.T.);
#1007=ORIENTED_EDGE('',*,*,#2890,.F.);
#1008=ORIENTED_EDGE('',*,*,#2891,.F.);
#1009=ORIENTED_EDGE('',*,*,#2892,.T.);
#1010=ORIENTED_EDGE('',*,*,#2893,.F.);
#1011=ORIENTED_EDGE('',*,*,#2832,.T.);
#1012=ORIENTED_EDGE('',*,*,#2894,.F.);
#1013=ORIENTED_EDGE('',*,*,#2836,.T.);
#1014=ORIENTED_EDGE('',*,*,#2895,.F.);
#1015=ORIENTED_EDGE('',*,*,#2896,.T.);
#1016=ORIENTED_EDGE('',*,*,#2897,.F.);
#1017=ORIENTED_EDGE('',*,*,#2838,.T.);
#1018=ORIENTED_EDGE('',*,*,#2898,.F.);
#1019=ORIENTED_EDGE('',*,*,#2899,.T.);
#1020=ORIENTED_EDGE('',*,*,#2900,.F.);
#1021=ORIENTED_EDGE('',*,*,#2901,.F.);
#1022=ORIENTED_EDGE('',*,*,#2902,.F.);
#1023=ORIENTED_EDGE('',*,*,#2858,.F.);
#1024=ORIENTED_EDGE('',*,*,#2903,.F.);
#1025=ORIENTED_EDGE('',*,*,#2855,.F.);
#1026=ORIENTED_EDGE('',*,*,#2904,.F.);
#1027=ORIENTED_EDGE('',*,*,#2905,.F.);
#1028=ORIENTED_EDGE('',*,*,#2906,.F.);
#1029=ORIENTED_EDGE('',*,*,#2907,.F.);
#1030=ORIENTED_EDGE('',*,*,#2908,.F.);
#1031=ORIENTED_EDGE('',*,*,#2851,.F.);
#1032=ORIENTED_EDGE('',*,*,#2909,.F.);
#1033=ORIENTED_EDGE('',*,*,#2867,.F.);
#1034=ORIENTED_EDGE('',*,*,#2910,.F.);
#1035=ORIENTED_EDGE('',*,*,#2911,.F.);
#1036=ORIENTED_EDGE('',*,*,#2912,.F.);
#1037=ORIENTED_EDGE('',*,*,#2913,.F.);
#1038=ORIENTED_EDGE('',*,*,#2914,.F.);
#1039=ORIENTED_EDGE('',*,*,#2889,.F.);
#1040=ORIENTED_EDGE('',*,*,#2915,.F.);
#1041=ORIENTED_EDGE('',*,*,#2864,.F.);
#1042=ORIENTED_EDGE('',*,*,#2916,.F.);
#1043=ORIENTED_EDGE('',*,*,#2917,.F.);
#1044=ORIENTED_EDGE('',*,*,#2918,.F.);
#1045=ORIENTED_EDGE('',*,*,#2919,.F.);
#1046=ORIENTED_EDGE('',*,*,#2920,.F.);
#1047=ORIENTED_EDGE('',*,*,#2860,.F.);
#1048=ORIENTED_EDGE('',*,*,#2921,.F.);
#1049=ORIENTED_EDGE('',*,*,#2899,.F.);
#1050=ORIENTED_EDGE('',*,*,#2922,.F.);
#1051=ORIENTED_EDGE('',*,*,#2923,.F.);
#1052=ORIENTED_EDGE('',*,*,#2924,.F.);
#1053=ORIENTED_EDGE('',*,*,#2882,.F.);
#1054=ORIENTED_EDGE('',*,*,#2925,.F.);
#1055=ORIENTED_EDGE('',*,*,#2926,.F.);
#1056=ORIENTED_EDGE('',*,*,#2927,.F.);
#1057=ORIENTED_EDGE('',*,*,#2896,.F.);
#1058=ORIENTED_EDGE('',*,*,#2928,.F.);
#1059=ORIENTED_EDGE('',*,*,#2929,.F.);
#1060=ORIENTED_EDGE('',*,*,#2930,.F.);
#1061=ORIENTED_EDGE('',*,*,#2931,.F.);
#1062=ORIENTED_EDGE('',*,*,#2932,.F.);
#1063=ORIENTED_EDGE('',*,*,#2892,.F.);
#1064=ORIENTED_EDGE('',*,*,#2933,.F.);
#1065=ORIENTED_EDGE('',*,*,#2934,.T.);
#1066=ORIENTED_EDGE('',*,*,#2935,.F.);
#1067=ORIENTED_EDGE('',*,*,#2834,.T.);
#1068=ORIENTED_EDGE('',*,*,#2936,.T.);
#1069=ORIENTED_EDGE('',*,*,#2800,.T.);
#1070=ORIENTED_EDGE('',*,*,#2937,.T.);
#1071=ORIENTED_EDGE('',*,*,#2938,.T.);
#1072=ORIENTED_EDGE('',*,*,#2939,.T.);
#1073=ORIENTED_EDGE('',*,*,#2940,.T.);
#1074=ORIENTED_EDGE('',*,*,#2825,.T.);
#1075=ORIENTED_EDGE('',*,*,#2941,.T.);
#1076=ORIENTED_EDGE('',*,*,#2942,.T.);
#1077=ORIENTED_EDGE('',*,*,#2943,.T.);
#1078=ORIENTED_EDGE('',*,*,#2944,.T.);
#1079=ORIENTED_EDGE('',*,*,#2803,.T.);
#1080=ORIENTED_EDGE('',*,*,#2945,.T.);
#1081=ORIENTED_EDGE('',*,*,#2946,.T.);
#1082=ORIENTED_EDGE('',*,*,#2947,.T.);
#1083=ORIENTED_EDGE('',*,*,#2948,.T.);
#1084=ORIENTED_EDGE('',*,*,#2949,.T.);
#1085=ORIENTED_EDGE('',*,*,#2950,.T.);
#1086=ORIENTED_EDGE('',*,*,#2951,.T.);
#1087=ORIENTED_EDGE('',*,*,#2952,.T.);
#1088=ORIENTED_EDGE('',*,*,#2953,.T.);
#1089=ORIENTED_EDGE('',*,*,#2913,.T.);
#1090=ORIENTED_EDGE('',*,*,#2954,.T.);
#1091=ORIENTED_EDGE('',*,*,#2955,.T.);
#1092=ORIENTED_EDGE('',*,*,#2956,.T.);
#1093=ORIENTED_EDGE('',*,*,#2957,.T.);
#1094=ORIENTED_EDGE('',*,*,#2958,.T.);
#1095=ORIENTED_EDGE('',*,*,#2959,.T.);
#1096=ORIENTED_EDGE('',*,*,#2926,.T.);
#1097=ORIENTED_EDGE('',*,*,#2960,.T.);
#1098=ORIENTED_EDGE('',*,*,#2961,.T.);
#1099=ORIENTED_EDGE('',*,*,#2962,.T.);
#1100=ORIENTED_EDGE('',*,*,#2963,.T.);
#1101=ORIENTED_EDGE('',*,*,#2964,.T.);
#1102=ORIENTED_EDGE('',*,*,#2965,.T.);
#1103=ORIENTED_EDGE('',*,*,#2919,.T.);
#1104=ORIENTED_EDGE('',*,*,#2966,.T.);
#1105=ORIENTED_EDGE('',*,*,#2967,.T.);
#1106=ORIENTED_EDGE('',*,*,#2907,.T.);
#1107=ORIENTED_EDGE('',*,*,#2968,.T.);
#1108=ORIENTED_EDGE('',*,*,#2969,.T.);
#1109=ORIENTED_EDGE('',*,*,#2901,.T.);
#1110=ORIENTED_EDGE('',*,*,#2970,.T.);
#1111=ORIENTED_EDGE('',*,*,#2971,.T.);
#1112=ORIENTED_EDGE('',*,*,#2972,.T.);
#1113=ORIENTED_EDGE('',*,*,#2973,.T.);
#1114=ORIENTED_EDGE('',*,*,#2974,.T.);
#1115=ORIENTED_EDGE('',*,*,#2905,.T.);
#1116=ORIENTED_EDGE('',*,*,#2975,.T.);
#1117=ORIENTED_EDGE('',*,*,#2976,.T.);
#1118=ORIENTED_EDGE('',*,*,#2911,.T.);
#1119=ORIENTED_EDGE('',*,*,#2977,.T.);
#1120=ORIENTED_EDGE('',*,*,#2978,.T.);
#1121=ORIENTED_EDGE('',*,*,#2979,.T.);
#1122=ORIENTED_EDGE('',*,*,#2980,.T.);
#1123=ORIENTED_EDGE('',*,*,#2981,.T.);
#1124=ORIENTED_EDGE('',*,*,#2917,.T.);
#1125=ORIENTED_EDGE('',*,*,#2982,.T.);
#1126=ORIENTED_EDGE('',*,*,#2983,.T.);
#1127=ORIENTED_EDGE('',*,*,#2923,.T.);
#1128=ORIENTED_EDGE('',*,*,#2984,.T.);
#1129=ORIENTED_EDGE('',*,*,#2985,.T.);
#1130=ORIENTED_EDGE('',*,*,#2986,.T.);
#1131=ORIENTED_EDGE('',*,*,#2987,.T.);
#1132=ORIENTED_EDGE('',*,*,#2988,.T.);
#1133=ORIENTED_EDGE('',*,*,#2929,.T.);
#1134=ORIENTED_EDGE('',*,*,#2989,.T.);
#1135=ORIENTED_EDGE('',*,*,#2990,.T.);
#1136=ORIENTED_EDGE('',*,*,#2991,.T.);
#1137=ORIENTED_EDGE('',*,*,#2992,.T.);
#1138=ORIENTED_EDGE('',*,*,#2993,.T.);
#1139=ORIENTED_EDGE('',*,*,#2994,.T.);
#1140=ORIENTED_EDGE('',*,*,#2995,.T.);
#1141=ORIENTED_EDGE('',*,*,#2996,.T.);
#1142=ORIENTED_EDGE('',*,*,#2931,.T.);
#1143=ORIENTED_EDGE('',*,*,#2997,.T.);
#1144=ORIENTED_EDGE('',*,*,#2998,.T.);
#1145=ORIENTED_EDGE('',*,*,#2999,.T.);
#1146=ORIENTED_EDGE('',*,*,#3000,.T.);
#1147=ORIENTED_EDGE('',*,*,#3001,.T.);
#1148=ORIENTED_EDGE('',*,*,#3002,.T.);
#1149=ORIENTED_EDGE('',*,*,#3003,.T.);
#1150=ORIENTED_EDGE('',*,*,#3004,.T.);
#1151=ORIENTED_EDGE('',*,*,#3005,.T.);
#1152=ORIENTED_EDGE('',*,*,#3006,.T.);
#1153=ORIENTED_EDGE('',*,*,#3007,.T.);
#1154=ORIENTED_EDGE('',*,*,#3008,.T.);
#1155=ORIENTED_EDGE('',*,*,#3009,.T.);
#1156=ORIENTED_EDGE('',*,*,#3010,.T.);
#1157=ORIENTED_EDGE('',*,*,#3011,.T.);
#1158=ORIENTED_EDGE('',*,*,#3012,.T.);
#1159=ORIENTED_EDGE('',*,*,#3013,.T.);
#1160=ORIENTED_EDGE('',*,*,#3014,.T.);
#1161=ORIENTED_EDGE('',*,*,#3015,.T.);
#1162=ORIENTED_EDGE('',*,*,#3016,.T.);
#1163=ORIENTED_EDGE('',*,*,#3017,.T.);
#1164=ORIENTED_EDGE('',*,*,#3018,.T.);
#1165=ORIENTED_EDGE('',*,*,#3019,.T.);
#1166=ORIENTED_EDGE('',*,*,#3020,.T.);
#1167=ORIENTED_EDGE('',*,*,#3021,.T.);
#1168=ORIENTED_EDGE('',*,*,#3022,.T.);
#1169=ORIENTED_EDGE('',*,*,#3023,.T.);
#1170=ORIENTED_EDGE('',*,*,#3024,.T.);
#1171=ORIENTED_EDGE('',*,*,#3025,.T.);
#1172=ORIENTED_EDGE('',*,*,#3026,.T.);
#1173=ORIENTED_EDGE('',*,*,#3027,.T.);
#1174=ORIENTED_EDGE('',*,*,#3028,.T.);
#1175=ORIENTED_EDGE('',*,*,#3029,.T.);
#1176=ORIENTED_EDGE('',*,*,#3030,.T.);
#1177=ORIENTED_EDGE('',*,*,#3031,.T.);
#1178=ORIENTED_EDGE('',*,*,#3032,.T.);
#1179=ORIENTED_EDGE('',*,*,#3033,.T.);
#1180=ORIENTED_EDGE('',*,*,#3034,.T.);
#1181=ORIENTED_EDGE('',*,*,#3035,.T.);
#1182=ORIENTED_EDGE('',*,*,#3036,.T.);
#1183=ORIENTED_EDGE('',*,*,#3037,.T.);
#1184=ORIENTED_EDGE('',*,*,#3038,.T.);
#1185=ORIENTED_EDGE('',*,*,#3039,.T.);
#1186=ORIENTED_EDGE('',*,*,#3040,.T.);
#1187=ORIENTED_EDGE('',*,*,#3041,.T.);
#1188=ORIENTED_EDGE('',*,*,#3042,.T.);
#1189=ORIENTED_EDGE('',*,*,#3043,.T.);
#1190=ORIENTED_EDGE('',*,*,#3044,.T.);
#1191=ORIENTED_EDGE('',*,*,#3045,.T.);
#1192=ORIENTED_EDGE('',*,*,#3046,.T.);
#1193=ORIENTED_EDGE('',*,*,#3047,.T.);
#1194=ORIENTED_EDGE('',*,*,#3048,.T.);
#1195=ORIENTED_EDGE('',*,*,#3049,.T.);
#1196=ORIENTED_EDGE('',*,*,#3050,.T.);
#1197=ORIENTED_EDGE('',*,*,#3051,.T.);
#1198=ORIENTED_EDGE('',*,*,#3052,.T.);
#1199=ORIENTED_EDGE('',*,*,#3053,.T.);
#1200=ORIENTED_EDGE('',*,*,#3054,.T.);
#1201=ORIENTED_EDGE('',*,*,#3055,.T.);
#1202=ORIENTED_EDGE('',*,*,#3056,.T.);
#1203=ORIENTED_EDGE('',*,*,#3057,.T.);
#1204=ORIENTED_EDGE('',*,*,#3058,.T.);
#1205=ORIENTED_EDGE('',*,*,#3059,.T.);
#1206=ORIENTED_EDGE('',*,*,#3060,.T.);
#1207=ORIENTED_EDGE('',*,*,#3061,.T.);
#1208=ORIENTED_EDGE('',*,*,#3062,.T.);
#1209=ORIENTED_EDGE('',*,*,#3063,.T.);
#1210=ORIENTED_EDGE('',*,*,#3064,.T.);
#1211=ORIENTED_EDGE('',*,*,#3065,.T.);
#1212=ORIENTED_EDGE('',*,*,#3066,.T.);
#1213=ORIENTED_EDGE('',*,*,#3067,.T.);
#1214=ORIENTED_EDGE('',*,*,#3068,.T.);
#1215=ORIENTED_EDGE('',*,*,#3069,.T.);
#1216=ORIENTED_EDGE('',*,*,#2818,.F.);
#1217=ORIENTED_EDGE('',*,*,#3070,.T.);
#1218=ORIENTED_EDGE('',*,*,#2949,.F.);
#1219=ORIENTED_EDGE('',*,*,#3071,.T.);
#1220=ORIENTED_EDGE('',*,*,#2869,.F.);
#1221=ORIENTED_EDGE('',*,*,#3072,.T.);
#1222=ORIENTED_EDGE('',*,*,#2820,.F.);
#1223=ORIENTED_EDGE('',*,*,#3073,.T.);
#1224=ORIENTED_EDGE('',*,*,#3074,.F.);
#1225=ORIENTED_EDGE('',*,*,#2934,.F.);
#1226=ORIENTED_EDGE('',*,*,#3075,.F.);
#1227=ORIENTED_EDGE('',*,*,#2991,.F.);
#1228=ORIENTED_EDGE('',*,*,#2959,.F.);
#1229=ORIENTED_EDGE('',*,*,#2940,.F.);
#1230=ORIENTED_EDGE('',*,*,#3076,.T.);
#1231=ORIENTED_EDGE('',*,*,#2810,.T.);
#1232=ORIENTED_EDGE('',*,*,#3077,.T.);
#1233=ORIENTED_EDGE('',*,*,#3078,.T.);
#1234=ORIENTED_EDGE('',*,*,#2808,.T.);
#1235=ORIENTED_EDGE('',*,*,#3079,.T.);
#1236=ORIENTED_EDGE('',*,*,#3080,.T.);
#1237=ORIENTED_EDGE('',*,*,#3081,.T.);
#1238=ORIENTED_EDGE('',*,*,#3082,.T.);
#1239=ORIENTED_EDGE('',*,*,#3083,.T.);
#1240=ORIENTED_EDGE('',*,*,#3084,.T.);
#1241=ORIENTED_EDGE('',*,*,#3085,.T.);
#1242=ORIENTED_EDGE('',*,*,#3086,.T.);
#1243=ORIENTED_EDGE('',*,*,#3087,.T.);
#1244=ORIENTED_EDGE('',*,*,#3088,.T.);
#1245=ORIENTED_EDGE('',*,*,#3089,.T.);
#1246=ORIENTED_EDGE('',*,*,#3090,.T.);
#1247=ORIENTED_EDGE('',*,*,#3091,.T.);
#1248=ORIENTED_EDGE('',*,*,#3092,.T.);
#1249=ORIENTED_EDGE('',*,*,#3093,.T.);
#1250=ORIENTED_EDGE('',*,*,#3094,.T.);
#1251=ORIENTED_EDGE('',*,*,#2849,.T.);
#1252=ORIENTED_EDGE('',*,*,#3095,.T.);
#1253=ORIENTED_EDGE('',*,*,#3096,.T.);
#1254=ORIENTED_EDGE('',*,*,#2847,.T.);
#1255=ORIENTED_EDGE('',*,*,#3097,.T.);
#1256=ORIENTED_EDGE('',*,*,#3098,.T.);
#1257=ORIENTED_EDGE('',*,*,#3099,.T.);
#1258=ORIENTED_EDGE('',*,*,#3100,.T.);
#1259=ORIENTED_EDGE('',*,*,#3101,.T.);
#1260=ORIENTED_EDGE('',*,*,#3102,.T.);
#1261=ORIENTED_EDGE('',*,*,#3103,.T.);
#1262=ORIENTED_EDGE('',*,*,#3104,.T.);
#1263=ORIENTED_EDGE('',*,*,#3105,.T.);
#1264=ORIENTED_EDGE('',*,*,#3106,.T.);
#1265=ORIENTED_EDGE('',*,*,#3107,.T.);
#1266=ORIENTED_EDGE('',*,*,#3108,.T.);
#1267=ORIENTED_EDGE('',*,*,#3109,.T.);
#1268=ORIENTED_EDGE('',*,*,#3110,.T.);
#1269=ORIENTED_EDGE('',*,*,#3111,.T.);
#1270=ORIENTED_EDGE('',*,*,#3112,.T.);
#1271=ORIENTED_EDGE('',*,*,#2837,.T.);
#1272=ORIENTED_EDGE('',*,*,#3113,.T.);
#1273=ORIENTED_EDGE('',*,*,#3114,.T.);
#1274=ORIENTED_EDGE('',*,*,#2835,.T.);
#1275=ORIENTED_EDGE('',*,*,#3115,.T.);
#1276=ORIENTED_EDGE('',*,*,#3116,.T.);
#1277=ORIENTED_EDGE('',*,*,#3117,.T.);
#1278=ORIENTED_EDGE('',*,*,#3118,.T.);
#1279=ORIENTED_EDGE('',*,*,#3119,.T.);
#1280=ORIENTED_EDGE('',*,*,#3120,.T.);
#1281=ORIENTED_EDGE('',*,*,#3121,.T.);
#1282=ORIENTED_EDGE('',*,*,#3122,.T.);
#1283=ORIENTED_EDGE('',*,*,#3123,.T.);
#1284=ORIENTED_EDGE('',*,*,#3124,.T.);
#1285=ORIENTED_EDGE('',*,*,#3125,.T.);
#1286=ORIENTED_EDGE('',*,*,#3126,.T.);
#1287=ORIENTED_EDGE('',*,*,#3127,.T.);
#1288=ORIENTED_EDGE('',*,*,#3128,.T.);
#1289=ORIENTED_EDGE('',*,*,#3129,.T.);
#1290=ORIENTED_EDGE('',*,*,#3130,.T.);
#1291=ORIENTED_EDGE('',*,*,#2833,.T.);
#1292=ORIENTED_EDGE('',*,*,#3131,.T.);
#1293=ORIENTED_EDGE('',*,*,#3132,.T.);
#1294=ORIENTED_EDGE('',*,*,#2831,.T.);
#1295=ORIENTED_EDGE('',*,*,#3133,.T.);
#1296=ORIENTED_EDGE('',*,*,#3134,.T.);
#1297=ORIENTED_EDGE('',*,*,#3135,.T.);
#1298=ORIENTED_EDGE('',*,*,#3136,.T.);
#1299=ORIENTED_EDGE('',*,*,#3137,.T.);
#1300=ORIENTED_EDGE('',*,*,#3138,.T.);
#1301=ORIENTED_EDGE('',*,*,#3139,.T.);
#1302=ORIENTED_EDGE('',*,*,#3140,.T.);
#1303=ORIENTED_EDGE('',*,*,#3141,.T.);
#1304=ORIENTED_EDGE('',*,*,#3142,.T.);
#1305=ORIENTED_EDGE('',*,*,#3143,.T.);
#1306=ORIENTED_EDGE('',*,*,#3144,.T.);
#1307=ORIENTED_EDGE('',*,*,#3145,.T.);
#1308=ORIENTED_EDGE('',*,*,#3146,.T.);
#1309=ORIENTED_EDGE('',*,*,#3147,.T.);
#1310=ORIENTED_EDGE('',*,*,#3148,.T.);
#1311=ORIENTED_EDGE('',*,*,#2841,.T.);
#1312=ORIENTED_EDGE('',*,*,#3149,.T.);
#1313=ORIENTED_EDGE('',*,*,#3150,.T.);
#1314=ORIENTED_EDGE('',*,*,#2839,.T.);
#1315=ORIENTED_EDGE('',*,*,#3151,.T.);
#1316=ORIENTED_EDGE('',*,*,#3152,.T.);
#1317=ORIENTED_EDGE('',*,*,#3153,.T.);
#1318=ORIENTED_EDGE('',*,*,#3154,.T.);
#1319=ORIENTED_EDGE('',*,*,#3155,.T.);
#1320=ORIENTED_EDGE('',*,*,#3156,.T.);
#1321=ORIENTED_EDGE('',*,*,#3157,.T.);
#1322=ORIENTED_EDGE('',*,*,#3158,.T.);
#1323=ORIENTED_EDGE('',*,*,#3159,.T.);
#1324=ORIENTED_EDGE('',*,*,#3160,.T.);
#1325=ORIENTED_EDGE('',*,*,#3161,.T.);
#1326=ORIENTED_EDGE('',*,*,#3162,.T.);
#1327=ORIENTED_EDGE('',*,*,#3163,.T.);
#1328=ORIENTED_EDGE('',*,*,#3164,.T.);
#1329=ORIENTED_EDGE('',*,*,#3165,.T.);
#1330=ORIENTED_EDGE('',*,*,#3166,.T.);
#1331=ORIENTED_EDGE('',*,*,#2845,.T.);
#1332=ORIENTED_EDGE('',*,*,#3167,.T.);
#1333=ORIENTED_EDGE('',*,*,#3168,.T.);
#1334=ORIENTED_EDGE('',*,*,#2843,.T.);
#1335=ORIENTED_EDGE('',*,*,#3169,.T.);
#1336=ORIENTED_EDGE('',*,*,#3170,.T.);
#1337=ORIENTED_EDGE('',*,*,#3171,.T.);
#1338=ORIENTED_EDGE('',*,*,#3172,.T.);
#1339=ORIENTED_EDGE('',*,*,#3173,.T.);
#1340=ORIENTED_EDGE('',*,*,#3174,.T.);
#1341=ORIENTED_EDGE('',*,*,#3175,.T.);
#1342=ORIENTED_EDGE('',*,*,#3176,.T.);
#1343=ORIENTED_EDGE('',*,*,#3177,.T.);
#1344=ORIENTED_EDGE('',*,*,#3178,.T.);
#1345=ORIENTED_EDGE('',*,*,#3179,.T.);
#1346=ORIENTED_EDGE('',*,*,#3180,.T.);
#1347=ORIENTED_EDGE('',*,*,#3181,.T.);
#1348=ORIENTED_EDGE('',*,*,#3182,.T.);
#1349=ORIENTED_EDGE('',*,*,#3183,.T.);
#1350=ORIENTED_EDGE('',*,*,#3184,.T.);
#1351=ORIENTED_EDGE('',*,*,#3185,.T.);
#1352=ORIENTED_EDGE('',*,*,#3186,.T.);
#1353=ORIENTED_EDGE('',*,*,#3187,.F.);
#1354=ORIENTED_EDGE('',*,*,#3188,.T.);
#1355=ORIENTED_EDGE('',*,*,#3189,.T.);
#1356=ORIENTED_EDGE('',*,*,#3190,.T.);
#1357=ORIENTED_EDGE('',*,*,#3191,.T.);
#1358=ORIENTED_EDGE('',*,*,#3192,.F.);
#1359=ORIENTED_EDGE('',*,*,#3193,.T.);
#1360=ORIENTED_EDGE('',*,*,#3194,.F.);
#1361=ORIENTED_EDGE('',*,*,#3195,.T.);
#1362=ORIENTED_EDGE('',*,*,#3196,.F.);
#1363=ORIENTED_EDGE('',*,*,#3197,.T.);
#1364=ORIENTED_EDGE('',*,*,#3187,.T.);
#1365=ORIENTED_EDGE('',*,*,#3198,.T.);
#1366=ORIENTED_EDGE('',*,*,#3199,.F.);
#1367=ORIENTED_EDGE('',*,*,#3200,.T.);
#1368=ORIENTED_EDGE('',*,*,#3201,.F.);
#1369=ORIENTED_EDGE('',*,*,#3202,.T.);
#1370=ORIENTED_EDGE('',*,*,#3203,.F.);
#1371=ORIENTED_EDGE('',*,*,#3204,.T.);
#1372=ORIENTED_EDGE('',*,*,#3194,.T.);
#1373=ORIENTED_EDGE('',*,*,#3205,.T.);
#1374=ORIENTED_EDGE('',*,*,#3206,.T.);
#1375=ORIENTED_EDGE('',*,*,#3207,.T.);
#1376=ORIENTED_EDGE('',*,*,#3208,.T.);
#1377=ORIENTED_EDGE('',*,*,#3209,.F.);
#1378=ORIENTED_EDGE('',*,*,#3210,.T.);
#1379=ORIENTED_EDGE('',*,*,#3211,.T.);
#1380=ORIENTED_EDGE('',*,*,#3212,.T.);
#1381=ORIENTED_EDGE('',*,*,#3201,.T.);
#1382=ORIENTED_EDGE('',*,*,#3213,.T.);
#1383=ORIENTED_EDGE('',*,*,#3214,.T.);
#1384=ORIENTED_EDGE('',*,*,#3215,.T.);
#1385=ORIENTED_EDGE('',*,*,#3216,.T.);
#1386=ORIENTED_EDGE('',*,*,#3217,.T.);
#1387=ORIENTED_EDGE('',*,*,#3218,.T.);
#1388=ORIENTED_EDGE('',*,*,#3219,.T.);
#1389=ORIENTED_EDGE('',*,*,#3220,.F.);
#1390=ORIENTED_EDGE('',*,*,#3221,.T.);
#1391=ORIENTED_EDGE('',*,*,#3222,.T.);
#1392=ORIENTED_EDGE('',*,*,#3223,.T.);
#1393=ORIENTED_EDGE('',*,*,#3191,.F.);
#1394=ORIENTED_EDGE('',*,*,#3224,.T.);
#1395=ORIENTED_EDGE('',*,*,#3225,.T.);
#1396=ORIENTED_EDGE('',*,*,#3226,.T.);
#1397=ORIENTED_EDGE('',*,*,#3220,.T.);
#1398=ORIENTED_EDGE('',*,*,#3227,.F.);
#1399=ORIENTED_EDGE('',*,*,#3035,.F.);
#1400=ORIENTED_EDGE('',*,*,#3228,.F.);
#1401=ORIENTED_EDGE('',*,*,#3229,.F.);
#1402=ORIENTED_EDGE('',*,*,#3230,.F.);
#1403=ORIENTED_EDGE('',*,*,#3210,.F.);
#1404=ORIENTED_EDGE('',*,*,#3231,.F.);
#1405=ORIENTED_EDGE('',*,*,#3039,.F.);
#1406=ORIENTED_EDGE('',*,*,#3232,.F.);
#1407=ORIENTED_EDGE('',*,*,#3026,.F.);
#1408=ORIENTED_EDGE('',*,*,#3233,.F.);
#1409=ORIENTED_EDGE('',*,*,#3213,.F.);
#1410=ORIENTED_EDGE('',*,*,#3234,.F.);
#1411=ORIENTED_EDGE('',*,*,#3022,.F.);
#1412=ORIENTED_EDGE('',*,*,#3235,.F.);
#1413=ORIENTED_EDGE('',*,*,#3219,.F.);
#1414=ORIENTED_EDGE('',*,*,#3236,.F.);
#1415=ORIENTED_EDGE('',*,*,#3044,.F.);
#1416=ORIENTED_EDGE('',*,*,#3237,.F.);
#1417=ORIENTED_EDGE('',*,*,#3238,.F.);
#1418=ORIENTED_EDGE('',*,*,#3239,.F.);
#1419=ORIENTED_EDGE('',*,*,#3205,.F.);
#1420=ORIENTED_EDGE('',*,*,#3240,.F.);
#1421=ORIENTED_EDGE('',*,*,#3051,.F.);
#1422=ORIENTED_EDGE('',*,*,#3241,.F.);
#1423=ORIENTED_EDGE('',*,*,#3017,.F.);
#1424=ORIENTED_EDGE('',*,*,#3242,.F.);
#1425=ORIENTED_EDGE('',*,*,#3243,.F.);
#1426=ORIENTED_EDGE('',*,*,#3244,.F.);
#1427=ORIENTED_EDGE('',*,*,#3013,.F.);
#1428=ORIENTED_EDGE('',*,*,#3245,.F.);
#1429=ORIENTED_EDGE('',*,*,#3223,.F.);
#1430=ORIENTED_EDGE('',*,*,#3246,.F.);
#1431=ORIENTED_EDGE('',*,*,#2999,.F.);
#1432=ORIENTED_EDGE('',*,*,#3247,.F.);
#1433=ORIENTED_EDGE('',*,*,#3248,.F.);
#1434=ORIENTED_EDGE('',*,*,#3249,.F.);
#1435=ORIENTED_EDGE('',*,*,#3198,.F.);
#1436=ORIENTED_EDGE('',*,*,#3250,.F.);
#1437=ORIENTED_EDGE('',*,*,#3003,.F.);
#1438=ORIENTED_EDGE('',*,*,#3251,.F.);
#1439=ORIENTED_EDGE('',*,*,#3008,.F.);
#1440=ORIENTED_EDGE('',*,*,#3252,.F.);
#1441=ORIENTED_EDGE('',*,*,#3253,.F.);
#1442=ORIENTED_EDGE('',*,*,#3254,.F.);
#1443=ORIENTED_EDGE('',*,*,#3004,.F.);
#1444=ORIENTED_EDGE('',*,*,#3250,.T.);
#1445=ORIENTED_EDGE('',*,*,#3186,.F.);
#1446=ORIENTED_EDGE('',*,*,#3253,.T.);
#1447=ORIENTED_EDGE('',*,*,#3255,.T.);
#1448=ORIENTED_EDGE('',*,*,#3256,.T.);
#1449=ORIENTED_EDGE('',*,*,#3257,.T.);
#1450=ORIENTED_EDGE('',*,*,#3258,.F.);
#1451=ORIENTED_EDGE('',*,*,#3259,.T.);
#1452=ORIENTED_EDGE('',*,*,#3260,.F.);
#1453=ORIENTED_EDGE('',*,*,#3248,.T.);
#1454=ORIENTED_EDGE('',*,*,#3261,.F.);
#1455=ORIENTED_EDGE('',*,*,#3262,.T.);
#1456=ORIENTED_EDGE('',*,*,#3263,.F.);
#1457=ORIENTED_EDGE('',*,*,#3238,.T.);
#1458=ORIENTED_EDGE('',*,*,#3229,.T.);
#1459=ORIENTED_EDGE('',*,*,#3264,.T.);
#1460=ORIENTED_EDGE('',*,*,#3265,.T.);
#1461=ORIENTED_EDGE('',*,*,#3266,.T.);
#1462=ORIENTED_EDGE('',*,*,#3267,.T.);
#1463=ORIENTED_EDGE('',*,*,#3268,.T.);
#1464=ORIENTED_EDGE('',*,*,#3269,.T.);
#1465=ORIENTED_EDGE('',*,*,#3209,.T.);
#1466=ORIENTED_EDGE('',*,*,#3243,.T.);
#1467=ORIENTED_EDGE('',*,*,#3270,.T.);
#1468=ORIENTED_EDGE('',*,*,#3271,.T.);
#1469=ORIENTED_EDGE('',*,*,#3272,.T.);
#1470=ORIENTED_EDGE('',*,*,#3273,.T.);
#1471=ORIENTED_EDGE('',*,*,#3274,.T.);
#1472=ORIENTED_EDGE('',*,*,#3275,.T.);
#1473=ORIENTED_EDGE('',*,*,#3276,.T.);
#1474=ORIENTED_EDGE('',*,*,#3277,.T.);
#1475=ORIENTED_EDGE('',*,*,#3278,.T.);
#1476=ORIENTED_EDGE('',*,*,#3279,.T.);
#1477=ORIENTED_EDGE('',*,*,#3280,.F.);
#1478=ORIENTED_EDGE('',*,*,#3212,.F.);
#1479=ORIENTED_EDGE('',*,*,#3126,.F.);
#1480=ORIENTED_EDGE('',*,*,#3265,.F.);
#1481=ORIENTED_EDGE('',*,*,#3119,.F.);
#1482=ORIENTED_EDGE('',*,*,#3206,.F.);
#1483=ORIENTED_EDGE('',*,*,#3281,.F.);
#1484=ORIENTED_EDGE('',*,*,#3278,.F.);
#1485=ORIENTED_EDGE('',*,*,#3281,.T.);
#1486=ORIENTED_EDGE('',*,*,#3269,.F.);
#1487=ORIENTED_EDGE('',*,*,#3144,.F.);
#1488=ORIENTED_EDGE('',*,*,#3215,.F.);
#1489=ORIENTED_EDGE('',*,*,#3137,.F.);
#1490=ORIENTED_EDGE('',*,*,#3217,.F.);
#1491=ORIENTED_EDGE('',*,*,#3282,.F.);
#1492=ORIENTED_EDGE('',*,*,#3279,.F.);
#1493=ORIENTED_EDGE('',*,*,#3280,.T.);
#1494=ORIENTED_EDGE('',*,*,#3277,.F.);
#1495=ORIENTED_EDGE('',*,*,#3283,.F.);
#1496=ORIENTED_EDGE('',*,*,#3204,.F.);
#1497=ORIENTED_EDGE('',*,*,#3162,.F.);
#1498=ORIENTED_EDGE('',*,*,#3262,.F.);
#1499=ORIENTED_EDGE('',*,*,#3155,.F.);
#1500=ORIENTED_EDGE('',*,*,#3202,.F.);
#1501=ORIENTED_EDGE('',*,*,#3282,.T.);
#1502=ORIENTED_EDGE('',*,*,#3226,.F.);
#1503=ORIENTED_EDGE('',*,*,#3090,.F.);
#1504=ORIENTED_EDGE('',*,*,#3271,.F.);
#1505=ORIENTED_EDGE('',*,*,#3083,.F.);
#1506=ORIENTED_EDGE('',*,*,#3221,.F.);
#1507=ORIENTED_EDGE('',*,*,#3284,.F.);
#1508=ORIENTED_EDGE('',*,*,#3274,.F.);
#1509=ORIENTED_EDGE('',*,*,#3283,.T.);
#1510=ORIENTED_EDGE('',*,*,#3276,.F.);
#1511=ORIENTED_EDGE('',*,*,#3285,.F.);
#1512=ORIENTED_EDGE('',*,*,#3197,.F.);
#1513=ORIENTED_EDGE('',*,*,#3180,.F.);
#1514=ORIENTED_EDGE('',*,*,#3259,.F.);
#1515=ORIENTED_EDGE('',*,*,#3173,.F.);
#1516=ORIENTED_EDGE('',*,*,#3195,.F.);
#1517=ORIENTED_EDGE('',*,*,#3284,.T.);
#1518=ORIENTED_EDGE('',*,*,#3190,.F.);
#1519=ORIENTED_EDGE('',*,*,#3108,.F.);
#1520=ORIENTED_EDGE('',*,*,#3256,.F.);
#1521=ORIENTED_EDGE('',*,*,#3101,.F.);
#1522=ORIENTED_EDGE('',*,*,#3184,.F.);
#1523=ORIENTED_EDGE('',*,*,#3285,.T.);
#1524=ORIENTED_EDGE('',*,*,#3275,.F.);
#1525=ORIENTED_EDGE('',*,*,#3286,.F.);
#1526=ORIENTED_EDGE('',*,*,#3031,.F.);
#1527=ORIENTED_EDGE('',*,*,#3287,.F.);
#1528=ORIENTED_EDGE('',*,*,#3208,.F.);
#1529=ORIENTED_EDGE('',*,*,#3288,.F.);
#1530=ORIENTED_EDGE('',*,*,#3267,.F.);
#1531=ORIENTED_EDGE('',*,*,#3287,.T.);
#1532=ORIENTED_EDGE('',*,*,#3030,.F.);
#1533=ORIENTED_EDGE('',*,*,#3289,.F.);
#1534=ORIENTED_EDGE('',*,*,#3040,.F.);
#1535=ORIENTED_EDGE('',*,*,#3231,.T.);
#1536=ORIENTED_EDGE('',*,*,#3200,.F.);
#1537=ORIENTED_EDGE('',*,*,#3290,.F.);
#1538=ORIENTED_EDGE('',*,*,#3224,.F.);
#1539=ORIENTED_EDGE('',*,*,#3235,.T.);
#1540=ORIENTED_EDGE('',*,*,#3021,.F.);
#1541=ORIENTED_EDGE('',*,*,#3291,.F.);
#1542=ORIENTED_EDGE('',*,*,#3047,.F.);
#1543=ORIENTED_EDGE('',*,*,#3240,.T.);
#1544=ORIENTED_EDGE('',*,*,#3193,.F.);
#1545=ORIENTED_EDGE('',*,*,#3292,.F.);
#1546=ORIENTED_EDGE('',*,*,#3188,.F.);
#1547=ORIENTED_EDGE('',*,*,#3245,.T.);
#1548=ORIENTED_EDGE('',*,*,#3012,.F.);
#1549=ORIENTED_EDGE('',*,*,#3293,.T.);
#1550=ORIENTED_EDGE('',*,*,#3294,.T.);
#1551=ORIENTED_EDGE('',*,*,#3211,.F.);
#1552=ORIENTED_EDGE('',*,*,#3295,.F.);
#1553=ORIENTED_EDGE('',*,*,#3296,.T.);
#1554=ORIENTED_EDGE('',*,*,#3297,.T.);
#1555=ORIENTED_EDGE('',*,*,#3298,.F.);
#1556=ORIENTED_EDGE('',*,*,#3299,.F.);
#1557=ORIENTED_EDGE('',*,*,#3300,.T.);
#1558=ORIENTED_EDGE('',*,*,#3129,.F.);
#1559=ORIENTED_EDGE('',*,*,#3301,.F.);
#1560=ORIENTED_EDGE('',*,*,#3302,.T.);
#1561=ORIENTED_EDGE('',*,*,#3127,.F.);
#1562=ORIENTED_EDGE('',*,*,#3264,.F.);
#1563=ORIENTED_EDGE('',*,*,#3303,.F.);
#1564=ORIENTED_EDGE('',*,*,#3304,.F.);
#1565=ORIENTED_EDGE('',*,*,#3305,.T.);
#1566=ORIENTED_EDGE('',*,*,#3306,.F.);
#1567=ORIENTED_EDGE('',*,*,#3307,.F.);
#1568=ORIENTED_EDGE('',*,*,#3308,.F.);
#1569=ORIENTED_EDGE('',*,*,#3122,.F.);
#1570=ORIENTED_EDGE('',*,*,#3309,.T.);
#1571=ORIENTED_EDGE('',*,*,#3310,.T.);
#1572=ORIENTED_EDGE('',*,*,#3120,.F.);
#1573=ORIENTED_EDGE('',*,*,#3214,.F.);
#1574=ORIENTED_EDGE('',*,*,#3311,.F.);
#1575=ORIENTED_EDGE('',*,*,#3312,.F.);
#1576=ORIENTED_EDGE('',*,*,#3313,.T.);
#1577=ORIENTED_EDGE('',*,*,#3314,.F.);
#1578=ORIENTED_EDGE('',*,*,#3315,.F.);
#1579=ORIENTED_EDGE('',*,*,#3316,.F.);
#1580=ORIENTED_EDGE('',*,*,#3140,.F.);
#1581=ORIENTED_EDGE('',*,*,#3317,.T.);
#1582=ORIENTED_EDGE('',*,*,#3318,.T.);
#1583=ORIENTED_EDGE('',*,*,#3138,.F.);
#1584=ORIENTED_EDGE('',*,*,#3268,.F.);
#1585=ORIENTED_EDGE('',*,*,#3319,.F.);
#1586=ORIENTED_EDGE('',*,*,#3320,.F.);
#1587=ORIENTED_EDGE('',*,*,#3321,.T.);
#1588=ORIENTED_EDGE('',*,*,#3322,.F.);
#1589=ORIENTED_EDGE('',*,*,#3323,.F.);
#1590=ORIENTED_EDGE('',*,*,#3324,.T.);
#1591=ORIENTED_EDGE('',*,*,#3147,.F.);
#1592=ORIENTED_EDGE('',*,*,#3325,.T.);
#1593=ORIENTED_EDGE('',*,*,#3326,.T.);
#1594=ORIENTED_EDGE('',*,*,#3145,.F.);
#1595=ORIENTED_EDGE('',*,*,#3225,.F.);
#1596=ORIENTED_EDGE('',*,*,#3327,.F.);
#1597=ORIENTED_EDGE('',*,*,#3328,.F.);
#1598=ORIENTED_EDGE('',*,*,#3329,.T.);
#1599=ORIENTED_EDGE('',*,*,#3330,.F.);
#1600=ORIENTED_EDGE('',*,*,#3331,.F.);
#1601=ORIENTED_EDGE('',*,*,#3332,.T.);
#1602=ORIENTED_EDGE('',*,*,#3093,.F.);
#1603=ORIENTED_EDGE('',*,*,#3333,.T.);
#1604=ORIENTED_EDGE('',*,*,#3334,.T.);
#1605=ORIENTED_EDGE('',*,*,#3091,.F.);
#1606=ORIENTED_EDGE('',*,*,#3270,.F.);
#1607=ORIENTED_EDGE('',*,*,#3335,.F.);
#1608=ORIENTED_EDGE('',*,*,#3336,.F.);
#1609=ORIENTED_EDGE('',*,*,#3337,.T.);
#1610=ORIENTED_EDGE('',*,*,#3338,.F.);
#1611=ORIENTED_EDGE('',*,*,#3339,.F.);
#1612=ORIENTED_EDGE('',*,*,#3340,.F.);
#1613=ORIENTED_EDGE('',*,*,#3086,.F.);
#1614=ORIENTED_EDGE('',*,*,#3341,.T.);
#1615=ORIENTED_EDGE('',*,*,#3342,.T.);
#1616=ORIENTED_EDGE('',*,*,#3084,.F.);
#1617=ORIENTED_EDGE('',*,*,#3189,.F.);
#1618=ORIENTED_EDGE('',*,*,#3343,.F.);
#1619=ORIENTED_EDGE('',*,*,#3344,.F.);
#1620=ORIENTED_EDGE('',*,*,#3345,.T.);
#1621=ORIENTED_EDGE('',*,*,#3346,.F.);
#1622=ORIENTED_EDGE('',*,*,#3347,.F.);
#1623=ORIENTED_EDGE('',*,*,#3348,.T.);
#1624=ORIENTED_EDGE('',*,*,#3111,.F.);
#1625=ORIENTED_EDGE('',*,*,#3349,.T.);
#1626=ORIENTED_EDGE('',*,*,#3350,.T.);
#1627=ORIENTED_EDGE('',*,*,#3109,.F.);
#1628=ORIENTED_EDGE('',*,*,#3255,.F.);
#1629=ORIENTED_EDGE('',*,*,#3351,.F.);
#1630=ORIENTED_EDGE('',*,*,#3352,.F.);
#1631=ORIENTED_EDGE('',*,*,#3353,.T.);
#1632=ORIENTED_EDGE('',*,*,#3354,.F.);
#1633=ORIENTED_EDGE('',*,*,#3355,.F.);
#1634=ORIENTED_EDGE('',*,*,#3356,.F.);
#1635=ORIENTED_EDGE('',*,*,#3104,.F.);
#1636=ORIENTED_EDGE('',*,*,#3357,.T.);
#1637=ORIENTED_EDGE('',*,*,#3358,.T.);
#1638=ORIENTED_EDGE('',*,*,#3102,.F.);
#1639=ORIENTED_EDGE('',*,*,#3317,.F.);
#1640=ORIENTED_EDGE('',*,*,#3139,.F.);
#1641=ORIENTED_EDGE('',*,*,#3318,.F.);
#1642=ORIENTED_EDGE('',*,*,#3359,.F.);
#1643=ORIENTED_EDGE('',*,*,#3141,.F.);
#1644=ORIENTED_EDGE('',*,*,#3316,.T.);
#1645=ORIENTED_EDGE('',*,*,#3360,.F.);
#1646=ORIENTED_EDGE('',*,*,#3361,.F.);
#1647=ORIENTED_EDGE('',*,*,#3362,.T.);
#1648=ORIENTED_EDGE('',*,*,#3363,.F.);
#1649=ORIENTED_EDGE('',*,*,#3364,.F.);
#1650=ORIENTED_EDGE('',*,*,#3216,.F.);
#1651=ORIENTED_EDGE('',*,*,#3143,.F.);
#1652=ORIENTED_EDGE('',*,*,#3365,.T.);
#1653=ORIENTED_EDGE('',*,*,#3142,.F.);
#1654=ORIENTED_EDGE('',*,*,#3359,.T.);
#1655=ORIENTED_EDGE('',*,*,#3365,.F.);
#1656=ORIENTED_EDGE('',*,*,#3314,.T.);
#1657=ORIENTED_EDGE('',*,*,#3366,.T.);
#1658=ORIENTED_EDGE('',*,*,#3361,.T.);
#1659=ORIENTED_EDGE('',*,*,#3367,.F.);
#1660=ORIENTED_EDGE('',*,*,#3363,.T.);
#1661=ORIENTED_EDGE('',*,*,#3368,.T.);
#1662=ORIENTED_EDGE('',*,*,#3312,.T.);
#1663=ORIENTED_EDGE('',*,*,#3369,.F.);
#1664=ORIENTED_EDGE('',*,*,#3370,.F.);
#1665=ORIENTED_EDGE('',*,*,#2850,.T.);
#1666=ORIENTED_EDGE('',*,*,#3096,.F.);
#1667=ORIENTED_EDGE('',*,*,#3371,.F.);
#1668=ORIENTED_EDGE('',*,*,#3167,.F.);
#1669=ORIENTED_EDGE('',*,*,#2853,.T.);
#1670=ORIENTED_EDGE('',*,*,#3372,.F.);
#1671=ORIENTED_EDGE('',*,*,#3373,.F.);
#1672=ORIENTED_EDGE('',*,*,#3097,.F.);
#1673=ORIENTED_EDGE('',*,*,#2856,.T.);
#1674=ORIENTED_EDGE('',*,*,#3374,.F.);
#1675=ORIENTED_EDGE('',*,*,#3375,.F.);
#1676=ORIENTED_EDGE('',*,*,#3095,.F.);
#1677=ORIENTED_EDGE('',*,*,#2852,.T.);
#1678=ORIENTED_EDGE('',*,*,#3376,.F.);
#1679=ORIENTED_EDGE('',*,*,#3371,.T.);
#1680=ORIENTED_EDGE('',*,*,#3377,.F.);
#1681=ORIENTED_EDGE('',*,*,#2854,.T.);
#1682=ORIENTED_EDGE('',*,*,#3168,.F.);
#1683=ORIENTED_EDGE('',*,*,#3373,.T.);
#1684=ORIENTED_EDGE('',*,*,#3378,.F.);
#1685=ORIENTED_EDGE('',*,*,#2857,.T.);
#1686=ORIENTED_EDGE('',*,*,#3166,.F.);
#1687=ORIENTED_EDGE('',*,*,#3379,.F.);
#1688=ORIENTED_EDGE('',*,*,#3375,.T.);
#1689=ORIENTED_EDGE('',*,*,#3380,.F.);
#1690=ORIENTED_EDGE('',*,*,#3381,.F.);
#1691=ORIENTED_EDGE('',*,*,#3382,.T.);
#1692=ORIENTED_EDGE('',*,*,#3383,.T.);
#1693=ORIENTED_EDGE('',*,*,#3384,.F.);
#1694=ORIENTED_EDGE('',*,*,#3185,.F.);
#1695=ORIENTED_EDGE('',*,*,#3100,.F.);
#1696=ORIENTED_EDGE('',*,*,#3385,.T.);
#1697=ORIENTED_EDGE('',*,*,#3386,.F.);
#1698=ORIENTED_EDGE('',*,*,#3098,.F.);
#1699=ORIENTED_EDGE('',*,*,#3387,.T.);
#1700=ORIENTED_EDGE('',*,*,#3388,.T.);
#1701=ORIENTED_EDGE('',*,*,#3381,.T.);
#1702=ORIENTED_EDGE('',*,*,#3389,.F.);
#1703=ORIENTED_EDGE('',*,*,#3099,.F.);
#1704=ORIENTED_EDGE('',*,*,#3386,.T.);
#1705=ORIENTED_EDGE('',*,*,#3385,.F.);
#1706=ORIENTED_EDGE('',*,*,#3390,.F.);
#1707=ORIENTED_EDGE('',*,*,#2888,.T.);
#1708=ORIENTED_EDGE('',*,*,#3094,.F.);
#1709=ORIENTED_EDGE('',*,*,#3348,.F.);
#1710=ORIENTED_EDGE('',*,*,#3391,.F.);
#1711=ORIENTED_EDGE('',*,*,#2859,.T.);
#1712=ORIENTED_EDGE('',*,*,#3078,.F.);
#1713=ORIENTED_EDGE('',*,*,#3392,.F.);
#1714=ORIENTED_EDGE('',*,*,#3149,.F.);
#1715=ORIENTED_EDGE('',*,*,#2862,.T.);
#1716=ORIENTED_EDGE('',*,*,#3393,.F.);
#1717=ORIENTED_EDGE('',*,*,#3394,.F.);
#1718=ORIENTED_EDGE('',*,*,#3169,.F.);
#1719=ORIENTED_EDGE('',*,*,#2865,.T.);
#1720=ORIENTED_EDGE('',*,*,#3395,.F.);
#1721=ORIENTED_EDGE('',*,*,#3396,.F.);
#1722=ORIENTED_EDGE('',*,*,#3397,.T.);
#1723=ORIENTED_EDGE('',*,*,#3182,.F.);
#1724=ORIENTED_EDGE('',*,*,#3398,.F.);
#1725=ORIENTED_EDGE('',*,*,#3383,.F.);
#1726=ORIENTED_EDGE('',*,*,#3399,.T.);
#1727=ORIENTED_EDGE('',*,*,#3400,.F.);
#1728=ORIENTED_EDGE('',*,*,#3401,.F.);
#1729=ORIENTED_EDGE('',*,*,#3349,.F.);
#1730=ORIENTED_EDGE('',*,*,#3110,.F.);
#1731=ORIENTED_EDGE('',*,*,#3350,.F.);
#1732=ORIENTED_EDGE('',*,*,#3079,.F.);
#1733=ORIENTED_EDGE('',*,*,#2890,.T.);
#1734=ORIENTED_EDGE('',*,*,#3402,.F.);
#1735=ORIENTED_EDGE('',*,*,#3403,.F.);
#1736=ORIENTED_EDGE('',*,*,#3077,.F.);
#1737=ORIENTED_EDGE('',*,*,#2861,.T.);
#1738=ORIENTED_EDGE('',*,*,#3404,.F.);
#1739=ORIENTED_EDGE('',*,*,#3392,.T.);
#1740=ORIENTED_EDGE('',*,*,#3405,.F.);
#1741=ORIENTED_EDGE('',*,*,#2863,.T.);
#1742=ORIENTED_EDGE('',*,*,#3150,.F.);
#1743=ORIENTED_EDGE('',*,*,#3394,.T.);
#1744=ORIENTED_EDGE('',*,*,#3406,.F.);
#1745=ORIENTED_EDGE('',*,*,#2866,.T.);
#1746=ORIENTED_EDGE('',*,*,#3148,.F.);
#1747=ORIENTED_EDGE('',*,*,#3407,.F.);
#1748=ORIENTED_EDGE('',*,*,#3408,.F.);
#1749=ORIENTED_EDGE('',*,*,#3170,.F.);
#1750=ORIENTED_EDGE('',*,*,#3396,.T.);
#1751=ORIENTED_EDGE('',*,*,#3409,.F.);
#1752=ORIENTED_EDGE('',*,*,#3410,.F.);
#1753=ORIENTED_EDGE('',*,*,#3411,.T.);
#1754=ORIENTED_EDGE('',*,*,#3412,.F.);
#1755=ORIENTED_EDGE('',*,*,#3413,.F.);
#1756=ORIENTED_EDGE('',*,*,#3192,.T.);
#1757=ORIENTED_EDGE('',*,*,#3172,.F.);
#1758=ORIENTED_EDGE('',*,*,#3414,.T.);
#1759=ORIENTED_EDGE('',*,*,#3171,.F.);
#1760=ORIENTED_EDGE('',*,*,#3408,.T.);
#1761=ORIENTED_EDGE('',*,*,#3414,.F.);
#1762=ORIENTED_EDGE('',*,*,#3181,.F.);
#1763=ORIENTED_EDGE('',*,*,#3196,.T.);
#1764=ORIENTED_EDGE('',*,*,#3415,.F.);
#1765=ORIENTED_EDGE('',*,*,#3400,.T.);
#1766=ORIENTED_EDGE('',*,*,#3416,.T.);
#1767=ORIENTED_EDGE('',*,*,#3387,.F.);
#1768=ORIENTED_EDGE('',*,*,#3417,.F.);
#1769=ORIENTED_EDGE('',*,*,#3379,.T.);
#1770=ORIENTED_EDGE('',*,*,#3183,.F.);
#1771=ORIENTED_EDGE('',*,*,#3397,.F.);
#1772=ORIENTED_EDGE('',*,*,#3398,.T.);
#1773=ORIENTED_EDGE('',*,*,#3346,.T.);
#1774=ORIENTED_EDGE('',*,*,#3418,.T.);
#1775=ORIENTED_EDGE('',*,*,#3419,.F.);
#1776=ORIENTED_EDGE('',*,*,#3420,.F.);
#1777=ORIENTED_EDGE('',*,*,#3421,.F.);
#1778=ORIENTED_EDGE('',*,*,#3419,.T.);
#1779=ORIENTED_EDGE('',*,*,#3422,.T.);
#1780=ORIENTED_EDGE('',*,*,#3423,.T.);
#1781=ORIENTED_EDGE('',*,*,#3424,.F.);
#1782=ORIENTED_EDGE('',*,*,#3222,.F.);
#1783=ORIENTED_EDGE('',*,*,#3082,.F.);
#1784=ORIENTED_EDGE('',*,*,#3425,.T.);
#1785=ORIENTED_EDGE('',*,*,#3426,.F.);
#1786=ORIENTED_EDGE('',*,*,#3080,.F.);
#1787=ORIENTED_EDGE('',*,*,#3403,.T.);
#1788=ORIENTED_EDGE('',*,*,#3427,.T.);
#1789=ORIENTED_EDGE('',*,*,#3428,.T.);
#1790=ORIENTED_EDGE('',*,*,#3410,.T.);
#1791=ORIENTED_EDGE('',*,*,#3429,.F.);
#1792=ORIENTED_EDGE('',*,*,#3423,.F.);
#1793=ORIENTED_EDGE('',*,*,#3430,.T.);
#1794=ORIENTED_EDGE('',*,*,#3344,.T.);
#1795=ORIENTED_EDGE('',*,*,#3431,.F.);
#1796=ORIENTED_EDGE('',*,*,#3081,.F.);
#1797=ORIENTED_EDGE('',*,*,#3426,.T.);
#1798=ORIENTED_EDGE('',*,*,#3425,.F.);
#1799=ORIENTED_EDGE('',*,*,#3432,.F.);
#1800=ORIENTED_EDGE('',*,*,#2881,.T.);
#1801=ORIENTED_EDGE('',*,*,#3076,.F.);
#1802=ORIENTED_EDGE('',*,*,#3332,.F.);
#1803=ORIENTED_EDGE('',*,*,#3433,.F.);
#1804=ORIENTED_EDGE('',*,*,#2891,.T.);
#1805=ORIENTED_EDGE('',*,*,#3132,.F.);
#1806=ORIENTED_EDGE('',*,*,#3434,.F.);
#1807=ORIENTED_EDGE('',*,*,#3113,.F.);
#1808=ORIENTED_EDGE('',*,*,#2894,.T.);
#1809=ORIENTED_EDGE('',*,*,#3435,.F.);
#1810=ORIENTED_EDGE('',*,*,#3436,.F.);
#1811=ORIENTED_EDGE('',*,*,#3151,.F.);
#1812=ORIENTED_EDGE('',*,*,#2897,.T.);
#1813=ORIENTED_EDGE('',*,*,#3437,.F.);
#1814=ORIENTED_EDGE('',*,*,#3438,.F.);
#1815=ORIENTED_EDGE('',*,*,#3439,.T.);
#1816=ORIENTED_EDGE('',*,*,#3164,.F.);
#1817=ORIENTED_EDGE('',*,*,#3440,.F.);
#1818=ORIENTED_EDGE('',*,*,#3412,.T.);
#1819=ORIENTED_EDGE('',*,*,#3441,.T.);
#1820=ORIENTED_EDGE('',*,*,#3442,.F.);
#1821=ORIENTED_EDGE('',*,*,#3443,.F.);
#1822=ORIENTED_EDGE('',*,*,#3333,.F.);
#1823=ORIENTED_EDGE('',*,*,#3092,.F.);
#1824=ORIENTED_EDGE('',*,*,#3334,.F.);
#1825=ORIENTED_EDGE('',*,*,#3133,.F.);
#1826=ORIENTED_EDGE('',*,*,#2883,.T.);
#1827=ORIENTED_EDGE('',*,*,#3444,.F.);
#1828=ORIENTED_EDGE('',*,*,#3445,.F.);
#1829=ORIENTED_EDGE('',*,*,#3131,.F.);
#1830=ORIENTED_EDGE('',*,*,#2893,.T.);
#1831=ORIENTED_EDGE('',*,*,#3446,.F.);
#1832=ORIENTED_EDGE('',*,*,#3434,.T.);
#1833=ORIENTED_EDGE('',*,*,#3447,.F.);
#1834=ORIENTED_EDGE('',*,*,#2895,.T.);
#1835=ORIENTED_EDGE('',*,*,#3114,.F.);
#1836=ORIENTED_EDGE('',*,*,#3436,.T.);
#1837=ORIENTED_EDGE('',*,*,#3448,.F.);
#1838=ORIENTED_EDGE('',*,*,#2898,.T.);
#1839=ORIENTED_EDGE('',*,*,#3112,.F.);
#1840=ORIENTED_EDGE('',*,*,#3300,.F.);
#1841=ORIENTED_EDGE('',*,*,#3449,.F.);
#1842=ORIENTED_EDGE('',*,*,#3152,.F.);
#1843=ORIENTED_EDGE('',*,*,#3438,.T.);
#1844=ORIENTED_EDGE('',*,*,#3450,.F.);
#1845=ORIENTED_EDGE('',*,*,#3451,.F.);
#1846=ORIENTED_EDGE('',*,*,#3452,.T.);
#1847=ORIENTED_EDGE('',*,*,#3453,.F.);
#1848=ORIENTED_EDGE('',*,*,#3454,.F.);
#1849=ORIENTED_EDGE('',*,*,#3199,.T.);
#1850=ORIENTED_EDGE('',*,*,#3154,.F.);
#1851=ORIENTED_EDGE('',*,*,#3455,.T.);
#1852=ORIENTED_EDGE('',*,*,#3153,.F.);
#1853=ORIENTED_EDGE('',*,*,#3449,.T.);
#1854=ORIENTED_EDGE('',*,*,#3455,.F.);
#1855=ORIENTED_EDGE('',*,*,#3163,.F.);
#1856=ORIENTED_EDGE('',*,*,#3203,.T.);
#1857=ORIENTED_EDGE('',*,*,#3456,.F.);
#1858=ORIENTED_EDGE('',*,*,#3442,.T.);
#1859=ORIENTED_EDGE('',*,*,#3457,.T.);
#1860=ORIENTED_EDGE('',*,*,#3427,.F.);
#1861=ORIENTED_EDGE('',*,*,#3458,.F.);
#1862=ORIENTED_EDGE('',*,*,#3407,.T.);
#1863=ORIENTED_EDGE('',*,*,#3165,.F.);
#1864=ORIENTED_EDGE('',*,*,#3439,.F.);
#1865=ORIENTED_EDGE('',*,*,#3440,.T.);
#1866=ORIENTED_EDGE('',*,*,#3330,.T.);
#1867=ORIENTED_EDGE('',*,*,#3459,.T.);
#1868=ORIENTED_EDGE('',*,*,#3460,.F.);
#1869=ORIENTED_EDGE('',*,*,#3461,.F.);
#1870=ORIENTED_EDGE('',*,*,#3462,.F.);
#1871=ORIENTED_EDGE('',*,*,#3460,.T.);
#1872=ORIENTED_EDGE('',*,*,#3463,.T.);
#1873=ORIENTED_EDGE('',*,*,#3464,.T.);
#1874=ORIENTED_EDGE('',*,*,#3465,.F.);
#1875=ORIENTED_EDGE('',*,*,#3218,.F.);
#1876=ORIENTED_EDGE('',*,*,#3136,.F.);
#1877=ORIENTED_EDGE('',*,*,#3466,.T.);
#1878=ORIENTED_EDGE('',*,*,#3467,.F.);
#1879=ORIENTED_EDGE('',*,*,#3134,.F.);
#1880=ORIENTED_EDGE('',*,*,#3445,.T.);
#1881=ORIENTED_EDGE('',*,*,#3298,.T.);
#1882=ORIENTED_EDGE('',*,*,#3468,.T.);
#1883=ORIENTED_EDGE('',*,*,#3451,.T.);
#1884=ORIENTED_EDGE('',*,*,#3469,.F.);
#1885=ORIENTED_EDGE('',*,*,#3464,.F.);
#1886=ORIENTED_EDGE('',*,*,#3470,.T.);
#1887=ORIENTED_EDGE('',*,*,#3328,.T.);
#1888=ORIENTED_EDGE('',*,*,#3471,.F.);
#1889=ORIENTED_EDGE('',*,*,#3135,.F.);
#1890=ORIENTED_EDGE('',*,*,#3467,.T.);
#1891=ORIENTED_EDGE('',*,*,#3466,.F.);
#1892=ORIENTED_EDGE('',*,*,#3472,.F.);
#1893=ORIENTED_EDGE('',*,*,#2933,.T.);
#1894=ORIENTED_EDGE('',*,*,#3130,.F.);
#1895=ORIENTED_EDGE('',*,*,#3324,.F.);
#1896=ORIENTED_EDGE('',*,*,#3115,.F.);
#1897=ORIENTED_EDGE('',*,*,#2935,.T.);
#1898=ORIENTED_EDGE('',*,*,#3473,.F.);
#1899=ORIENTED_EDGE('',*,*,#3474,.F.);
#1900=ORIENTED_EDGE('',*,*,#3301,.T.);
#1901=ORIENTED_EDGE('',*,*,#3128,.F.);
#1902=ORIENTED_EDGE('',*,*,#3302,.F.);
#1903=ORIENTED_EDGE('',*,*,#3453,.T.);
#1904=ORIENTED_EDGE('',*,*,#3475,.T.);
#1905=ORIENTED_EDGE('',*,*,#3296,.F.);
#1906=ORIENTED_EDGE('',*,*,#3476,.F.);
#1907=ORIENTED_EDGE('',*,*,#3325,.F.);
#1908=ORIENTED_EDGE('',*,*,#3146,.F.);
#1909=ORIENTED_EDGE('',*,*,#3326,.F.);
#1910=ORIENTED_EDGE('',*,*,#3477,.F.);
#1911=ORIENTED_EDGE('',*,*,#3116,.F.);
#1912=ORIENTED_EDGE('',*,*,#3474,.T.);
#1913=ORIENTED_EDGE('',*,*,#3478,.F.);
#1914=ORIENTED_EDGE('',*,*,#3479,.F.);
#1915=ORIENTED_EDGE('',*,*,#3480,.T.);
#1916=ORIENTED_EDGE('',*,*,#3481,.F.);
#1917=ORIENTED_EDGE('',*,*,#3482,.F.);
#1918=ORIENTED_EDGE('',*,*,#3207,.F.);
#1919=ORIENTED_EDGE('',*,*,#3118,.F.);
#1920=ORIENTED_EDGE('',*,*,#3483,.T.);
#1921=ORIENTED_EDGE('',*,*,#3117,.F.);
#1922=ORIENTED_EDGE('',*,*,#3477,.T.);
#1923=ORIENTED_EDGE('',*,*,#3483,.F.);
#1924=ORIENTED_EDGE('',*,*,#3322,.T.);
#1925=ORIENTED_EDGE('',*,*,#3484,.T.);
#1926=ORIENTED_EDGE('',*,*,#3479,.T.);
#1927=ORIENTED_EDGE('',*,*,#3485,.F.);
#1928=ORIENTED_EDGE('',*,*,#3481,.T.);
#1929=ORIENTED_EDGE('',*,*,#3486,.T.);
#1930=ORIENTED_EDGE('',*,*,#3320,.T.);
#1931=ORIENTED_EDGE('',*,*,#3487,.F.);
#1932=ORIENTED_EDGE('',*,*,#3309,.F.);
#1933=ORIENTED_EDGE('',*,*,#3121,.F.);
#1934=ORIENTED_EDGE('',*,*,#3310,.F.);
#1935=ORIENTED_EDGE('',*,*,#3488,.F.);
#1936=ORIENTED_EDGE('',*,*,#3123,.F.);
#1937=ORIENTED_EDGE('',*,*,#3308,.T.);
#1938=ORIENTED_EDGE('',*,*,#3489,.F.);
#1939=ORIENTED_EDGE('',*,*,#3490,.F.);
#1940=ORIENTED_EDGE('',*,*,#3491,.T.);
#1941=ORIENTED_EDGE('',*,*,#3492,.F.);
#1942=ORIENTED_EDGE('',*,*,#3493,.F.);
#1943=ORIENTED_EDGE('',*,*,#3266,.F.);
#1944=ORIENTED_EDGE('',*,*,#3125,.F.);
#1945=ORIENTED_EDGE('',*,*,#3494,.T.);
#1946=ORIENTED_EDGE('',*,*,#3124,.F.);
#1947=ORIENTED_EDGE('',*,*,#3488,.T.);
#1948=ORIENTED_EDGE('',*,*,#3494,.F.);
#1949=ORIENTED_EDGE('',*,*,#3306,.T.);
#1950=ORIENTED_EDGE('',*,*,#3495,.T.);
#1951=ORIENTED_EDGE('',*,*,#3490,.T.);
#1952=ORIENTED_EDGE('',*,*,#3496,.F.);
#1953=ORIENTED_EDGE('',*,*,#3492,.T.);
#1954=ORIENTED_EDGE('',*,*,#3497,.T.);
#1955=ORIENTED_EDGE('',*,*,#3304,.T.);
#1956=ORIENTED_EDGE('',*,*,#3498,.F.);
#1957=ORIENTED_EDGE('',*,*,#3499,.F.);
#1958=ORIENTED_EDGE('',*,*,#3157,.F.);
#1959=ORIENTED_EDGE('',*,*,#3500,.F.);
#1960=ORIENTED_EDGE('',*,*,#3501,.F.);
#1961=ORIENTED_EDGE('',*,*,#3159,.F.);
#1962=ORIENTED_EDGE('',*,*,#3502,.T.);
#1963=ORIENTED_EDGE('',*,*,#3503,.F.);
#1964=ORIENTED_EDGE('',*,*,#3504,.F.);
#1965=ORIENTED_EDGE('',*,*,#3505,.T.);
#1966=ORIENTED_EDGE('',*,*,#3506,.F.);
#1967=ORIENTED_EDGE('',*,*,#3507,.F.);
#1968=ORIENTED_EDGE('',*,*,#3263,.T.);
#1969=ORIENTED_EDGE('',*,*,#3161,.F.);
#1970=ORIENTED_EDGE('',*,*,#3508,.T.);
#1971=ORIENTED_EDGE('',*,*,#3160,.F.);
#1972=ORIENTED_EDGE('',*,*,#3501,.T.);
#1973=ORIENTED_EDGE('',*,*,#3508,.F.);
#1974=ORIENTED_EDGE('',*,*,#3156,.F.);
#1975=ORIENTED_EDGE('',*,*,#3261,.T.);
#1976=ORIENTED_EDGE('',*,*,#3509,.F.);
#1977=ORIENTED_EDGE('',*,*,#3510,.F.);
#1978=ORIENTED_EDGE('',*,*,#3511,.T.);
#1979=ORIENTED_EDGE('',*,*,#3512,.F.);
#1980=ORIENTED_EDGE('',*,*,#3513,.F.);
#1981=ORIENTED_EDGE('',*,*,#3502,.F.);
#1982=ORIENTED_EDGE('',*,*,#3158,.F.);
#1983=ORIENTED_EDGE('',*,*,#3499,.T.);
#1984=ORIENTED_EDGE('',*,*,#3500,.T.);
#1985=ORIENTED_EDGE('',*,*,#3512,.T.);
#1986=ORIENTED_EDGE('',*,*,#3514,.T.);
#1987=ORIENTED_EDGE('',*,*,#3504,.T.);
#1988=ORIENTED_EDGE('',*,*,#3515,.F.);
#1989=ORIENTED_EDGE('',*,*,#3506,.T.);
#1990=ORIENTED_EDGE('',*,*,#3516,.T.);
#1991=ORIENTED_EDGE('',*,*,#3510,.T.);
#1992=ORIENTED_EDGE('',*,*,#3517,.F.);
#1993=ORIENTED_EDGE('',*,*,#3518,.F.);
#1994=ORIENTED_EDGE('',*,*,#3175,.F.);
#1995=ORIENTED_EDGE('',*,*,#3519,.F.);
#1996=ORIENTED_EDGE('',*,*,#3520,.F.);
#1997=ORIENTED_EDGE('',*,*,#3177,.F.);
#1998=ORIENTED_EDGE('',*,*,#3521,.T.);
#1999=ORIENTED_EDGE('',*,*,#3522,.F.);
#2000=ORIENTED_EDGE('',*,*,#3523,.F.);
#2001=ORIENTED_EDGE('',*,*,#3524,.T.);
#2002=ORIENTED_EDGE('',*,*,#3525,.F.);
#2003=ORIENTED_EDGE('',*,*,#3526,.F.);
#2004=ORIENTED_EDGE('',*,*,#3260,.T.);
#2005=ORIENTED_EDGE('',*,*,#3179,.F.);
#2006=ORIENTED_EDGE('',*,*,#3527,.T.);
#2007=ORIENTED_EDGE('',*,*,#3178,.F.);
#2008=ORIENTED_EDGE('',*,*,#3520,.T.);
#2009=ORIENTED_EDGE('',*,*,#3527,.F.);
#2010=ORIENTED_EDGE('',*,*,#3174,.F.);
#2011=ORIENTED_EDGE('',*,*,#3258,.T.);
#2012=ORIENTED_EDGE('',*,*,#3528,.F.);
#2013=ORIENTED_EDGE('',*,*,#3529,.F.);
#2014=ORIENTED_EDGE('',*,*,#3530,.T.);
#2015=ORIENTED_EDGE('',*,*,#3531,.F.);
#2016=ORIENTED_EDGE('',*,*,#3532,.F.);
#2017=ORIENTED_EDGE('',*,*,#3521,.F.);
#2018=ORIENTED_EDGE('',*,*,#3176,.F.);
#2019=ORIENTED_EDGE('',*,*,#3518,.T.);
#2020=ORIENTED_EDGE('',*,*,#3519,.T.);
#2021=ORIENTED_EDGE('',*,*,#3531,.T.);
#2022=ORIENTED_EDGE('',*,*,#3533,.T.);
#2023=ORIENTED_EDGE('',*,*,#3523,.T.);
#2024=ORIENTED_EDGE('',*,*,#3534,.F.);
#2025=ORIENTED_EDGE('',*,*,#3525,.T.);
#2026=ORIENTED_EDGE('',*,*,#3535,.T.);
#2027=ORIENTED_EDGE('',*,*,#3529,.T.);
#2028=ORIENTED_EDGE('',*,*,#3536,.F.);
#2029=ORIENTED_EDGE('',*,*,#3357,.F.);
#2030=ORIENTED_EDGE('',*,*,#3103,.F.);
#2031=ORIENTED_EDGE('',*,*,#3358,.F.);
#2032=ORIENTED_EDGE('',*,*,#3537,.F.);
#2033=ORIENTED_EDGE('',*,*,#3105,.F.);
#2034=ORIENTED_EDGE('',*,*,#3356,.T.);
#2035=ORIENTED_EDGE('',*,*,#3538,.F.);
#2036=ORIENTED_EDGE('',*,*,#3539,.F.);
#2037=ORIENTED_EDGE('',*,*,#3540,.T.);
#2038=ORIENTED_EDGE('',*,*,#3541,.F.);
#2039=ORIENTED_EDGE('',*,*,#3542,.F.);
#2040=ORIENTED_EDGE('',*,*,#3257,.F.);
#2041=ORIENTED_EDGE('',*,*,#3107,.F.);
#2042=ORIENTED_EDGE('',*,*,#3543,.T.);
#2043=ORIENTED_EDGE('',*,*,#3106,.F.);
#2044=ORIENTED_EDGE('',*,*,#3537,.T.);
#2045=ORIENTED_EDGE('',*,*,#3543,.F.);
#2046=ORIENTED_EDGE('',*,*,#3354,.T.);
#2047=ORIENTED_EDGE('',*,*,#3544,.T.);
#2048=ORIENTED_EDGE('',*,*,#3539,.T.);
#2049=ORIENTED_EDGE('',*,*,#3545,.F.);
#2050=ORIENTED_EDGE('',*,*,#3541,.T.);
#2051=ORIENTED_EDGE('',*,*,#3546,.T.);
#2052=ORIENTED_EDGE('',*,*,#3352,.T.);
#2053=ORIENTED_EDGE('',*,*,#3547,.F.);
#2054=ORIENTED_EDGE('',*,*,#3341,.F.);
#2055=ORIENTED_EDGE('',*,*,#3085,.F.);
#2056=ORIENTED_EDGE('',*,*,#3342,.F.);
#2057=ORIENTED_EDGE('',*,*,#3548,.F.);
#2058=ORIENTED_EDGE('',*,*,#3087,.F.);
#2059=ORIENTED_EDGE('',*,*,#3340,.T.);
#2060=ORIENTED_EDGE('',*,*,#3549,.F.);
#2061=ORIENTED_EDGE('',*,*,#3550,.F.);
#2062=ORIENTED_EDGE('',*,*,#3551,.T.);
#2063=ORIENTED_EDGE('',*,*,#3552,.F.);
#2064=ORIENTED_EDGE('',*,*,#3553,.F.);
#2065=ORIENTED_EDGE('',*,*,#3272,.F.);
#2066=ORIENTED_EDGE('',*,*,#3089,.F.);
#2067=ORIENTED_EDGE('',*,*,#3554,.T.);
#2068=ORIENTED_EDGE('',*,*,#3088,.F.);
#2069=ORIENTED_EDGE('',*,*,#3548,.T.);
#2070=ORIENTED_EDGE('',*,*,#3554,.F.);
#2071=ORIENTED_EDGE('',*,*,#3338,.T.);
#2072=ORIENTED_EDGE('',*,*,#3555,.T.);
#2073=ORIENTED_EDGE('',*,*,#3550,.T.);
#2074=ORIENTED_EDGE('',*,*,#3556,.F.);
#2075=ORIENTED_EDGE('',*,*,#3552,.T.);
#2076=ORIENTED_EDGE('',*,*,#3557,.T.);
#2077=ORIENTED_EDGE('',*,*,#3336,.T.);
#2078=ORIENTED_EDGE('',*,*,#3558,.F.);
#2079=ORIENTED_EDGE('',*,*,#3018,.F.);
#2080=ORIENTED_EDGE('',*,*,#3241,.T.);
#2081=ORIENTED_EDGE('',*,*,#3553,.T.);
#2082=ORIENTED_EDGE('',*,*,#3559,.F.);
#2083=ORIENTED_EDGE('',*,*,#3335,.T.);
#2084=ORIENTED_EDGE('',*,*,#3242,.T.);
#2085=ORIENTED_EDGE('',*,*,#3016,.F.);
#2086=ORIENTED_EDGE('',*,*,#3560,.F.);
#2087=ORIENTED_EDGE('',*,*,#3559,.T.);
#2088=ORIENTED_EDGE('',*,*,#3558,.T.);
#2089=ORIENTED_EDGE('',*,*,#3560,.T.);
#2090=ORIENTED_EDGE('',*,*,#3019,.F.);
#2091=ORIENTED_EDGE('',*,*,#3561,.F.);
#2092=ORIENTED_EDGE('',*,*,#3549,.T.);
#2093=ORIENTED_EDGE('',*,*,#3562,.F.);
#2094=ORIENTED_EDGE('',*,*,#3054,.F.);
#2095=ORIENTED_EDGE('',*,*,#3562,.T.);
#2096=ORIENTED_EDGE('',*,*,#3339,.T.);
#2097=ORIENTED_EDGE('',*,*,#3563,.F.);
#2098=ORIENTED_EDGE('',*,*,#3052,.F.);
#2099=ORIENTED_EDGE('',*,*,#3561,.T.);
#2100=ORIENTED_EDGE('',*,*,#3053,.F.);
#2101=ORIENTED_EDGE('',*,*,#3563,.T.);
#2102=ORIENTED_EDGE('',*,*,#3556,.T.);
#2103=ORIENTED_EDGE('',*,*,#3009,.F.);
#2104=ORIENTED_EDGE('',*,*,#3251,.T.);
#2105=ORIENTED_EDGE('',*,*,#3542,.T.);
#2106=ORIENTED_EDGE('',*,*,#3564,.F.);
#2107=ORIENTED_EDGE('',*,*,#3351,.T.);
#2108=ORIENTED_EDGE('',*,*,#3252,.T.);
#2109=ORIENTED_EDGE('',*,*,#3007,.F.);
#2110=ORIENTED_EDGE('',*,*,#3565,.F.);
#2111=ORIENTED_EDGE('',*,*,#3564,.T.);
#2112=ORIENTED_EDGE('',*,*,#3547,.T.);
#2113=ORIENTED_EDGE('',*,*,#3565,.T.);
#2114=ORIENTED_EDGE('',*,*,#3010,.F.);
#2115=ORIENTED_EDGE('',*,*,#3566,.F.);
#2116=ORIENTED_EDGE('',*,*,#3538,.T.);
#2117=ORIENTED_EDGE('',*,*,#3567,.F.);
#2118=ORIENTED_EDGE('',*,*,#3057,.F.);
#2119=ORIENTED_EDGE('',*,*,#3567,.T.);
#2120=ORIENTED_EDGE('',*,*,#3355,.T.);
#2121=ORIENTED_EDGE('',*,*,#3568,.F.);
#2122=ORIENTED_EDGE('',*,*,#3055,.F.);
#2123=ORIENTED_EDGE('',*,*,#3566,.T.);
#2124=ORIENTED_EDGE('',*,*,#3056,.F.);
#2125=ORIENTED_EDGE('',*,*,#3568,.T.);
#2126=ORIENTED_EDGE('',*,*,#3545,.T.);
#2127=ORIENTED_EDGE('',*,*,#3569,.F.);
#2128=ORIENTED_EDGE('',*,*,#3522,.T.);
#2129=ORIENTED_EDGE('',*,*,#3570,.F.);
#2130=ORIENTED_EDGE('',*,*,#3060,.F.);
#2131=ORIENTED_EDGE('',*,*,#3570,.T.);
#2132=ORIENTED_EDGE('',*,*,#3532,.T.);
#2133=ORIENTED_EDGE('',*,*,#3571,.F.);
#2134=ORIENTED_EDGE('',*,*,#3058,.F.);
#2135=ORIENTED_EDGE('',*,*,#3569,.T.);
#2136=ORIENTED_EDGE('',*,*,#3059,.F.);
#2137=ORIENTED_EDGE('',*,*,#3571,.T.);
#2138=ORIENTED_EDGE('',*,*,#3534,.T.);
#2139=ORIENTED_EDGE('',*,*,#3000,.F.);
#2140=ORIENTED_EDGE('',*,*,#3246,.T.);
#2141=ORIENTED_EDGE('',*,*,#3526,.T.);
#2142=ORIENTED_EDGE('',*,*,#3572,.F.);
#2143=ORIENTED_EDGE('',*,*,#3528,.T.);
#2144=ORIENTED_EDGE('',*,*,#3247,.T.);
#2145=ORIENTED_EDGE('',*,*,#2998,.F.);
#2146=ORIENTED_EDGE('',*,*,#3573,.F.);
#2147=ORIENTED_EDGE('',*,*,#3572,.T.);
#2148=ORIENTED_EDGE('',*,*,#3536,.T.);
#2149=ORIENTED_EDGE('',*,*,#3573,.T.);
#2150=ORIENTED_EDGE('',*,*,#3001,.F.);
#2151=ORIENTED_EDGE('',*,*,#3574,.F.);
#2152=ORIENTED_EDGE('',*,*,#3503,.T.);
#2153=ORIENTED_EDGE('',*,*,#3575,.F.);
#2154=ORIENTED_EDGE('',*,*,#3063,.F.);
#2155=ORIENTED_EDGE('',*,*,#3575,.T.);
#2156=ORIENTED_EDGE('',*,*,#3513,.T.);
#2157=ORIENTED_EDGE('',*,*,#3576,.F.);
#2158=ORIENTED_EDGE('',*,*,#3061,.F.);
#2159=ORIENTED_EDGE('',*,*,#3574,.T.);
#2160=ORIENTED_EDGE('',*,*,#3062,.F.);
#2161=ORIENTED_EDGE('',*,*,#3576,.T.);
#2162=ORIENTED_EDGE('',*,*,#3515,.T.);
#2163=ORIENTED_EDGE('',*,*,#3045,.F.);
#2164=ORIENTED_EDGE('',*,*,#3236,.T.);
#2165=ORIENTED_EDGE('',*,*,#3507,.T.);
#2166=ORIENTED_EDGE('',*,*,#3577,.F.);
#2167=ORIENTED_EDGE('',*,*,#3509,.T.);
#2168=ORIENTED_EDGE('',*,*,#3237,.T.);
#2169=ORIENTED_EDGE('',*,*,#3043,.F.);
#2170=ORIENTED_EDGE('',*,*,#3578,.F.);
#2171=ORIENTED_EDGE('',*,*,#3577,.T.);
#2172=ORIENTED_EDGE('',*,*,#3517,.T.);
#2173=ORIENTED_EDGE('',*,*,#3578,.T.);
#2174=ORIENTED_EDGE('',*,*,#3046,.F.);
#2175=ORIENTED_EDGE('',*,*,#3036,.F.);
#2176=ORIENTED_EDGE('',*,*,#3227,.T.);
#2177=ORIENTED_EDGE('',*,*,#3493,.T.);
#2178=ORIENTED_EDGE('',*,*,#3579,.F.);
#2179=ORIENTED_EDGE('',*,*,#3303,.T.);
#2180=ORIENTED_EDGE('',*,*,#3228,.T.);
#2181=ORIENTED_EDGE('',*,*,#3034,.F.);
#2182=ORIENTED_EDGE('',*,*,#3580,.F.);
#2183=ORIENTED_EDGE('',*,*,#3579,.T.);
#2184=ORIENTED_EDGE('',*,*,#3498,.T.);
#2185=ORIENTED_EDGE('',*,*,#3580,.T.);
#2186=ORIENTED_EDGE('',*,*,#3037,.F.);
#2187=ORIENTED_EDGE('',*,*,#3581,.F.);
#2188=ORIENTED_EDGE('',*,*,#3489,.T.);
#2189=ORIENTED_EDGE('',*,*,#3582,.F.);
#2190=ORIENTED_EDGE('',*,*,#3066,.F.);
#2191=ORIENTED_EDGE('',*,*,#3582,.T.);
#2192=ORIENTED_EDGE('',*,*,#3307,.T.);
#2193=ORIENTED_EDGE('',*,*,#3583,.F.);
#2194=ORIENTED_EDGE('',*,*,#3064,.F.);
#2195=ORIENTED_EDGE('',*,*,#3581,.T.);
#2196=ORIENTED_EDGE('',*,*,#3065,.F.);
#2197=ORIENTED_EDGE('',*,*,#3583,.T.);
#2198=ORIENTED_EDGE('',*,*,#3496,.T.);
#2199=ORIENTED_EDGE('',*,*,#3584,.F.);
#2200=ORIENTED_EDGE('',*,*,#3360,.T.);
#2201=ORIENTED_EDGE('',*,*,#3585,.F.);
#2202=ORIENTED_EDGE('',*,*,#3069,.F.);
#2203=ORIENTED_EDGE('',*,*,#3585,.T.);
#2204=ORIENTED_EDGE('',*,*,#3315,.T.);
#2205=ORIENTED_EDGE('',*,*,#3586,.F.);
#2206=ORIENTED_EDGE('',*,*,#3067,.F.);
#2207=ORIENTED_EDGE('',*,*,#3584,.T.);
#2208=ORIENTED_EDGE('',*,*,#3068,.F.);
#2209=ORIENTED_EDGE('',*,*,#3586,.T.);
#2210=ORIENTED_EDGE('',*,*,#3367,.T.);
#2211=ORIENTED_EDGE('',*,*,#3027,.F.);
#2212=ORIENTED_EDGE('',*,*,#3232,.T.);
#2213=ORIENTED_EDGE('',*,*,#3364,.T.);
#2214=ORIENTED_EDGE('',*,*,#3587,.F.);
#2215=ORIENTED_EDGE('',*,*,#3311,.T.);
#2216=ORIENTED_EDGE('',*,*,#3233,.T.);
#2217=ORIENTED_EDGE('',*,*,#3025,.F.);
#2218=ORIENTED_EDGE('',*,*,#3588,.F.);
#2219=ORIENTED_EDGE('',*,*,#3587,.T.);
#2220=ORIENTED_EDGE('',*,*,#3369,.T.);
#2221=ORIENTED_EDGE('',*,*,#3588,.T.);
#2222=ORIENTED_EDGE('',*,*,#3028,.F.);
#2223=ORIENTED_EDGE('',*,*,#3589,.F.);
#2224=ORIENTED_EDGE('',*,*,#2972,.F.);
#2225=ORIENTED_EDGE('',*,*,#3590,.F.);
#2226=ORIENTED_EDGE('',*,*,#3389,.T.);
#2227=ORIENTED_EDGE('',*,*,#3590,.T.);
#2228=ORIENTED_EDGE('',*,*,#2971,.F.);
#2229=ORIENTED_EDGE('',*,*,#3591,.F.);
#2230=ORIENTED_EDGE('',*,*,#3417,.T.);
#2231=ORIENTED_EDGE('',*,*,#3589,.T.);
#2232=ORIENTED_EDGE('',*,*,#3380,.T.);
#2233=ORIENTED_EDGE('',*,*,#3592,.F.);
#2234=ORIENTED_EDGE('',*,*,#2973,.F.);
#2235=ORIENTED_EDGE('',*,*,#2970,.F.);
#2236=ORIENTED_EDGE('',*,*,#2900,.T.);
#2237=ORIENTED_EDGE('',*,*,#3378,.T.);
#2238=ORIENTED_EDGE('',*,*,#3591,.T.);
#2239=ORIENTED_EDGE('',*,*,#3374,.T.);
#2240=ORIENTED_EDGE('',*,*,#2902,.T.);
#2241=ORIENTED_EDGE('',*,*,#2969,.F.);
#2242=ORIENTED_EDGE('',*,*,#3592,.T.);
#2243=ORIENTED_EDGE('',*,*,#3372,.T.);
#2244=ORIENTED_EDGE('',*,*,#2903,.T.);
#2245=ORIENTED_EDGE('',*,*,#2974,.F.);
#2246=ORIENTED_EDGE('',*,*,#3593,.F.);
#2247=ORIENTED_EDGE('',*,*,#2968,.F.);
#2248=ORIENTED_EDGE('',*,*,#2906,.T.);
#2249=ORIENTED_EDGE('',*,*,#3370,.T.);
#2250=ORIENTED_EDGE('',*,*,#3594,.F.);
#2251=ORIENTED_EDGE('',*,*,#2975,.F.);
#2252=ORIENTED_EDGE('',*,*,#2904,.T.);
#2253=ORIENTED_EDGE('',*,*,#3377,.T.);
#2254=ORIENTED_EDGE('',*,*,#3593,.T.);
#2255=ORIENTED_EDGE('',*,*,#3376,.T.);
#2256=ORIENTED_EDGE('',*,*,#2908,.T.);
#2257=ORIENTED_EDGE('',*,*,#2967,.F.);
#2258=ORIENTED_EDGE('',*,*,#3594,.T.);
#2259=ORIENTED_EDGE('',*,*,#3395,.T.);
#2260=ORIENTED_EDGE('',*,*,#2909,.T.);
#2261=ORIENTED_EDGE('',*,*,#2976,.F.);
#2262=ORIENTED_EDGE('',*,*,#3595,.F.);
#2263=ORIENTED_EDGE('',*,*,#2954,.F.);
#2264=ORIENTED_EDGE('',*,*,#2912,.T.);
#2265=ORIENTED_EDGE('',*,*,#3390,.T.);
#2266=ORIENTED_EDGE('',*,*,#3596,.F.);
#2267=ORIENTED_EDGE('',*,*,#3595,.T.);
#2268=ORIENTED_EDGE('',*,*,#2980,.F.);
#2269=ORIENTED_EDGE('',*,*,#3597,.F.);
#2270=ORIENTED_EDGE('',*,*,#3409,.T.);
#2271=ORIENTED_EDGE('',*,*,#3596,.T.);
#2272=ORIENTED_EDGE('',*,*,#3347,.T.);
#2273=ORIENTED_EDGE('',*,*,#3598,.F.);
#2274=ORIENTED_EDGE('',*,*,#2955,.F.);
#2275=ORIENTED_EDGE('',*,*,#3597,.T.);
#2276=ORIENTED_EDGE('',*,*,#2979,.F.);
#2277=ORIENTED_EDGE('',*,*,#3599,.F.);
#2278=ORIENTED_EDGE('',*,*,#3429,.T.);
#2279=ORIENTED_EDGE('',*,*,#3598,.T.);
#2280=ORIENTED_EDGE('',*,*,#3420,.T.);
#2281=ORIENTED_EDGE('',*,*,#3600,.F.);
#2282=ORIENTED_EDGE('',*,*,#2956,.F.);
#2283=ORIENTED_EDGE('',*,*,#3599,.T.);
#2284=ORIENTED_EDGE('',*,*,#2978,.F.);
#2285=ORIENTED_EDGE('',*,*,#3601,.F.);
#2286=ORIENTED_EDGE('',*,*,#3458,.T.);
#2287=ORIENTED_EDGE('',*,*,#3600,.T.);
#2288=ORIENTED_EDGE('',*,*,#3421,.T.);
#2289=ORIENTED_EDGE('',*,*,#3602,.F.);
#2290=ORIENTED_EDGE('',*,*,#2957,.F.);
#2291=ORIENTED_EDGE('',*,*,#2977,.F.);
#2292=ORIENTED_EDGE('',*,*,#2910,.T.);
#2293=ORIENTED_EDGE('',*,*,#3406,.T.);
#2294=ORIENTED_EDGE('',*,*,#3601,.T.);
#2295=ORIENTED_EDGE('',*,*,#3402,.T.);
#2296=ORIENTED_EDGE('',*,*,#2914,.T.);
#2297=ORIENTED_EDGE('',*,*,#2958,.F.);
#2298=ORIENTED_EDGE('',*,*,#3602,.T.);
#2299=ORIENTED_EDGE('',*,*,#3393,.T.);
#2300=ORIENTED_EDGE('',*,*,#2915,.T.);
#2301=ORIENTED_EDGE('',*,*,#2981,.F.);
#2302=ORIENTED_EDGE('',*,*,#3603,.F.);
#2303=ORIENTED_EDGE('',*,*,#2966,.F.);
#2304=ORIENTED_EDGE('',*,*,#2918,.T.);
#2305=ORIENTED_EDGE('',*,*,#3391,.T.);
#2306=ORIENTED_EDGE('',*,*,#3604,.F.);
#2307=ORIENTED_EDGE('',*,*,#2982,.F.);
#2308=ORIENTED_EDGE('',*,*,#2916,.T.);
#2309=ORIENTED_EDGE('',*,*,#3405,.T.);
#2310=ORIENTED_EDGE('',*,*,#3603,.T.);
#2311=ORIENTED_EDGE('',*,*,#3404,.T.);
#2312=ORIENTED_EDGE('',*,*,#2920,.T.);
#2313=ORIENTED_EDGE('',*,*,#2965,.F.);
#2314=ORIENTED_EDGE('',*,*,#3604,.T.);
#2315=ORIENTED_EDGE('',*,*,#3437,.T.);
#2316=ORIENTED_EDGE('',*,*,#2921,.T.);
#2317=ORIENTED_EDGE('',*,*,#2983,.F.);
#2318=ORIENTED_EDGE('',*,*,#3605,.F.);
#2319=ORIENTED_EDGE('',*,*,#2960,.F.);
#2320=ORIENTED_EDGE('',*,*,#2925,.T.);
#2321=ORIENTED_EDGE('',*,*,#3432,.T.);
#2322=ORIENTED_EDGE('',*,*,#3606,.F.);
#2323=ORIENTED_EDGE('',*,*,#3605,.T.);
#2324=ORIENTED_EDGE('',*,*,#2987,.F.);
#2325=ORIENTED_EDGE('',*,*,#3607,.F.);
#2326=ORIENTED_EDGE('',*,*,#3450,.T.);
#2327=ORIENTED_EDGE('',*,*,#3606,.T.);
#2328=ORIENTED_EDGE('',*,*,#3331,.T.);
#2329=ORIENTED_EDGE('',*,*,#3608,.F.);
#2330=ORIENTED_EDGE('',*,*,#2961,.F.);
#2331=ORIENTED_EDGE('',*,*,#3607,.T.);
#2332=ORIENTED_EDGE('',*,*,#2986,.F.);
#2333=ORIENTED_EDGE('',*,*,#3609,.F.);
#2334=ORIENTED_EDGE('',*,*,#3469,.T.);
#2335=ORIENTED_EDGE('',*,*,#3608,.T.);
#2336=ORIENTED_EDGE('',*,*,#3461,.T.);
#2337=ORIENTED_EDGE('',*,*,#3610,.F.);
#2338=ORIENTED_EDGE('',*,*,#2962,.F.);
#2339=ORIENTED_EDGE('',*,*,#3609,.T.);
#2340=ORIENTED_EDGE('',*,*,#2985,.F.);
#2341=ORIENTED_EDGE('',*,*,#3611,.F.);
#2342=ORIENTED_EDGE('',*,*,#3299,.T.);
#2343=ORIENTED_EDGE('',*,*,#3610,.T.);
#2344=ORIENTED_EDGE('',*,*,#3462,.T.);
#2345=ORIENTED_EDGE('',*,*,#3612,.F.);
#2346=ORIENTED_EDGE('',*,*,#2963,.F.);
#2347=ORIENTED_EDGE('',*,*,#2984,.F.);
#2348=ORIENTED_EDGE('',*,*,#2922,.T.);
#2349=ORIENTED_EDGE('',*,*,#3448,.T.);
#2350=ORIENTED_EDGE('',*,*,#3611,.T.);
#2351=ORIENTED_EDGE('',*,*,#3444,.T.);
#2352=ORIENTED_EDGE('',*,*,#2924,.T.);
#2353=ORIENTED_EDGE('',*,*,#2964,.F.);
#2354=ORIENTED_EDGE('',*,*,#3612,.T.);
#2355=ORIENTED_EDGE('',*,*,#3435,.T.);
#2356=ORIENTED_EDGE('',*,*,#2927,.T.);
#2357=ORIENTED_EDGE('',*,*,#2988,.F.);
#2358=ORIENTED_EDGE('',*,*,#3613,.F.);
#2359=ORIENTED_EDGE('',*,*,#2997,.F.);
#2360=ORIENTED_EDGE('',*,*,#2930,.T.);
#2361=ORIENTED_EDGE('',*,*,#3433,.T.);
#2362=ORIENTED_EDGE('',*,*,#3614,.F.);
#2363=ORIENTED_EDGE('',*,*,#2989,.F.);
#2364=ORIENTED_EDGE('',*,*,#2928,.T.);
#2365=ORIENTED_EDGE('',*,*,#3447,.T.);
#2366=ORIENTED_EDGE('',*,*,#3613,.T.);
#2367=ORIENTED_EDGE('',*,*,#3446,.T.);
#2368=ORIENTED_EDGE('',*,*,#2932,.T.);
#2369=ORIENTED_EDGE('',*,*,#2996,.F.);
#2370=ORIENTED_EDGE('',*,*,#3614,.T.);
#2371=ORIENTED_EDGE('',*,*,#3473,.T.);
#2372=ORIENTED_EDGE('',*,*,#3074,.T.);
#2373=ORIENTED_EDGE('',*,*,#2990,.F.);
#2374=ORIENTED_EDGE('',*,*,#3615,.F.);
#2375=ORIENTED_EDGE('',*,*,#2992,.F.);
#2376=ORIENTED_EDGE('',*,*,#3075,.T.);
#2377=ORIENTED_EDGE('',*,*,#3472,.T.);
#2378=ORIENTED_EDGE('',*,*,#3616,.F.);
#2379=ORIENTED_EDGE('',*,*,#3615,.T.);
#2380=ORIENTED_EDGE('',*,*,#2995,.F.);
#2381=ORIENTED_EDGE('',*,*,#3617,.F.);
#2382=ORIENTED_EDGE('',*,*,#3478,.T.);
#2383=ORIENTED_EDGE('',*,*,#3616,.T.);
#2384=ORIENTED_EDGE('',*,*,#3323,.T.);
#2385=ORIENTED_EDGE('',*,*,#3618,.F.);
#2386=ORIENTED_EDGE('',*,*,#2993,.F.);
#2387=ORIENTED_EDGE('',*,*,#3617,.T.);
#2388=ORIENTED_EDGE('',*,*,#2994,.F.);
#2389=ORIENTED_EDGE('',*,*,#3618,.T.);
#2390=ORIENTED_EDGE('',*,*,#3485,.T.);
#2391=ORIENTED_EDGE('',*,*,#3619,.F.);
#2392=ORIENTED_EDGE('',*,*,#3401,.T.);
#2393=ORIENTED_EDGE('',*,*,#3620,.F.);
#2394=ORIENTED_EDGE('',*,*,#3006,.F.);
#2395=ORIENTED_EDGE('',*,*,#3415,.T.);
#2396=ORIENTED_EDGE('',*,*,#3249,.T.);
#2397=ORIENTED_EDGE('',*,*,#3002,.F.);
#2398=ORIENTED_EDGE('',*,*,#3620,.T.);
#2399=ORIENTED_EDGE('',*,*,#3005,.F.);
#2400=ORIENTED_EDGE('',*,*,#3254,.T.);
#2401=ORIENTED_EDGE('',*,*,#3384,.T.);
#2402=ORIENTED_EDGE('',*,*,#3619,.T.);
#2403=ORIENTED_EDGE('',*,*,#3048,.F.);
#2404=ORIENTED_EDGE('',*,*,#3291,.T.);
#2405=ORIENTED_EDGE('',*,*,#3413,.T.);
#2406=ORIENTED_EDGE('',*,*,#3621,.F.);
#2407=ORIENTED_EDGE('',*,*,#3343,.T.);
#2408=ORIENTED_EDGE('',*,*,#3292,.T.);
#2409=ORIENTED_EDGE('',*,*,#3011,.F.);
#2410=ORIENTED_EDGE('',*,*,#3622,.F.);
#2411=ORIENTED_EDGE('',*,*,#3621,.T.);
#2412=ORIENTED_EDGE('',*,*,#3443,.T.);
#2413=ORIENTED_EDGE('',*,*,#3623,.F.);
#2414=ORIENTED_EDGE('',*,*,#3049,.F.);
#2415=ORIENTED_EDGE('',*,*,#3622,.T.);
#2416=ORIENTED_EDGE('',*,*,#3015,.F.);
#2417=ORIENTED_EDGE('',*,*,#3624,.F.);
#2418=ORIENTED_EDGE('',*,*,#3431,.T.);
#2419=ORIENTED_EDGE('',*,*,#3456,.T.);
#2420=ORIENTED_EDGE('',*,*,#3239,.T.);
#2421=ORIENTED_EDGE('',*,*,#3050,.F.);
#2422=ORIENTED_EDGE('',*,*,#3623,.T.);
#2423=ORIENTED_EDGE('',*,*,#3014,.F.);
#2424=ORIENTED_EDGE('',*,*,#3244,.T.);
#2425=ORIENTED_EDGE('',*,*,#3424,.T.);
#2426=ORIENTED_EDGE('',*,*,#3624,.T.);
#2427=ORIENTED_EDGE('',*,*,#3041,.F.);
#2428=ORIENTED_EDGE('',*,*,#3289,.T.);
#2429=ORIENTED_EDGE('',*,*,#3454,.T.);
#2430=ORIENTED_EDGE('',*,*,#3625,.F.);
#2431=ORIENTED_EDGE('',*,*,#3327,.T.);
#2432=ORIENTED_EDGE('',*,*,#3290,.T.);
#2433=ORIENTED_EDGE('',*,*,#3020,.F.);
#2434=ORIENTED_EDGE('',*,*,#3626,.F.);
#2435=ORIENTED_EDGE('',*,*,#3625,.T.);
#2436=ORIENTED_EDGE('',*,*,#3476,.T.);
#2437=ORIENTED_EDGE('',*,*,#3627,.F.);
#2438=ORIENTED_EDGE('',*,*,#3042,.F.);
#2439=ORIENTED_EDGE('',*,*,#3626,.T.);
#2440=ORIENTED_EDGE('',*,*,#3024,.F.);
#2441=ORIENTED_EDGE('',*,*,#3628,.F.);
#2442=ORIENTED_EDGE('',*,*,#3471,.T.);
#2443=ORIENTED_EDGE('',*,*,#3295,.T.);
#2444=ORIENTED_EDGE('',*,*,#3230,.T.);
#2445=ORIENTED_EDGE('',*,*,#3038,.F.);
#2446=ORIENTED_EDGE('',*,*,#3627,.T.);
#2447=ORIENTED_EDGE('',*,*,#3023,.F.);
#2448=ORIENTED_EDGE('',*,*,#3234,.T.);
#2449=ORIENTED_EDGE('',*,*,#3465,.T.);
#2450=ORIENTED_EDGE('',*,*,#3628,.T.);
#2451=ORIENTED_EDGE('',*,*,#3032,.F.);
#2452=ORIENTED_EDGE('',*,*,#3286,.T.);
#2453=ORIENTED_EDGE('',*,*,#3482,.T.);
#2454=ORIENTED_EDGE('',*,*,#3629,.F.);
#2455=ORIENTED_EDGE('',*,*,#3319,.T.);
#2456=ORIENTED_EDGE('',*,*,#3288,.T.);
#2457=ORIENTED_EDGE('',*,*,#3029,.F.);
#2458=ORIENTED_EDGE('',*,*,#3630,.F.);
#2459=ORIENTED_EDGE('',*,*,#3629,.T.);
#2460=ORIENTED_EDGE('',*,*,#3487,.T.);
#2461=ORIENTED_EDGE('',*,*,#3630,.T.);
#2462=ORIENTED_EDGE('',*,*,#3033,.F.);
#2463=ORIENTED_EDGE('',*,*,#3491,.F.);
#2464=ORIENTED_EDGE('',*,*,#3495,.F.);
#2465=ORIENTED_EDGE('',*,*,#3305,.F.);
#2466=ORIENTED_EDGE('',*,*,#3497,.F.);
#2467=ORIENTED_EDGE('',*,*,#3480,.F.);
#2468=ORIENTED_EDGE('',*,*,#3484,.F.);
#2469=ORIENTED_EDGE('',*,*,#3321,.F.);
#2470=ORIENTED_EDGE('',*,*,#3486,.F.);
#2471=ORIENTED_EDGE('',*,*,#3362,.F.);
#2472=ORIENTED_EDGE('',*,*,#3366,.F.);
#2473=ORIENTED_EDGE('',*,*,#3313,.F.);
#2474=ORIENTED_EDGE('',*,*,#3368,.F.);
#2475=ORIENTED_EDGE('',*,*,#3463,.F.);
#2476=ORIENTED_EDGE('',*,*,#3459,.F.);
#2477=ORIENTED_EDGE('',*,*,#3329,.F.);
#2478=ORIENTED_EDGE('',*,*,#3470,.F.);
#2479=ORIENTED_EDGE('',*,*,#3551,.F.);
#2480=ORIENTED_EDGE('',*,*,#3555,.F.);
#2481=ORIENTED_EDGE('',*,*,#3337,.F.);
#2482=ORIENTED_EDGE('',*,*,#3557,.F.);
#2483=ORIENTED_EDGE('',*,*,#3422,.F.);
#2484=ORIENTED_EDGE('',*,*,#3418,.F.);
#2485=ORIENTED_EDGE('',*,*,#3345,.F.);
#2486=ORIENTED_EDGE('',*,*,#3430,.F.);
#2487=ORIENTED_EDGE('',*,*,#3540,.F.);
#2488=ORIENTED_EDGE('',*,*,#3544,.F.);
#2489=ORIENTED_EDGE('',*,*,#3353,.F.);
#2490=ORIENTED_EDGE('',*,*,#3546,.F.);
#2491=ORIENTED_EDGE('',*,*,#3382,.F.);
#2492=ORIENTED_EDGE('',*,*,#3388,.F.);
#2493=ORIENTED_EDGE('',*,*,#3416,.F.);
#2494=ORIENTED_EDGE('',*,*,#3399,.F.);
#2495=ORIENTED_EDGE('',*,*,#3524,.F.);
#2496=ORIENTED_EDGE('',*,*,#3533,.F.);
#2497=ORIENTED_EDGE('',*,*,#3530,.F.);
#2498=ORIENTED_EDGE('',*,*,#3535,.F.);
#2499=ORIENTED_EDGE('',*,*,#3411,.F.);
#2500=ORIENTED_EDGE('',*,*,#3428,.F.);
#2501=ORIENTED_EDGE('',*,*,#3457,.F.);
#2502=ORIENTED_EDGE('',*,*,#3441,.F.);
#2503=ORIENTED_EDGE('',*,*,#3505,.F.);
#2504=ORIENTED_EDGE('',*,*,#3514,.F.);
#2505=ORIENTED_EDGE('',*,*,#3511,.F.);
#2506=ORIENTED_EDGE('',*,*,#3516,.F.);
#2507=ORIENTED_EDGE('',*,*,#3452,.F.);
#2508=ORIENTED_EDGE('',*,*,#3468,.F.);
#2509=ORIENTED_EDGE('',*,*,#3297,.F.);
#2510=ORIENTED_EDGE('',*,*,#3475,.F.);
#2511=ORIENTED_EDGE('',*,*,#3631,.T.);
#2512=ORIENTED_EDGE('',*,*,#3294,.F.);
#2513=ORIENTED_EDGE('',*,*,#3631,.F.);
#2514=ORIENTED_EDGE('',*,*,#3632,.T.);
#2515=ORIENTED_EDGE('',*,*,#3633,.T.);
#2516=ORIENTED_EDGE('',*,*,#3634,.T.);
#2517=ORIENTED_EDGE('',*,*,#3635,.T.);
#2518=ORIENTED_EDGE('',*,*,#3636,.T.);
#2519=ORIENTED_EDGE('',*,*,#3637,.T.);
#2520=ORIENTED_EDGE('',*,*,#3638,.T.);
#2521=ORIENTED_EDGE('',*,*,#3639,.T.);
#2522=ORIENTED_EDGE('',*,*,#3640,.F.);
#2523=ORIENTED_EDGE('',*,*,#3641,.T.);
#2524=ORIENTED_EDGE('',*,*,#3639,.F.);
#2525=ORIENTED_EDGE('',*,*,#3642,.T.);
#2526=ORIENTED_EDGE('',*,*,#3635,.F.);
#2527=ORIENTED_EDGE('',*,*,#3643,.T.);
#2528=ORIENTED_EDGE('',*,*,#3640,.T.);
#2529=ORIENTED_EDGE('',*,*,#3644,.T.);
#2530=ORIENTED_EDGE('',*,*,#3645,.T.);
#2531=ORIENTED_EDGE('',*,*,#3646,.T.);
#2532=ORIENTED_EDGE('',*,*,#3647,.T.);
#2533=ORIENTED_EDGE('',*,*,#3648,.F.);
#2534=ORIENTED_EDGE('',*,*,#3649,.T.);
#2535=ORIENTED_EDGE('',*,*,#3650,.T.);
#2536=ORIENTED_EDGE('',*,*,#3651,.T.);
#2537=ORIENTED_EDGE('',*,*,#3652,.F.);
#2538=ORIENTED_EDGE('',*,*,#3652,.T.);
#2539=ORIENTED_EDGE('',*,*,#3653,.T.);
#2540=ORIENTED_EDGE('',*,*,#3654,.T.);
#2541=ORIENTED_EDGE('',*,*,#3655,.T.);
#2542=ORIENTED_EDGE('',*,*,#3654,.F.);
#2543=ORIENTED_EDGE('',*,*,#3656,.T.);
#2544=ORIENTED_EDGE('',*,*,#3648,.T.);
#2545=ORIENTED_EDGE('',*,*,#3657,.T.);
#2546=ORIENTED_EDGE('',*,*,#2884,.F.);
#2547=ORIENTED_EDGE('',*,*,#3658,.T.);
#2548=ORIENTED_EDGE('',*,*,#3636,.F.);
#2549=ORIENTED_EDGE('',*,*,#3659,.F.);
#2550=ORIENTED_EDGE('',*,*,#3651,.F.);
#2551=ORIENTED_EDGE('',*,*,#3660,.T.);
#2552=ORIENTED_EDGE('',*,*,#2873,.F.);
#2553=ORIENTED_EDGE('',*,*,#3661,.F.);
#2554=ORIENTED_EDGE('',*,*,#3659,.T.);
#2555=ORIENTED_EDGE('',*,*,#3641,.F.);
#2556=ORIENTED_EDGE('',*,*,#3662,.F.);
#2557=ORIENTED_EDGE('',*,*,#2885,.F.);
#2558=ORIENTED_EDGE('',*,*,#3661,.T.);
#2559=ORIENTED_EDGE('',*,*,#2872,.F.);
#2560=ORIENTED_EDGE('',*,*,#3663,.F.);
#2561=ORIENTED_EDGE('',*,*,#3653,.F.);
#2562=ORIENTED_EDGE('',*,*,#3662,.T.);
#2563=ORIENTED_EDGE('',*,*,#3643,.F.);
#2564=ORIENTED_EDGE('',*,*,#3664,.F.);
#2565=ORIENTED_EDGE('',*,*,#2886,.F.);
#2566=ORIENTED_EDGE('',*,*,#3663,.T.);
#2567=ORIENTED_EDGE('',*,*,#2871,.F.);
#2568=ORIENTED_EDGE('',*,*,#3665,.F.);
#2569=ORIENTED_EDGE('',*,*,#3656,.F.);
#2570=ORIENTED_EDGE('',*,*,#3634,.F.);
#2571=ORIENTED_EDGE('',*,*,#3666,.T.);
#2572=ORIENTED_EDGE('',*,*,#2887,.F.);
#2573=ORIENTED_EDGE('',*,*,#3664,.T.);
#2574=ORIENTED_EDGE('',*,*,#2870,.F.);
#2575=ORIENTED_EDGE('',*,*,#3667,.T.);
#2576=ORIENTED_EDGE('',*,*,#3645,.F.);
#2577=ORIENTED_EDGE('',*,*,#3665,.T.);
#2578=ORIENTED_EDGE('',*,*,#2945,.F.);
#2579=ORIENTED_EDGE('',*,*,#3668,.T.);
#2580=ORIENTED_EDGE('',*,*,#3649,.F.);
#2581=ORIENTED_EDGE('',*,*,#3669,.F.);
#2582=ORIENTED_EDGE('',*,*,#3638,.F.);
#2583=ORIENTED_EDGE('',*,*,#3670,.T.);
#2584=ORIENTED_EDGE('',*,*,#2953,.F.);
#2585=ORIENTED_EDGE('',*,*,#3671,.F.);
#2586=ORIENTED_EDGE('',*,*,#3669,.T.);
#2587=ORIENTED_EDGE('',*,*,#3655,.F.);
#2588=ORIENTED_EDGE('',*,*,#3672,.F.);
#2589=ORIENTED_EDGE('',*,*,#2946,.F.);
#2590=ORIENTED_EDGE('',*,*,#3671,.T.);
#2591=ORIENTED_EDGE('',*,*,#2952,.F.);
#2592=ORIENTED_EDGE('',*,*,#3673,.F.);
#2593=ORIENTED_EDGE('',*,*,#3642,.F.);
#2594=ORIENTED_EDGE('',*,*,#3672,.T.);
#2595=ORIENTED_EDGE('',*,*,#3657,.F.);
#2596=ORIENTED_EDGE('',*,*,#3674,.F.);
#2597=ORIENTED_EDGE('',*,*,#2947,.F.);
#2598=ORIENTED_EDGE('',*,*,#3673,.T.);
#2599=ORIENTED_EDGE('',*,*,#2951,.F.);
#2600=ORIENTED_EDGE('',*,*,#3675,.F.);
#2601=ORIENTED_EDGE('',*,*,#3644,.F.);
#2602=ORIENTED_EDGE('',*,*,#3647,.F.);
#2603=ORIENTED_EDGE('',*,*,#3676,.T.);
#2604=ORIENTED_EDGE('',*,*,#2948,.F.);
#2605=ORIENTED_EDGE('',*,*,#3674,.T.);
#2606=ORIENTED_EDGE('',*,*,#2950,.F.);
#2607=ORIENTED_EDGE('',*,*,#3677,.T.);
#2608=ORIENTED_EDGE('',*,*,#3632,.F.);
#2609=ORIENTED_EDGE('',*,*,#3675,.T.);
#2610=ORIENTED_EDGE('',*,*,#3678,.T.);
#2611=ORIENTED_EDGE('',*,*,#3679,.T.);
#2612=ORIENTED_EDGE('',*,*,#3680,.T.);
#2613=ORIENTED_EDGE('',*,*,#3681,.T.);
#2614=ORIENTED_EDGE('',*,*,#3682,.T.);
#2615=ORIENTED_EDGE('',*,*,#3683,.T.);
#2616=ORIENTED_EDGE('',*,*,#3684,.T.);
#2617=ORIENTED_EDGE('',*,*,#3685,.T.);
#2618=ORIENTED_EDGE('',*,*,#3686,.F.);
#2619=ORIENTED_EDGE('',*,*,#3687,.T.);
#2620=ORIENTED_EDGE('',*,*,#3681,.F.);
#2621=ORIENTED_EDGE('',*,*,#3688,.T.);
#2622=ORIENTED_EDGE('',*,*,#3685,.F.);
#2623=ORIENTED_EDGE('',*,*,#3689,.T.);
#2624=ORIENTED_EDGE('',*,*,#3686,.T.);
#2625=ORIENTED_EDGE('',*,*,#3690,.T.);
#2626=ORIENTED_EDGE('',*,*,#3691,.T.);
#2627=ORIENTED_EDGE('',*,*,#3692,.T.);
#2628=ORIENTED_EDGE('',*,*,#3693,.T.);
#2629=ORIENTED_EDGE('',*,*,#3694,.F.);
#2630=ORIENTED_EDGE('',*,*,#3695,.T.);
#2631=ORIENTED_EDGE('',*,*,#3696,.T.);
#2632=ORIENTED_EDGE('',*,*,#3697,.T.);
#2633=ORIENTED_EDGE('',*,*,#3698,.F.);
#2634=ORIENTED_EDGE('',*,*,#3694,.T.);
#2635=ORIENTED_EDGE('',*,*,#3699,.T.);
#2636=ORIENTED_EDGE('',*,*,#3700,.T.);
#2637=ORIENTED_EDGE('',*,*,#3701,.T.);
#2638=ORIENTED_EDGE('',*,*,#3700,.F.);
#2639=ORIENTED_EDGE('',*,*,#3702,.T.);
#2640=ORIENTED_EDGE('',*,*,#3698,.T.);
#2641=ORIENTED_EDGE('',*,*,#3703,.T.);
#2642=ORIENTED_EDGE('',*,*,#2877,.F.);
#2643=ORIENTED_EDGE('',*,*,#3704,.T.);
#2644=ORIENTED_EDGE('',*,*,#3695,.F.);
#2645=ORIENTED_EDGE('',*,*,#3705,.F.);
#2646=ORIENTED_EDGE('',*,*,#3705,.T.);
#2647=ORIENTED_EDGE('',*,*,#3702,.F.);
#2648=ORIENTED_EDGE('',*,*,#3706,.F.);
#2649=ORIENTED_EDGE('',*,*,#2878,.F.);
#2650=ORIENTED_EDGE('',*,*,#3706,.T.);
#2651=ORIENTED_EDGE('',*,*,#3699,.F.);
#2652=ORIENTED_EDGE('',*,*,#3707,.F.);
#2653=ORIENTED_EDGE('',*,*,#2879,.F.);
#2654=ORIENTED_EDGE('',*,*,#3693,.F.);
#2655=ORIENTED_EDGE('',*,*,#3708,.T.);
#2656=ORIENTED_EDGE('',*,*,#2880,.F.);
#2657=ORIENTED_EDGE('',*,*,#3707,.T.);
#2658=ORIENTED_EDGE('',*,*,#2874,.F.);
#2659=ORIENTED_EDGE('',*,*,#3709,.T.);
#2660=ORIENTED_EDGE('',*,*,#3678,.F.);
#2661=ORIENTED_EDGE('',*,*,#3710,.F.);
#2662=ORIENTED_EDGE('',*,*,#3710,.T.);
#2663=ORIENTED_EDGE('',*,*,#3687,.F.);
#2664=ORIENTED_EDGE('',*,*,#3711,.F.);
#2665=ORIENTED_EDGE('',*,*,#2875,.F.);
#2666=ORIENTED_EDGE('',*,*,#3711,.T.);
#2667=ORIENTED_EDGE('',*,*,#3689,.F.);
#2668=ORIENTED_EDGE('',*,*,#3712,.F.);
#2669=ORIENTED_EDGE('',*,*,#2876,.F.);
#2670=ORIENTED_EDGE('',*,*,#3684,.F.);
#2671=ORIENTED_EDGE('',*,*,#3713,.T.);
#2672=ORIENTED_EDGE('',*,*,#2868,.F.);
#2673=ORIENTED_EDGE('',*,*,#3712,.T.);
#2674=ORIENTED_EDGE('',*,*,#2937,.F.);
#2675=ORIENTED_EDGE('',*,*,#3714,.T.);
#2676=ORIENTED_EDGE('',*,*,#3691,.F.);
#2677=ORIENTED_EDGE('',*,*,#3715,.F.);
#2678=ORIENTED_EDGE('',*,*,#3715,.T.);
#2679=ORIENTED_EDGE('',*,*,#3701,.F.);
#2680=ORIENTED_EDGE('',*,*,#3716,.F.);
#2681=ORIENTED_EDGE('',*,*,#2938,.F.);
#2682=ORIENTED_EDGE('',*,*,#3716,.T.);
#2683=ORIENTED_EDGE('',*,*,#3703,.F.);
#2684=ORIENTED_EDGE('',*,*,#3717,.F.);
#2685=ORIENTED_EDGE('',*,*,#2939,.F.);
#2686=ORIENTED_EDGE('',*,*,#3697,.F.);
#2687=ORIENTED_EDGE('',*,*,#3718,.T.);
#2688=ORIENTED_EDGE('',*,*,#2936,.F.);
#2689=ORIENTED_EDGE('',*,*,#3717,.T.);
#2690=ORIENTED_EDGE('',*,*,#3680,.F.);
#2691=ORIENTED_EDGE('',*,*,#3719,.T.);
#2692=ORIENTED_EDGE('',*,*,#2944,.F.);
#2693=ORIENTED_EDGE('',*,*,#3720,.F.);
#2694=ORIENTED_EDGE('',*,*,#3720,.T.);
#2695=ORIENTED_EDGE('',*,*,#2943,.F.);
#2696=ORIENTED_EDGE('',*,*,#3721,.F.);
#2697=ORIENTED_EDGE('',*,*,#3688,.F.);
#2698=ORIENTED_EDGE('',*,*,#3721,.T.);
#2699=ORIENTED_EDGE('',*,*,#2942,.F.);
#2700=ORIENTED_EDGE('',*,*,#3722,.F.);
#2701=ORIENTED_EDGE('',*,*,#3690,.F.);
#2702=ORIENTED_EDGE('',*,*,#2941,.F.);
#2703=ORIENTED_EDGE('',*,*,#3723,.T.);
#2704=ORIENTED_EDGE('',*,*,#3682,.F.);
#2705=ORIENTED_EDGE('',*,*,#3722,.T.);
#2706=ORIENTED_EDGE('',*,*,#3293,.F.);
#2707=ORIENTED_EDGE('',*,*,#3273,.F.);
#2708=ORIENTED_EDGE('',*,*,#3724,.F.);
#2709=ORIENTED_EDGE('',*,*,#2828,.F.);
#2710=ORIENTED_EDGE('',*,*,#3666,.F.);
#2711=ORIENTED_EDGE('',*,*,#3725,.F.);
#2712=ORIENTED_EDGE('',*,*,#2817,.F.);
#2713=ORIENTED_EDGE('',*,*,#3724,.T.);
#2714=ORIENTED_EDGE('',*,*,#3633,.F.);
#2715=ORIENTED_EDGE('',*,*,#3677,.F.);
#2716=ORIENTED_EDGE('',*,*,#3070,.F.);
#2717=ORIENTED_EDGE('',*,*,#3725,.T.);
#2718=ORIENTED_EDGE('',*,*,#3726,.F.);
#2719=ORIENTED_EDGE('',*,*,#3723,.F.);
#2720=ORIENTED_EDGE('',*,*,#2824,.F.);
#2721=ORIENTED_EDGE('',*,*,#3727,.F.);
#2722=ORIENTED_EDGE('',*,*,#3683,.F.);
#2723=ORIENTED_EDGE('',*,*,#3726,.T.);
#2724=ORIENTED_EDGE('',*,*,#2821,.F.);
#2725=ORIENTED_EDGE('',*,*,#3727,.T.);
#2726=ORIENTED_EDGE('',*,*,#3072,.F.);
#2727=ORIENTED_EDGE('',*,*,#3713,.F.);
#2728=ORIENTED_EDGE('',*,*,#3728,.F.);
#2729=ORIENTED_EDGE('',*,*,#2801,.F.);
#2730=ORIENTED_EDGE('',*,*,#3718,.F.);
#2731=ORIENTED_EDGE('',*,*,#3729,.F.);
#2732=ORIENTED_EDGE('',*,*,#2793,.F.);
#2733=ORIENTED_EDGE('',*,*,#3728,.T.);
#2734=ORIENTED_EDGE('',*,*,#3696,.F.);
#2735=ORIENTED_EDGE('',*,*,#3704,.F.);
#2736=ORIENTED_EDGE('',*,*,#2806,.F.);
#2737=ORIENTED_EDGE('',*,*,#3729,.T.);
#2738=ORIENTED_EDGE('',*,*,#3730,.F.);
#2739=ORIENTED_EDGE('',*,*,#2826,.F.);
#2740=ORIENTED_EDGE('',*,*,#3676,.F.);
#2741=ORIENTED_EDGE('',*,*,#3731,.F.);
#2742=ORIENTED_EDGE('',*,*,#2823,.F.);
#2743=ORIENTED_EDGE('',*,*,#3730,.T.);
#2744=ORIENTED_EDGE('',*,*,#3646,.F.);
#2745=ORIENTED_EDGE('',*,*,#3667,.F.);
#2746=ORIENTED_EDGE('',*,*,#3073,.F.);
#2747=ORIENTED_EDGE('',*,*,#3731,.T.);
#2748=ORIENTED_EDGE('',*,*,#3732,.F.);
#2749=ORIENTED_EDGE('',*,*,#3709,.F.);
#2750=ORIENTED_EDGE('',*,*,#2813,.F.);
#2751=ORIENTED_EDGE('',*,*,#3733,.F.);
#2752=ORIENTED_EDGE('',*,*,#3679,.F.);
#2753=ORIENTED_EDGE('',*,*,#3732,.T.);
#2754=ORIENTED_EDGE('',*,*,#2797,.F.);
#2755=ORIENTED_EDGE('',*,*,#3733,.T.);
#2756=ORIENTED_EDGE('',*,*,#2804,.F.);
#2757=ORIENTED_EDGE('',*,*,#3719,.F.);
#2758=ORIENTED_EDGE('',*,*,#3734,.F.);
#2759=ORIENTED_EDGE('',*,*,#3658,.F.);
#2760=ORIENTED_EDGE('',*,*,#2829,.F.);
#2761=ORIENTED_EDGE('',*,*,#3735,.F.);
#2762=ORIENTED_EDGE('',*,*,#3637,.F.);
#2763=ORIENTED_EDGE('',*,*,#3734,.T.);
#2764=ORIENTED_EDGE('',*,*,#2819,.F.);
#2765=ORIENTED_EDGE('',*,*,#3735,.T.);
#2766=ORIENTED_EDGE('',*,*,#3071,.F.);
#2767=ORIENTED_EDGE('',*,*,#3670,.F.);
#2768=ORIENTED_EDGE('',*,*,#3736,.F.);
#2769=ORIENTED_EDGE('',*,*,#3668,.F.);
#2770=ORIENTED_EDGE('',*,*,#2805,.F.);
#2771=ORIENTED_EDGE('',*,*,#3737,.F.);
#2772=ORIENTED_EDGE('',*,*,#3650,.F.);
#2773=ORIENTED_EDGE('',*,*,#3736,.T.);
#2774=ORIENTED_EDGE('',*,*,#2799,.F.);
#2775=ORIENTED_EDGE('',*,*,#3737,.T.);
#2776=ORIENTED_EDGE('',*,*,#2815,.F.);
#2777=ORIENTED_EDGE('',*,*,#3660,.F.);
#2778=ORIENTED_EDGE('',*,*,#3738,.F.);
#2779=ORIENTED_EDGE('',*,*,#3714,.F.);
#2780=ORIENTED_EDGE('',*,*,#2802,.F.);
#2781=ORIENTED_EDGE('',*,*,#3739,.F.);
#2782=ORIENTED_EDGE('',*,*,#3692,.F.);
#2783=ORIENTED_EDGE('',*,*,#3738,.T.);
#2784=ORIENTED_EDGE('',*,*,#2795,.F.);
#2785=ORIENTED_EDGE('',*,*,#3739,.T.);
#2786=ORIENTED_EDGE('',*,*,#2812,.F.);
#2787=ORIENTED_EDGE('',*,*,#3708,.F.);
#2788=ORIENTED_EDGE('',*,*,#3740,.F.);
#2789=ORIENTED_EDGE('',*,*,#3740,.T.);
#2790=ORIENTED_EDGE('',*,*,#3741,.T.);
#2791=ORIENTED_EDGE('',*,*,#3741,.F.);
#2792=EDGE_CURVE('',#3742,#3743,#4302,.T.);
#2793=EDGE_CURVE('',#3743,#3744,#784,.T.);
#2794=EDGE_CURVE('',#3744,#3745,#4303,.F.);
#2795=EDGE_CURVE('',#3745,#3742,#785,.F.);
#2796=EDGE_CURVE('',#3746,#3747,#4304,.T.);
#2797=EDGE_CURVE('',#3747,#3748,#786,.T.);
#2798=EDGE_CURVE('',#3748,#3749,#4305,.F.);
#2799=EDGE_CURVE('',#3749,#3746,#787,.F.);
#2800=EDGE_CURVE('',#3750,#3751,#4306,.F.);
#2801=EDGE_CURVE('',#3750,#3743,#236,.F.);
#2802=EDGE_CURVE('',#3742,#3751,#237,.T.);
#2803=EDGE_CURVE('',#3752,#3753,#4307,.F.);
#2804=EDGE_CURVE('',#3752,#3747,#238,.F.);
#2805=EDGE_CURVE('',#3746,#3753,#239,.T.);
#2806=EDGE_CURVE('',#3744,#3754,#240,.T.);
#2807=EDGE_CURVE('',#3755,#3754,#4308,.T.);
#2808=EDGE_CURVE('',#3756,#3755,#4309,.T.);
#2809=EDGE_CURVE('',#3757,#3756,#4310,.T.);
#2810=EDGE_CURVE('',#3758,#3757,#4311,.T.);
#2811=EDGE_CURVE('',#3759,#3758,#4312,.T.);
#2812=EDGE_CURVE('',#3759,#3745,#241,.F.);
#2813=EDGE_CURVE('',#3748,#3760,#242,.T.);
#2814=EDGE_CURVE('',#3761,#3760,#4313,.T.);
#2815=EDGE_CURVE('',#3761,#3749,#243,.F.);
#2816=EDGE_CURVE('',#3762,#3763,#4314,.F.);
#2817=EDGE_CURVE('',#3763,#3764,#788,.F.);
#2818=EDGE_CURVE('',#3764,#3765,#4315,.T.);
#2819=EDGE_CURVE('',#3765,#3762,#789,.T.);
#2820=EDGE_CURVE('',#3766,#3767,#4316,.F.);
#2821=EDGE_CURVE('',#3767,#3768,#790,.F.);
#2822=EDGE_CURVE('',#3768,#3769,#4317,.T.);
#2823=EDGE_CURVE('',#3769,#3766,#791,.T.);
#2824=EDGE_CURVE('',#3768,#3770,#244,.T.);
#2825=EDGE_CURVE('',#3771,#3770,#4318,.F.);
#2826=EDGE_CURVE('',#3771,#3769,#245,.F.);
#2827=EDGE_CURVE('',#3772,#3773,#4319,.T.);
#2828=EDGE_CURVE('',#3772,#3763,#246,.F.);
#2829=EDGE_CURVE('',#3762,#3774,#247,.T.);
#2830=EDGE_CURVE('',#3775,#3774,#4320,.T.);
#2831=EDGE_CURVE('',#3776,#3775,#4321,.T.);
#2832=EDGE_CURVE('',#3777,#3776,#4322,.T.);
#2833=EDGE_CURVE('',#3778,#3777,#4323,.T.);
#2834=EDGE_CURVE('',#3779,#3778,#4324,.T.);
#2835=EDGE_CURVE('',#3780,#3779,#4325,.T.);
#2836=EDGE_CURVE('',#3781,#3780,#4326,.T.);
#2837=EDGE_CURVE('',#3782,#3781,#4327,.T.);
#2838=EDGE_CURVE('',#3783,#3782,#4328,.T.);
#2839=EDGE_CURVE('',#3784,#3783,#4329,.T.);
#2840=EDGE_CURVE('',#3785,#3784,#4330,.T.);
#2841=EDGE_CURVE('',#3786,#3785,#4331,.T.);
#2842=EDGE_CURVE('',#3787,#3786,#4332,.T.);
#2843=EDGE_CURVE('',#3788,#3787,#4333,.T.);
#2844=EDGE_CURVE('',#3789,#3788,#4334,.T.);
#2845=EDGE_CURVE('',#3790,#3789,#4335,.T.);
#2846=EDGE_CURVE('',#3791,#3790,#4336,.T.);
#2847=EDGE_CURVE('',#3792,#3791,#4337,.T.);
#2848=EDGE_CURVE('',#3793,#3792,#4338,.T.);
#2849=EDGE_CURVE('',#3773,#3793,#4339,.T.);
#2850=EDGE_CURVE('',#3794,#3792,#248,.T.);
#2851=EDGE_CURVE('',#3794,#3795,#4340,.F.);
#2852=EDGE_CURVE('',#3793,#3795,#249,.T.);
#2853=EDGE_CURVE('',#3789,#3796,#250,.T.);
#2854=EDGE_CURVE('',#3797,#3788,#251,.T.);
#2855=EDGE_CURVE('',#3797,#3796,#4341,.F.);
#2856=EDGE_CURVE('',#3791,#3798,#252,.T.);
#2857=EDGE_CURVE('',#3799,#3790,#253,.T.);
#2858=EDGE_CURVE('',#3799,#3798,#4342,.F.);
#2859=EDGE_CURVE('',#3800,#3756,#254,.T.);
#2860=EDGE_CURVE('',#3800,#3801,#4343,.F.);
#2861=EDGE_CURVE('',#3757,#3801,#255,.T.);
#2862=EDGE_CURVE('',#3785,#3802,#256,.T.);
#2863=EDGE_CURVE('',#3803,#3784,#257,.T.);
#2864=EDGE_CURVE('',#3803,#3802,#4344,.F.);
#2865=EDGE_CURVE('',#3787,#3804,#258,.T.);
#2866=EDGE_CURVE('',#3805,#3786,#259,.T.);
#2867=EDGE_CURVE('',#3805,#3804,#4345,.F.);
#2868=EDGE_CURVE('',#3806,#3807,#792,.T.);
#2869=EDGE_CURVE('',#3807,#3808,#4346,.T.);
#2870=EDGE_CURVE('',#3808,#3809,#793,.F.);
#2871=EDGE_CURVE('',#3809,#3810,#260,.T.);
#2872=EDGE_CURVE('',#3810,#3811,#261,.T.);
#2873=EDGE_CURVE('',#3811,#3761,#794,.T.);
#2874=EDGE_CURVE('',#3760,#3812,#795,.F.);
#2875=EDGE_CURVE('',#3812,#3813,#262,.T.);
#2876=EDGE_CURVE('',#3813,#3806,#263,.T.);
#2877=EDGE_CURVE('',#3754,#3814,#796,.F.);
#2878=EDGE_CURVE('',#3814,#3815,#264,.T.);
#2879=EDGE_CURVE('',#3815,#3816,#265,.T.);
#2880=EDGE_CURVE('',#3816,#3759,#797,.T.);
#2881=EDGE_CURVE('',#3817,#3758,#266,.T.);
#2882=EDGE_CURVE('',#3817,#3818,#4347,.F.);
#2883=EDGE_CURVE('',#3775,#3818,#267,.T.);
#2884=EDGE_CURVE('',#3774,#3819,#798,.F.);
#2885=EDGE_CURVE('',#3819,#3820,#268,.T.);
#2886=EDGE_CURVE('',#3820,#3821,#269,.T.);
#2887=EDGE_CURVE('',#3821,#3772,#799,.T.);
#2888=EDGE_CURVE('',#3822,#3773,#270,.T.);
#2889=EDGE_CURVE('',#3822,#3823,#4348,.F.);
#2890=EDGE_CURVE('',#3755,#3823,#271,.T.);
#2891=EDGE_CURVE('',#3824,#3776,#272,.T.);
#2892=EDGE_CURVE('',#3824,#3825,#4349,.F.);
#2893=EDGE_CURVE('',#3777,#3825,#273,.T.);
#2894=EDGE_CURVE('',#3781,#3826,#274,.T.);
#2895=EDGE_CURVE('',#3827,#3780,#275,.T.);
#2896=EDGE_CURVE('',#3827,#3826,#4350,.F.);
#2897=EDGE_CURVE('',#3783,#3828,#276,.T.);
#2898=EDGE_CURVE('',#3829,#3782,#277,.T.);
#2899=EDGE_CURVE('',#3829,#3828,#4351,.F.);
#2900=EDGE_CURVE('',#3830,#3799,#278,.T.);
#2901=EDGE_CURVE('',#3831,#3830,#4352,.T.);
#2902=EDGE_CURVE('',#3798,#3831,#279,.T.);
#2903=EDGE_CURVE('',#3796,#3832,#280,.T.);
#2904=EDGE_CURVE('',#3833,#3797,#281,.T.);
#2905=EDGE_CURVE('',#3832,#3833,#4353,.T.);
#2906=EDGE_CURVE('',#3834,#3794,#282,.T.);
#2907=EDGE_CURVE('',#3835,#3834,#4354,.T.);
#2908=EDGE_CURVE('',#3795,#3835,#283,.T.);
#2909=EDGE_CURVE('',#3804,#3836,#284,.T.);
#2910=EDGE_CURVE('',#3837,#3805,#285,.T.);
#2911=EDGE_CURVE('',#3836,#3837,#4355,.T.);
#2912=EDGE_CURVE('',#3838,#3822,#286,.T.);
#2913=EDGE_CURVE('',#3839,#3838,#4356,.T.);
#2914=EDGE_CURVE('',#3823,#3839,#287,.T.);
#2915=EDGE_CURVE('',#3802,#3840,#288,.T.);
#2916=EDGE_CURVE('',#3841,#3803,#289,.T.);
#2917=EDGE_CURVE('',#3840,#3841,#4357,.T.);
#2918=EDGE_CURVE('',#3842,#3800,#290,.T.);
#2919=EDGE_CURVE('',#3843,#3842,#4358,.T.);
#2920=EDGE_CURVE('',#3801,#3843,#291,.T.);
#2921=EDGE_CURVE('',#3828,#3844,#292,.T.);
#2922=EDGE_CURVE('',#3845,#3829,#293,.T.);
#2923=EDGE_CURVE('',#3844,#3845,#4359,.T.);
#2924=EDGE_CURVE('',#3818,#3846,#294,.T.);
#2925=EDGE_CURVE('',#3847,#3817,#295,.T.);
#2926=EDGE_CURVE('',#3846,#3847,#4360,.T.);
#2927=EDGE_CURVE('',#3826,#3848,#296,.T.);
#2928=EDGE_CURVE('',#3849,#3827,#297,.T.);
#2929=EDGE_CURVE('',#3848,#3849,#4361,.T.);
#2930=EDGE_CURVE('',#3850,#3824,#298,.T.);
#2931=EDGE_CURVE('',#3851,#3850,#4362,.T.);
#2932=EDGE_CURVE('',#3825,#3851,#299,.T.);
#2933=EDGE_CURVE('',#3852,#3778,#300,.T.);
#2934=EDGE_CURVE('',#3852,#3853,#4363,.F.);
#2935=EDGE_CURVE('',#3779,#3853,#301,.T.);
#2936=EDGE_CURVE('',#3854,#3750,#800,.T.);
#2937=EDGE_CURVE('',#3751,#3855,#801,.F.);
#2938=EDGE_CURVE('',#3855,#3856,#302,.T.);
#2939=EDGE_CURVE('',#3856,#3854,#303,.T.);
#2940=EDGE_CURVE('',#3857,#3857,#4364,.T.);
#2941=EDGE_CURVE('',#3770,#3858,#802,.F.);
#2942=EDGE_CURVE('',#3858,#3859,#304,.T.);
#2943=EDGE_CURVE('',#3859,#3860,#305,.T.);
#2944=EDGE_CURVE('',#3860,#3752,#803,.T.);
#2945=EDGE_CURVE('',#3753,#3861,#804,.F.);
#2946=EDGE_CURVE('',#3861,#3862,#306,.T.);
#2947=EDGE_CURVE('',#3862,#3863,#307,.T.);
#2948=EDGE_CURVE('',#3863,#3771,#805,.T.);
#2949=EDGE_CURVE('',#3864,#3865,#4365,.F.);
#2950=EDGE_CURVE('',#3865,#3866,#806,.F.);
#2951=EDGE_CURVE('',#3866,#3867,#308,.T.);
#2952=EDGE_CURVE('',#3867,#3868,#309,.T.);
#2953=EDGE_CURVE('',#3868,#3864,#807,.T.);
#2954=EDGE_CURVE('',#3838,#3869,#4366,.T.);
#2955=EDGE_CURVE('',#3869,#3870,#4367,.F.);
#2956=EDGE_CURVE('',#3870,#3871,#4368,.F.);
#2957=EDGE_CURVE('',#3871,#3872,#4369,.F.);
#2958=EDGE_CURVE('',#3872,#3839,#4370,.T.);
#2959=EDGE_CURVE('',#3873,#3873,#4371,.F.);
#2960=EDGE_CURVE('',#3847,#3874,#4372,.T.);
#2961=EDGE_CURVE('',#3874,#3875,#4373,.F.);
#2962=EDGE_CURVE('',#3875,#3876,#4374,.F.);
#2963=EDGE_CURVE('',#3876,#3877,#4375,.F.);
#2964=EDGE_CURVE('',#3877,#3846,#4376,.T.);
#2965=EDGE_CURVE('',#3878,#3843,#4377,.F.);
#2966=EDGE_CURVE('',#3842,#3878,#4378,.F.);
#2967=EDGE_CURVE('',#3879,#3835,#4379,.F.);
#2968=EDGE_CURVE('',#3834,#3879,#4380,.F.);
#2969=EDGE_CURVE('',#3880,#3831,#4381,.T.);
#2970=EDGE_CURVE('',#3830,#3881,#4382,.T.);
#2971=EDGE_CURVE('',#3881,#3882,#4383,.F.);
#2972=EDGE_CURVE('',#3882,#3883,#4384,.F.);
#2973=EDGE_CURVE('',#3883,#3880,#4385,.F.);
#2974=EDGE_CURVE('',#3884,#3832,#4386,.F.);
#2975=EDGE_CURVE('',#3833,#3884,#4387,.F.);
#2976=EDGE_CURVE('',#3885,#3836,#4388,.T.);
#2977=EDGE_CURVE('',#3837,#3886,#4389,.T.);
#2978=EDGE_CURVE('',#3886,#3887,#4390,.F.);
#2979=EDGE_CURVE('',#3887,#3888,#4391,.F.);
#2980=EDGE_CURVE('',#3888,#3885,#4392,.F.);
#2981=EDGE_CURVE('',#3889,#3840,#4393,.F.);
#2982=EDGE_CURVE('',#3841,#3889,#4394,.F.);
#2983=EDGE_CURVE('',#3890,#3844,#4395,.T.);
#2984=EDGE_CURVE('',#3845,#3891,#4396,.T.);
#2985=EDGE_CURVE('',#3891,#3892,#4397,.F.);
#2986=EDGE_CURVE('',#3892,#3893,#4398,.F.);
#2987=EDGE_CURVE('',#3893,#3890,#4399,.F.);
#2988=EDGE_CURVE('',#3894,#3848,#4400,.F.);
#2989=EDGE_CURVE('',#3849,#3894,#4401,.F.);
#2990=EDGE_CURVE('',#3895,#3896,#4402,.T.);
#2991=EDGE_CURVE('',#3896,#3897,#4403,.T.);
#2992=EDGE_CURVE('',#3897,#3898,#4404,.T.);
#2993=EDGE_CURVE('',#3898,#3899,#4405,.F.);
#2994=EDGE_CURVE('',#3899,#3900,#4406,.F.);
#2995=EDGE_CURVE('',#3900,#3895,#4407,.F.);
#2996=EDGE_CURVE('',#3901,#3851,#4408,.F.);
#2997=EDGE_CURVE('',#3850,#3901,#4409,.F.);
#2998=EDGE_CURVE('',#3902,#3903,#4410,.T.);
#2999=EDGE_CURVE('',#3903,#3904,#4411,.F.);
#3000=EDGE_CURVE('',#3904,#3905,#4412,.T.);
#3001=EDGE_CURVE('',#3905,#3902,#4413,.T.);
#3002=EDGE_CURVE('',#3906,#3907,#4414,.F.);
#3003=EDGE_CURVE('',#3907,#3908,#4415,.F.);
#3004=EDGE_CURVE('',#3908,#3909,#4416,.F.);
#3005=EDGE_CURVE('',#3909,#3910,#4417,.F.);
#3006=EDGE_CURVE('',#3910,#3906,#4418,.T.);
#3007=EDGE_CURVE('',#3911,#3912,#4419,.T.);
#3008=EDGE_CURVE('',#3912,#3913,#4420,.F.);
#3009=EDGE_CURVE('',#3913,#3914,#4421,.T.);
#3010=EDGE_CURVE('',#3914,#3911,#4422,.T.);
#3011=EDGE_CURVE('',#3915,#3916,#4423,.F.);
#3012=EDGE_CURVE('',#3916,#3917,#4424,.F.);
#3013=EDGE_CURVE('',#3917,#3918,#4425,.F.);
#3014=EDGE_CURVE('',#3918,#3919,#4426,.F.);
#3015=EDGE_CURVE('',#3919,#3915,#4427,.T.);
#3016=EDGE_CURVE('',#3920,#3921,#4428,.T.);
#3017=EDGE_CURVE('',#3921,#3922,#4429,.F.);
#3018=EDGE_CURVE('',#3922,#3923,#4430,.T.);
#3019=EDGE_CURVE('',#3923,#3920,#4431,.T.);
#3020=EDGE_CURVE('',#3924,#3925,#4432,.F.);
#3021=EDGE_CURVE('',#3925,#3926,#4433,.F.);
#3022=EDGE_CURVE('',#3926,#3927,#4434,.F.);
#3023=EDGE_CURVE('',#3927,#3928,#4435,.F.);
#3024=EDGE_CURVE('',#3928,#3924,#4436,.T.);
#3025=EDGE_CURVE('',#3929,#3930,#4437,.T.);
#3026=EDGE_CURVE('',#3930,#3931,#4438,.F.);
#3027=EDGE_CURVE('',#3931,#3932,#4439,.T.);
#3028=EDGE_CURVE('',#3932,#3929,#4440,.T.);
#3029=EDGE_CURVE('',#3933,#3934,#4441,.F.);
#3030=EDGE_CURVE('',#3934,#3935,#4442,.F.);
#3031=EDGE_CURVE('',#3935,#3936,#4443,.F.);
#3032=EDGE_CURVE('',#3936,#3937,#4444,.F.);
#3033=EDGE_CURVE('',#3937,#3933,#4445,.T.);
#3034=EDGE_CURVE('',#3938,#3939,#4446,.T.);
#3035=EDGE_CURVE('',#3939,#3940,#4447,.F.);
#3036=EDGE_CURVE('',#3940,#3941,#4448,.T.);
#3037=EDGE_CURVE('',#3941,#3938,#4449,.T.);
#3038=EDGE_CURVE('',#3942,#3943,#4450,.F.);
#3039=EDGE_CURVE('',#3943,#3944,#4451,.F.);
#3040=EDGE_CURVE('',#3944,#3945,#4452,.F.);
#3041=EDGE_CURVE('',#3945,#3946,#4453,.F.);
#3042=EDGE_CURVE('',#3946,#3942,#4454,.T.);
#3043=EDGE_CURVE('',#3947,#3948,#4455,.T.);
#3044=EDGE_CURVE('',#3948,#3949,#4456,.F.);
#3045=EDGE_CURVE('',#3949,#3950,#4457,.T.);
#3046=EDGE_CURVE('',#3950,#3947,#4458,.T.);
#3047=EDGE_CURVE('',#3951,#3952,#4459,.F.);
#3048=EDGE_CURVE('',#3952,#3953,#4460,.F.);
#3049=EDGE_CURVE('',#3953,#3954,#4461,.T.);
#3050=EDGE_CURVE('',#3954,#3955,#4462,.F.);
#3051=EDGE_CURVE('',#3955,#3951,#4463,.F.);
#3052=EDGE_CURVE('',#3956,#3957,#4464,.T.);
#3053=EDGE_CURVE('',#3957,#3958,#4465,.F.);
#3054=EDGE_CURVE('',#3958,#3956,#4466,.T.);
#3055=EDGE_CURVE('',#3959,#3960,#4467,.T.);
#3056=EDGE_CURVE('',#3960,#3961,#4468,.F.);
#3057=EDGE_CURVE('',#3961,#3959,#4469,.T.);
#3058=EDGE_CURVE('',#3962,#3963,#4470,.T.);
#3059=EDGE_CURVE('',#3963,#3964,#4471,.F.);
#3060=EDGE_CURVE('',#3964,#3962,#4472,.T.);
#3061=EDGE_CURVE('',#3965,#3966,#4473,.T.);
#3062=EDGE_CURVE('',#3966,#3967,#4474,.F.);
#3063=EDGE_CURVE('',#3967,#3965,#4475,.T.);
#3064=EDGE_CURVE('',#3968,#3969,#4476,.T.);
#3065=EDGE_CURVE('',#3969,#3970,#4477,.F.);
#3066=EDGE_CURVE('',#3970,#3968,#4478,.T.);
#3067=EDGE_CURVE('',#3971,#3972,#4479,.T.);
#3068=EDGE_CURVE('',#3972,#3973,#4480,.F.);
#3069=EDGE_CURVE('',#3973,#3971,#4481,.T.);
#3070=EDGE_CURVE('',#3764,#3865,#310,.T.);
#3071=EDGE_CURVE('',#3864,#3765,#311,.F.);
#3072=EDGE_CURVE('',#3807,#3767,#312,.F.);
#3073=EDGE_CURVE('',#3766,#3808,#313,.T.);
#3074=EDGE_CURVE('',#3853,#3896,#314,.T.);
#3075=EDGE_CURVE('',#3897,#3852,#315,.T.);
#3076=EDGE_CURVE('',#3974,#3758,#4482,.F.);
#3077=EDGE_CURVE('',#3757,#3975,#4483,.T.);
#3078=EDGE_CURVE('',#3975,#3756,#4484,.T.);
#3079=EDGE_CURVE('',#3755,#3976,#4485,.F.);
#3080=EDGE_CURVE('',#3976,#3977,#4486,.T.);
#3081=EDGE_CURVE('',#3977,#3978,#4487,.T.);
#3082=EDGE_CURVE('',#3978,#3979,#4488,.T.);
#3083=EDGE_CURVE('',#3979,#3980,#4489,.F.);
#3084=EDGE_CURVE('',#3980,#3981,#4490,.F.);
#3085=EDGE_CURVE('',#3981,#3982,#4491,.F.);
#3086=EDGE_CURVE('',#3982,#3983,#4492,.F.);
#3087=EDGE_CURVE('',#3983,#3984,#4493,.F.);
#3088=EDGE_CURVE('',#3984,#3985,#4494,.F.);
#3089=EDGE_CURVE('',#3985,#3986,#4495,.F.);
#3090=EDGE_CURVE('',#3986,#3987,#4496,.F.);
#3091=EDGE_CURVE('',#3987,#3988,#4497,.T.);
#3092=EDGE_CURVE('',#3988,#3989,#4498,.T.);
#3093=EDGE_CURVE('',#3989,#3974,#4499,.T.);
#3094=EDGE_CURVE('',#3990,#3773,#4500,.F.);
#3095=EDGE_CURVE('',#3793,#3991,#4501,.T.);
#3096=EDGE_CURVE('',#3991,#3792,#4502,.T.);
#3097=EDGE_CURVE('',#3791,#3992,#4503,.F.);
#3098=EDGE_CURVE('',#3992,#3993,#4504,.T.);
#3099=EDGE_CURVE('',#3993,#3994,#4505,.T.);
#3100=EDGE_CURVE('',#3994,#3995,#4506,.T.);
#3101=EDGE_CURVE('',#3995,#3996,#4507,.F.);
#3102=EDGE_CURVE('',#3996,#3997,#4508,.F.);
#3103=EDGE_CURVE('',#3997,#3998,#4509,.F.);
#3104=EDGE_CURVE('',#3998,#3999,#4510,.F.);
#3105=EDGE_CURVE('',#3999,#4000,#4511,.F.);
#3106=EDGE_CURVE('',#4000,#4001,#4512,.F.);
#3107=EDGE_CURVE('',#4001,#4002,#4513,.F.);
#3108=EDGE_CURVE('',#4002,#4003,#4514,.F.);
#3109=EDGE_CURVE('',#4003,#4004,#4515,.T.);
#3110=EDGE_CURVE('',#4004,#4005,#4516,.T.);
#3111=EDGE_CURVE('',#4005,#3990,#4517,.T.);
#3112=EDGE_CURVE('',#4006,#3782,#4518,.F.);
#3113=EDGE_CURVE('',#3781,#4007,#4519,.T.);
#3114=EDGE_CURVE('',#4007,#3780,#4520,.T.);
#3115=EDGE_CURVE('',#3779,#4008,#4521,.F.);
#3116=EDGE_CURVE('',#4008,#4009,#4522,.T.);
#3117=EDGE_CURVE('',#4009,#4010,#4523,.T.);
#3118=EDGE_CURVE('',#4010,#4011,#4524,.T.);
#3119=EDGE_CURVE('',#4011,#4012,#4525,.F.);
#3120=EDGE_CURVE('',#4012,#4013,#4526,.F.);
#3121=EDGE_CURVE('',#4013,#4014,#4527,.F.);
#3122=EDGE_CURVE('',#4014,#4015,#4528,.F.);
#3123=EDGE_CURVE('',#4015,#4016,#4529,.F.);
#3124=EDGE_CURVE('',#4016,#4017,#4530,.F.);
#3125=EDGE_CURVE('',#4017,#4018,#4531,.F.);
#3126=EDGE_CURVE('',#4018,#4019,#4532,.F.);
#3127=EDGE_CURVE('',#4019,#4020,#4533,.T.);
#3128=EDGE_CURVE('',#4020,#4021,#4534,.T.);
#3129=EDGE_CURVE('',#4021,#4006,#4535,.T.);
#3130=EDGE_CURVE('',#4022,#3778,#4536,.F.);
#3131=EDGE_CURVE('',#3777,#4023,#4537,.T.);
#3132=EDGE_CURVE('',#4023,#3776,#4538,.T.);
#3133=EDGE_CURVE('',#3775,#4024,#4539,.F.);
#3134=EDGE_CURVE('',#4024,#4025,#4540,.T.);
#3135=EDGE_CURVE('',#4025,#4026,#4541,.T.);
#3136=EDGE_CURVE('',#4026,#4027,#4542,.T.);
#3137=EDGE_CURVE('',#4027,#4028,#4543,.F.);
#3138=EDGE_CURVE('',#4028,#4029,#4544,.F.);
#3139=EDGE_CURVE('',#4029,#4030,#4545,.F.);
#3140=EDGE_CURVE('',#4030,#4031,#4546,.F.);
#3141=EDGE_CURVE('',#4031,#4032,#4547,.F.);
#3142=EDGE_CURVE('',#4032,#4033,#4548,.F.);
#3143=EDGE_CURVE('',#4033,#4034,#4549,.F.);
#3144=EDGE_CURVE('',#4034,#4035,#4550,.F.);
#3145=EDGE_CURVE('',#4035,#4036,#4551,.T.);
#3146=EDGE_CURVE('',#4036,#4037,#4552,.T.);
#3147=EDGE_CURVE('',#4037,#4022,#4553,.T.);
#3148=EDGE_CURVE('',#4038,#3786,#4554,.F.);
#3149=EDGE_CURVE('',#3785,#4039,#4555,.T.);
#3150=EDGE_CURVE('',#4039,#3784,#4556,.T.);
#3151=EDGE_CURVE('',#3783,#4040,#4557,.F.);
#3152=EDGE_CURVE('',#4040,#4041,#4558,.T.);
#3153=EDGE_CURVE('',#4041,#4042,#4559,.T.);
#3154=EDGE_CURVE('',#4042,#4043,#4560,.T.);
#3155=EDGE_CURVE('',#4043,#4044,#4561,.F.);
#3156=EDGE_CURVE('',#4044,#4045,#4562,.F.);
#3157=EDGE_CURVE('',#4045,#4046,#4563,.F.);
#3158=EDGE_CURVE('',#4046,#4047,#4564,.F.);
#3159=EDGE_CURVE('',#4047,#4048,#4565,.F.);
#3160=EDGE_CURVE('',#4048,#4049,#4566,.F.);
#3161=EDGE_CURVE('',#4049,#4050,#4567,.F.);
#3162=EDGE_CURVE('',#4050,#4051,#4568,.F.);
#3163=EDGE_CURVE('',#4051,#4052,#4569,.T.);
#3164=EDGE_CURVE('',#4052,#4053,#4570,.T.);
#3165=EDGE_CURVE('',#4053,#4038,#4571,.T.);
#3166=EDGE_CURVE('',#4054,#3790,#4572,.F.);
#3167=EDGE_CURVE('',#3789,#4055,#4573,.T.);
#3168=EDGE_CURVE('',#4055,#3788,#4574,.T.);
#3169=EDGE_CURVE('',#3787,#4056,#4575,.F.);
#3170=EDGE_CURVE('',#4056,#4057,#4576,.T.);
#3171=EDGE_CURVE('',#4057,#4058,#4577,.T.);
#3172=EDGE_CURVE('',#4058,#4059,#4578,.T.);
#3173=EDGE_CURVE('',#4059,#4060,#4579,.F.);
#3174=EDGE_CURVE('',#4060,#4061,#4580,.F.);
#3175=EDGE_CURVE('',#4061,#4062,#4581,.F.);
#3176=EDGE_CURVE('',#4062,#4063,#4582,.F.);
#3177=EDGE_CURVE('',#4063,#4064,#4583,.F.);
#3178=EDGE_CURVE('',#4064,#4065,#4584,.F.);
#3179=EDGE_CURVE('',#4065,#4066,#4585,.F.);
#3180=EDGE_CURVE('',#4066,#4067,#4586,.F.);
#3181=EDGE_CURVE('',#4067,#4068,#4587,.T.);
#3182=EDGE_CURVE('',#4068,#4069,#4588,.T.);
#3183=EDGE_CURVE('',#4069,#4054,#4589,.T.);
#3184=EDGE_CURVE('',#4070,#3995,#4590,.F.);
#3185=EDGE_CURVE('',#3995,#4071,#316,.T.);
#3186=EDGE_CURVE('',#4071,#4072,#4591,.T.);
#3187=EDGE_CURVE('',#4070,#4072,#808,.T.);
#3188=EDGE_CURVE('',#4073,#4074,#4592,.T.);
#3189=EDGE_CURVE('',#4074,#4003,#317,.T.);
#3190=EDGE_CURVE('',#4003,#4075,#4593,.F.);
#3191=EDGE_CURVE('',#4075,#4073,#809,.T.);
#3192=EDGE_CURVE('',#4076,#4059,#318,.T.);
#3193=EDGE_CURVE('',#4076,#4077,#4594,.T.);
#3194=EDGE_CURVE('',#4078,#4077,#810,.T.);
#3195=EDGE_CURVE('',#4078,#4059,#4595,.F.);
#3196=EDGE_CURVE('',#4067,#4079,#319,.T.);
#3197=EDGE_CURVE('',#4067,#4070,#4596,.F.);
#3198=EDGE_CURVE('',#4072,#4079,#4597,.T.);
#3199=EDGE_CURVE('',#4080,#4043,#320,.T.);
#3200=EDGE_CURVE('',#4080,#4081,#4598,.T.);
#3201=EDGE_CURVE('',#4082,#4081,#811,.T.);
#3202=EDGE_CURVE('',#4082,#4043,#4599,.F.);
#3203=EDGE_CURVE('',#4051,#4083,#321,.T.);
#3204=EDGE_CURVE('',#4051,#4078,#4600,.F.);
#3205=EDGE_CURVE('',#4077,#4083,#4601,.T.);
#3206=EDGE_CURVE('',#4084,#4011,#4602,.F.);
#3207=EDGE_CURVE('',#4011,#4085,#322,.T.);
#3208=EDGE_CURVE('',#4085,#4086,#4603,.T.);
#3209=EDGE_CURVE('',#4084,#4086,#812,.T.);
#3210=EDGE_CURVE('',#4081,#4087,#4604,.T.);
#3211=EDGE_CURVE('',#4087,#4019,#323,.T.);
#3212=EDGE_CURVE('',#4019,#4082,#4605,.F.);
#3213=EDGE_CURVE('',#4088,#4089,#4606,.T.);
#3214=EDGE_CURVE('',#4089,#4028,#324,.T.);
#3215=EDGE_CURVE('',#4028,#4034,#4607,.F.);
#3216=EDGE_CURVE('',#4034,#4088,#325,.T.);
#3217=EDGE_CURVE('',#4090,#4027,#4608,.F.);
#3218=EDGE_CURVE('',#4027,#4091,#326,.T.);
#3219=EDGE_CURVE('',#4091,#4092,#4609,.T.);
#3220=EDGE_CURVE('',#4090,#4092,#813,.T.);
#3221=EDGE_CURVE('',#4075,#3979,#4610,.F.);
#3222=EDGE_CURVE('',#3979,#4093,#327,.T.);
#3223=EDGE_CURVE('',#4093,#4073,#4611,.T.);
#3224=EDGE_CURVE('',#4092,#4094,#4612,.T.);
#3225=EDGE_CURVE('',#4094,#3987,#328,.T.);
#3226=EDGE_CURVE('',#3987,#4090,#4613,.F.);
#3227=EDGE_CURVE('',#3940,#4095,#329,.T.);
#3228=EDGE_CURVE('',#4096,#3939,#330,.T.);
#3229=EDGE_CURVE('',#4095,#4096,#4614,.T.);
#3230=EDGE_CURVE('',#4087,#3943,#331,.T.);
#3231=EDGE_CURVE('',#3944,#4081,#332,.T.);
#3232=EDGE_CURVE('',#3931,#4088,#333,.T.);
#3233=EDGE_CURVE('',#4089,#3930,#334,.T.);
#3234=EDGE_CURVE('',#3927,#4091,#335,.T.);
#3235=EDGE_CURVE('',#4092,#3926,#336,.F.);
#3236=EDGE_CURVE('',#3949,#4097,#337,.T.);
#3237=EDGE_CURVE('',#4098,#3948,#338,.T.);
#3238=EDGE_CURVE('',#4097,#4098,#4615,.T.);
#3239=EDGE_CURVE('',#4083,#3955,#339,.T.);
#3240=EDGE_CURVE('',#3951,#4077,#340,.T.);
#3241=EDGE_CURVE('',#3922,#4099,#341,.T.);
#3242=EDGE_CURVE('',#4100,#3921,#342,.T.);
#3243=EDGE_CURVE('',#4099,#4100,#4616,.T.);
#3244=EDGE_CURVE('',#3918,#4093,#343,.T.);
#3245=EDGE_CURVE('',#4073,#3917,#344,.F.);
#3246=EDGE_CURVE('',#3904,#4101,#345,.T.);
#3247=EDGE_CURVE('',#4102,#3903,#346,.T.);
#3248=EDGE_CURVE('',#4101,#4102,#4617,.T.);
#3249=EDGE_CURVE('',#4079,#3907,#347,.T.);
#3250=EDGE_CURVE('',#3908,#4072,#348,.F.);
#3251=EDGE_CURVE('',#3913,#4103,#349,.T.);
#3252=EDGE_CURVE('',#4104,#3912,#350,.T.);
#3253=EDGE_CURVE('',#4103,#4104,#4618,.T.);
#3254=EDGE_CURVE('',#3909,#4071,#351,.T.);
#3255=EDGE_CURVE('',#4104,#3996,#352,.T.);
#3256=EDGE_CURVE('',#3996,#4002,#4619,.F.);
#3257=EDGE_CURVE('',#4002,#4103,#353,.T.);
#3258=EDGE_CURVE('',#4060,#4102,#354,.T.);
#3259=EDGE_CURVE('',#4060,#4066,#4620,.F.);
#3260=EDGE_CURVE('',#4101,#4066,#355,.T.);
#3261=EDGE_CURVE('',#4044,#4098,#356,.T.);
#3262=EDGE_CURVE('',#4044,#4050,#4621,.F.);
#3263=EDGE_CURVE('',#4097,#4050,#357,.T.);
#3264=EDGE_CURVE('',#4096,#4012,#358,.T.);
#3265=EDGE_CURVE('',#4012,#4018,#4622,.F.);
#3266=EDGE_CURVE('',#4018,#4095,#359,.T.);
#3267=EDGE_CURVE('',#4086,#4105,#4623,.T.);
#3268=EDGE_CURVE('',#4105,#4035,#360,.T.);
#3269=EDGE_CURVE('',#4035,#4084,#4624,.F.);
#3270=EDGE_CURVE('',#4100,#3980,#361,.T.);
#3271=EDGE_CURVE('',#3980,#3986,#4625,.F.);
#3272=EDGE_CURVE('',#3986,#4099,#362,.T.);
#3273=EDGE_CURVE('',#4106,#4106,#4626,.F.);
#3274=EDGE_CURVE('',#4107,#4108,#4627,.T.);
#3275=EDGE_CURVE('',#4108,#4109,#4628,.T.);
#3276=EDGE_CURVE('',#4109,#4110,#4629,.T.);
#3277=EDGE_CURVE('',#4110,#4111,#4630,.T.);
#3278=EDGE_CURVE('',#4111,#4112,#4631,.T.);
#3279=EDGE_CURVE('',#4112,#4107,#4632,.T.);
#3280=EDGE_CURVE('',#4082,#4111,#363,.T.);
#3281=EDGE_CURVE('',#4112,#4084,#364,.F.);
#3282=EDGE_CURVE('',#4107,#4090,#365,.F.);
#3283=EDGE_CURVE('',#4078,#4110,#366,.T.);
#3284=EDGE_CURVE('',#4108,#4075,#367,.F.);
#3285=EDGE_CURVE('',#4070,#4109,#368,.T.);
#3286=EDGE_CURVE('',#3936,#4085,#369,.T.);
#3287=EDGE_CURVE('',#4086,#3935,#370,.F.);
#3288=EDGE_CURVE('',#4105,#3934,#371,.T.);
#3289=EDGE_CURVE('',#3945,#4080,#372,.T.);
#3290=EDGE_CURVE('',#4094,#3925,#373,.T.);
#3291=EDGE_CURVE('',#3952,#4076,#374,.T.);
#3292=EDGE_CURVE('',#4074,#3916,#375,.T.);
#3293=EDGE_CURVE('',#4113,#4113,#4633,.T.);
#3294=EDGE_CURVE('',#4114,#4114,#4634,.F.);
#3295=EDGE_CURVE('',#4115,#4087,#4635,.F.);
#3296=EDGE_CURVE('',#4115,#4116,#376,.T.);
#3297=EDGE_CURVE('',#4116,#4117,#377,.T.);
#3298=EDGE_CURVE('',#4118,#4117,#378,.T.);
#3299=EDGE_CURVE('',#4119,#4118,#4636,.F.);
#3300=EDGE_CURVE('',#4119,#4006,#379,.T.);
#3301=EDGE_CURVE('',#4120,#4021,#380,.T.);
#3302=EDGE_CURVE('',#4120,#4020,#381,.T.);
#3303=EDGE_CURVE('',#4121,#4096,#4637,.T.);
#3304=EDGE_CURVE('',#4122,#4121,#382,.F.);
#3305=EDGE_CURVE('',#4122,#4123,#383,.T.);
#3306=EDGE_CURVE('',#4124,#4123,#384,.T.);
#3307=EDGE_CURVE('',#4125,#4124,#4638,.T.);
#3308=EDGE_CURVE('',#4015,#4125,#385,.F.);
#3309=EDGE_CURVE('',#4014,#4126,#386,.F.);
#3310=EDGE_CURVE('',#4126,#4013,#387,.F.);
#3311=EDGE_CURVE('',#4127,#4089,#4639,.T.);
#3312=EDGE_CURVE('',#4128,#4127,#388,.F.);
#3313=EDGE_CURVE('',#4128,#4129,#389,.T.);
#3314=EDGE_CURVE('',#4130,#4129,#390,.T.);
#3315=EDGE_CURVE('',#4131,#4130,#4640,.T.);
#3316=EDGE_CURVE('',#4031,#4131,#391,.F.);
#3317=EDGE_CURVE('',#4030,#4132,#392,.F.);
#3318=EDGE_CURVE('',#4132,#4029,#393,.T.);
#3319=EDGE_CURVE('',#4133,#4105,#4641,.F.);
#3320=EDGE_CURVE('',#4134,#4133,#394,.F.);
#3321=EDGE_CURVE('',#4134,#4135,#395,.T.);
#3322=EDGE_CURVE('',#4136,#4135,#396,.T.);
#3323=EDGE_CURVE('',#4137,#4136,#4642,.F.);
#3324=EDGE_CURVE('',#4137,#4022,#397,.T.);
#3325=EDGE_CURVE('',#4037,#4138,#398,.F.);
#3326=EDGE_CURVE('',#4138,#4036,#399,.F.);
#3327=EDGE_CURVE('',#4139,#4094,#4643,.F.);
#3328=EDGE_CURVE('',#4140,#4139,#400,.F.);
#3329=EDGE_CURVE('',#4140,#4141,#401,.T.);
#3330=EDGE_CURVE('',#4142,#4141,#402,.T.);
#3331=EDGE_CURVE('',#4143,#4142,#4644,.F.);
#3332=EDGE_CURVE('',#4143,#3974,#403,.T.);
#3333=EDGE_CURVE('',#3989,#4144,#404,.F.);
#3334=EDGE_CURVE('',#4144,#3988,#405,.F.);
#3335=EDGE_CURVE('',#4145,#4100,#4645,.T.);
#3336=EDGE_CURVE('',#4146,#4145,#406,.F.);
#3337=EDGE_CURVE('',#4146,#4147,#407,.T.);
#3338=EDGE_CURVE('',#4148,#4147,#408,.T.);
#3339=EDGE_CURVE('',#4149,#4148,#4646,.T.);
#3340=EDGE_CURVE('',#3983,#4149,#409,.F.);
#3341=EDGE_CURVE('',#3982,#4150,#410,.F.);
#3342=EDGE_CURVE('',#4150,#3981,#411,.F.);
#3343=EDGE_CURVE('',#4151,#4074,#4647,.F.);
#3344=EDGE_CURVE('',#4152,#4151,#412,.F.);
#3345=EDGE_CURVE('',#4152,#4153,#413,.T.);
#3346=EDGE_CURVE('',#4154,#4153,#414,.T.);
#3347=EDGE_CURVE('',#4155,#4154,#4648,.F.);
#3348=EDGE_CURVE('',#4155,#3990,#415,.T.);
#3349=EDGE_CURVE('',#4005,#4156,#416,.F.);
#3350=EDGE_CURVE('',#4156,#4004,#417,.T.);
#3351=EDGE_CURVE('',#4157,#4104,#4649,.T.);
#3352=EDGE_CURVE('',#4158,#4157,#418,.F.);
#3353=EDGE_CURVE('',#4158,#4159,#419,.T.);
#3354=EDGE_CURVE('',#4160,#4159,#420,.T.);
#3355=EDGE_CURVE('',#4161,#4160,#4650,.T.);
#3356=EDGE_CURVE('',#3999,#4161,#421,.F.);
#3357=EDGE_CURVE('',#3998,#4162,#422,.F.);
#3358=EDGE_CURVE('',#4162,#3997,#423,.F.);
#3359=EDGE_CURVE('',#4032,#4163,#424,.F.);
#3360=EDGE_CURVE('',#4164,#4131,#4651,.T.);
#3361=EDGE_CURVE('',#4165,#4164,#425,.F.);
#3362=EDGE_CURVE('',#4165,#4166,#426,.T.);
#3363=EDGE_CURVE('',#4167,#4166,#427,.T.);
#3364=EDGE_CURVE('',#4088,#4167,#4652,.T.);
#3365=EDGE_CURVE('',#4033,#4163,#428,.F.);
#3366=EDGE_CURVE('',#4129,#4165,#4653,.T.);
#3367=EDGE_CURVE('',#4130,#4164,#4654,.F.);
#3368=EDGE_CURVE('',#4166,#4128,#4655,.F.);
#3369=EDGE_CURVE('',#4167,#4127,#4656,.T.);
#3370=EDGE_CURVE('',#3794,#4168,#4657,.F.);
#3371=EDGE_CURVE('',#4168,#3991,#429,.T.);
#3372=EDGE_CURVE('',#4169,#3796,#4658,.F.);
#3373=EDGE_CURVE('',#4055,#4169,#430,.F.);
#3374=EDGE_CURVE('',#4170,#3798,#4659,.T.);
#3375=EDGE_CURVE('',#3992,#4170,#431,.F.);
#3376=EDGE_CURVE('',#4168,#3795,#4660,.F.);
#3377=EDGE_CURVE('',#3797,#4169,#4661,.F.);
#3378=EDGE_CURVE('',#3799,#4171,#4662,.T.);
#3379=EDGE_CURVE('',#4171,#4054,#432,.T.);
#3380=EDGE_CURVE('',#4172,#4170,#4663,.F.);
#3381=EDGE_CURVE('',#4173,#4172,#433,.F.);
#3382=EDGE_CURVE('',#4173,#4174,#434,.T.);
#3383=EDGE_CURVE('',#4174,#4175,#435,.F.);
#3384=EDGE_CURVE('',#4071,#4175,#4664,.F.);
#3385=EDGE_CURVE('',#3994,#4176,#436,.F.);
#3386=EDGE_CURVE('',#3993,#4176,#437,.F.);
#3387=EDGE_CURVE('',#4177,#4178,#438,.T.);
#3388=EDGE_CURVE('',#4178,#4173,#4665,.T.);
#3389=EDGE_CURVE('',#4177,#4172,#4666,.F.);
#3390=EDGE_CURVE('',#3822,#4155,#4667,.T.);
#3391=EDGE_CURVE('',#3800,#4179,#4668,.F.);
#3392=EDGE_CURVE('',#4179,#3975,#439,.T.);
#3393=EDGE_CURVE('',#4180,#3802,#4669,.F.);
#3394=EDGE_CURVE('',#4039,#4180,#440,.F.);
#3395=EDGE_CURVE('',#4181,#3804,#4670,.T.);
#3396=EDGE_CURVE('',#4056,#4181,#441,.F.);
#3397=EDGE_CURVE('',#4182,#4069,#442,.T.);
#3398=EDGE_CURVE('',#4182,#4068,#443,.F.);
#3399=EDGE_CURVE('',#4174,#4183,#4671,.F.);
#3400=EDGE_CURVE('',#4184,#4183,#444,.T.);
#3401=EDGE_CURVE('',#4175,#4184,#4672,.T.);
#3402=EDGE_CURVE('',#4185,#3823,#4673,.T.);
#3403=EDGE_CURVE('',#3976,#4185,#445,.F.);
#3404=EDGE_CURVE('',#4179,#3801,#4674,.F.);
#3405=EDGE_CURVE('',#3803,#4180,#4675,.F.);
#3406=EDGE_CURVE('',#3805,#4186,#4676,.T.);
#3407=EDGE_CURVE('',#4186,#4038,#446,.T.);
#3408=EDGE_CURVE('',#4057,#4187,#447,.F.);
#3409=EDGE_CURVE('',#4188,#4181,#4677,.F.);
#3410=EDGE_CURVE('',#4189,#4188,#448,.F.);
#3411=EDGE_CURVE('',#4189,#4190,#449,.T.);
#3412=EDGE_CURVE('',#4191,#4190,#450,.T.);
#3413=EDGE_CURVE('',#4076,#4191,#4678,.F.);
#3414=EDGE_CURVE('',#4058,#4187,#451,.F.);
#3415=EDGE_CURVE('',#4184,#4079,#4679,.F.);
#3416=EDGE_CURVE('',#4183,#4178,#452,.T.);
#3417=EDGE_CURVE('',#4171,#4177,#4680,.F.);
#3418=EDGE_CURVE('',#4153,#4192,#4681,.T.);
#3419=EDGE_CURVE('',#4193,#4192,#453,.T.);
#3420=EDGE_CURVE('',#4154,#4193,#4682,.F.);
#3421=EDGE_CURVE('',#4193,#4185,#4683,.F.);
#3422=EDGE_CURVE('',#4192,#4194,#454,.T.);
#3423=EDGE_CURVE('',#4194,#4195,#455,.F.);
#3424=EDGE_CURVE('',#4093,#4195,#4684,.F.);
#3425=EDGE_CURVE('',#3978,#4196,#456,.F.);
#3426=EDGE_CURVE('',#3977,#4196,#457,.F.);
#3427=EDGE_CURVE('',#4197,#4198,#458,.T.);
#3428=EDGE_CURVE('',#4198,#4189,#4685,.T.);
#3429=EDGE_CURVE('',#4197,#4188,#4686,.F.);
#3430=EDGE_CURVE('',#4194,#4152,#4687,.F.);
#3431=EDGE_CURVE('',#4195,#4151,#4688,.T.);
#3432=EDGE_CURVE('',#3817,#4143,#4689,.T.);
#3433=EDGE_CURVE('',#3824,#4199,#4690,.F.);
#3434=EDGE_CURVE('',#4199,#4023,#459,.T.);
#3435=EDGE_CURVE('',#4200,#3826,#4691,.F.);
#3436=EDGE_CURVE('',#4007,#4200,#460,.F.);
#3437=EDGE_CURVE('',#4201,#3828,#4692,.T.);
#3438=EDGE_CURVE('',#4040,#4201,#461,.F.);
#3439=EDGE_CURVE('',#4202,#4053,#462,.T.);
#3440=EDGE_CURVE('',#4202,#4052,#463,.F.);
#3441=EDGE_CURVE('',#4190,#4203,#4693,.F.);
#3442=EDGE_CURVE('',#4204,#4203,#464,.T.);
#3443=EDGE_CURVE('',#4191,#4204,#4694,.T.);
#3444=EDGE_CURVE('',#4205,#3818,#4695,.T.);
#3445=EDGE_CURVE('',#4024,#4205,#465,.F.);
#3446=EDGE_CURVE('',#4199,#3825,#4696,.F.);
#3447=EDGE_CURVE('',#3827,#4200,#4697,.F.);
#3448=EDGE_CURVE('',#3829,#4119,#4698,.T.);
#3449=EDGE_CURVE('',#4041,#4206,#466,.F.);
#3450=EDGE_CURVE('',#4207,#4201,#4699,.F.);
#3451=EDGE_CURVE('',#4208,#4207,#467,.F.);
#3452=EDGE_CURVE('',#4208,#4209,#468,.T.);
#3453=EDGE_CURVE('',#4210,#4209,#469,.T.);
#3454=EDGE_CURVE('',#4080,#4210,#4700,.F.);
#3455=EDGE_CURVE('',#4042,#4206,#470,.F.);
#3456=EDGE_CURVE('',#4204,#4083,#4701,.F.);
#3457=EDGE_CURVE('',#4203,#4198,#471,.T.);
#3458=EDGE_CURVE('',#4186,#4197,#4702,.F.);
#3459=EDGE_CURVE('',#4141,#4211,#4703,.T.);
#3460=EDGE_CURVE('',#4212,#4211,#472,.T.);
#3461=EDGE_CURVE('',#4142,#4212,#4704,.F.);
#3462=EDGE_CURVE('',#4212,#4205,#4705,.F.);
#3463=EDGE_CURVE('',#4211,#4213,#473,.T.);
#3464=EDGE_CURVE('',#4213,#4214,#474,.F.);
#3465=EDGE_CURVE('',#4091,#4214,#4706,.F.);
#3466=EDGE_CURVE('',#4026,#4215,#475,.F.);
#3467=EDGE_CURVE('',#4025,#4215,#476,.F.);
#3468=EDGE_CURVE('',#4117,#4208,#4707,.T.);
#3469=EDGE_CURVE('',#4118,#4207,#4708,.F.);
#3470=EDGE_CURVE('',#4213,#4140,#4709,.F.);
#3471=EDGE_CURVE('',#4214,#4139,#4710,.T.);
#3472=EDGE_CURVE('',#3852,#4137,#4711,.T.);
#3473=EDGE_CURVE('',#4216,#3853,#4712,.T.);
#3474=EDGE_CURVE('',#4008,#4216,#477,.F.);
#3475=EDGE_CURVE('',#4209,#4116,#4713,.F.);
#3476=EDGE_CURVE('',#4210,#4115,#4714,.T.);
#3477=EDGE_CURVE('',#4009,#4217,#478,.F.);
#3478=EDGE_CURVE('',#4218,#4216,#4715,.F.);
#3479=EDGE_CURVE('',#4219,#4218,#479,.F.);
#3480=EDGE_CURVE('',#4219,#4220,#480,.T.);
#3481=EDGE_CURVE('',#4221,#4220,#481,.T.);
#3482=EDGE_CURVE('',#4085,#4221,#4716,.F.);
#3483=EDGE_CURVE('',#4010,#4217,#482,.F.);
#3484=EDGE_CURVE('',#4135,#4219,#4717,.T.);
#3485=EDGE_CURVE('',#4136,#4218,#4718,.F.);
#3486=EDGE_CURVE('',#4220,#4134,#4719,.F.);
#3487=EDGE_CURVE('',#4221,#4133,#4720,.T.);
#3488=EDGE_CURVE('',#4016,#4222,#483,.F.);
#3489=EDGE_CURVE('',#4223,#4125,#4721,.T.);
#3490=EDGE_CURVE('',#4224,#4223,#484,.F.);
#3491=EDGE_CURVE('',#4224,#4225,#485,.T.);
#3492=EDGE_CURVE('',#4226,#4225,#486,.T.);
#3493=EDGE_CURVE('',#4095,#4226,#4722,.T.);
#3494=EDGE_CURVE('',#4017,#4222,#487,.F.);
#3495=EDGE_CURVE('',#4123,#4224,#4723,.T.);
#3496=EDGE_CURVE('',#4124,#4223,#4724,.F.);
#3497=EDGE_CURVE('',#4225,#4122,#4725,.F.);
#3498=EDGE_CURVE('',#4226,#4121,#4726,.T.);
#3499=EDGE_CURVE('',#4046,#4227,#488,.F.);
#3500=EDGE_CURVE('',#4227,#4045,#489,.T.);
#3501=EDGE_CURVE('',#4048,#4228,#490,.F.);
#3502=EDGE_CURVE('',#4047,#4229,#491,.F.);
#3503=EDGE_CURVE('',#4230,#4229,#4727,.T.);
#3504=EDGE_CURVE('',#4231,#4230,#492,.F.);
#3505=EDGE_CURVE('',#4231,#4232,#493,.T.);
#3506=EDGE_CURVE('',#4233,#4232,#494,.T.);
#3507=EDGE_CURVE('',#4097,#4233,#4728,.T.);
#3508=EDGE_CURVE('',#4049,#4228,#495,.F.);
#3509=EDGE_CURVE('',#4234,#4098,#4729,.T.);
#3510=EDGE_CURVE('',#4235,#4234,#496,.F.);
#3511=EDGE_CURVE('',#4235,#4236,#497,.T.);
#3512=EDGE_CURVE('',#4237,#4236,#498,.T.);
#3513=EDGE_CURVE('',#4229,#4237,#4730,.T.);
#3514=EDGE_CURVE('',#4236,#4231,#4731,.T.);
#3515=EDGE_CURVE('',#4237,#4230,#4732,.F.);
#3516=EDGE_CURVE('',#4232,#4235,#4733,.F.);
#3517=EDGE_CURVE('',#4233,#4234,#4734,.T.);
#3518=EDGE_CURVE('',#4062,#4238,#499,.F.);
#3519=EDGE_CURVE('',#4238,#4061,#500,.T.);
#3520=EDGE_CURVE('',#4064,#4239,#501,.F.);
#3521=EDGE_CURVE('',#4063,#4240,#502,.F.);
#3522=EDGE_CURVE('',#4241,#4240,#4735,.T.);
#3523=EDGE_CURVE('',#4242,#4241,#503,.F.);
#3524=EDGE_CURVE('',#4242,#4243,#504,.T.);
#3525=EDGE_CURVE('',#4244,#4243,#505,.T.);
#3526=EDGE_CURVE('',#4101,#4244,#4736,.T.);
#3527=EDGE_CURVE('',#4065,#4239,#506,.F.);
#3528=EDGE_CURVE('',#4245,#4102,#4737,.T.);
#3529=EDGE_CURVE('',#4246,#4245,#507,.F.);
#3530=EDGE_CURVE('',#4246,#4247,#508,.T.);
#3531=EDGE_CURVE('',#4248,#4247,#509,.T.);
#3532=EDGE_CURVE('',#4240,#4248,#4738,.T.);
#3533=EDGE_CURVE('',#4247,#4242,#4739,.T.);
#3534=EDGE_CURVE('',#4248,#4241,#4740,.F.);
#3535=EDGE_CURVE('',#4243,#4246,#4741,.F.);
#3536=EDGE_CURVE('',#4244,#4245,#4742,.T.);
#3537=EDGE_CURVE('',#4000,#4249,#510,.F.);
#3538=EDGE_CURVE('',#4250,#4161,#4743,.T.);
#3539=EDGE_CURVE('',#4251,#4250,#511,.F.);
#3540=EDGE_CURVE('',#4251,#4252,#512,.T.);
#3541=EDGE_CURVE('',#4253,#4252,#513,.T.);
#3542=EDGE_CURVE('',#4103,#4253,#4744,.T.);
#3543=EDGE_CURVE('',#4001,#4249,#514,.F.);
#3544=EDGE_CURVE('',#4159,#4251,#4745,.T.);
#3545=EDGE_CURVE('',#4160,#4250,#4746,.F.);
#3546=EDGE_CURVE('',#4252,#4158,#4747,.F.);
#3547=EDGE_CURVE('',#4253,#4157,#4748,.T.);
#3548=EDGE_CURVE('',#3984,#4254,#515,.F.);
#3549=EDGE_CURVE('',#4255,#4149,#4749,.T.);
#3550=EDGE_CURVE('',#4256,#4255,#516,.F.);
#3551=EDGE_CURVE('',#4256,#4257,#517,.T.);
#3552=EDGE_CURVE('',#4258,#4257,#518,.T.);
#3553=EDGE_CURVE('',#4099,#4258,#4750,.T.);
#3554=EDGE_CURVE('',#3985,#4254,#519,.F.);
#3555=EDGE_CURVE('',#4147,#4256,#4751,.T.);
#3556=EDGE_CURVE('',#4148,#4255,#4752,.F.);
#3557=EDGE_CURVE('',#4257,#4146,#4753,.F.);
#3558=EDGE_CURVE('',#4258,#4145,#4754,.T.);
#3559=EDGE_CURVE('',#3923,#4258,#520,.F.);
#3560=EDGE_CURVE('',#4145,#3920,#521,.F.);
#3561=EDGE_CURVE('',#4255,#3958,#522,.F.);
#3562=EDGE_CURVE('',#3956,#4149,#523,.T.);
#3563=EDGE_CURVE('',#3957,#4148,#524,.F.);
#3564=EDGE_CURVE('',#3914,#4253,#525,.F.);
#3565=EDGE_CURVE('',#4157,#3911,#526,.F.);
#3566=EDGE_CURVE('',#4250,#3961,#527,.F.);
#3567=EDGE_CURVE('',#3959,#4161,#528,.T.);
#3568=EDGE_CURVE('',#3960,#4160,#529,.F.);
#3569=EDGE_CURVE('',#4241,#3964,#530,.F.);
#3570=EDGE_CURVE('',#3962,#4240,#531,.F.);
#3571=EDGE_CURVE('',#3963,#4248,#532,.F.);
#3572=EDGE_CURVE('',#3905,#4244,#533,.F.);
#3573=EDGE_CURVE('',#4245,#3902,#534,.F.);
#3574=EDGE_CURVE('',#4230,#3967,#535,.F.);
#3575=EDGE_CURVE('',#3965,#4229,#536,.F.);
#3576=EDGE_CURVE('',#3966,#4237,#537,.F.);
#3577=EDGE_CURVE('',#3950,#4233,#538,.F.);
#3578=EDGE_CURVE('',#4234,#3947,#539,.F.);
#3579=EDGE_CURVE('',#3941,#4226,#540,.F.);
#3580=EDGE_CURVE('',#4121,#3938,#541,.F.);
#3581=EDGE_CURVE('',#4223,#3970,#542,.F.);
#3582=EDGE_CURVE('',#3968,#4125,#543,.T.);
#3583=EDGE_CURVE('',#3969,#4124,#544,.F.);
#3584=EDGE_CURVE('',#4164,#3973,#545,.F.);
#3585=EDGE_CURVE('',#3971,#4131,#546,.T.);
#3586=EDGE_CURVE('',#3972,#4130,#547,.F.);
#3587=EDGE_CURVE('',#3932,#4167,#548,.F.);
#3588=EDGE_CURVE('',#4127,#3929,#549,.F.);
#3589=EDGE_CURVE('',#3883,#4172,#550,.T.);
#3590=EDGE_CURVE('',#4177,#3882,#551,.F.);
#3591=EDGE_CURVE('',#4171,#3881,#552,.F.);
#3592=EDGE_CURVE('',#3880,#4170,#553,.T.);
#3593=EDGE_CURVE('',#4169,#3884,#554,.F.);
#3594=EDGE_CURVE('',#3879,#4168,#555,.T.);
#3595=EDGE_CURVE('',#4181,#3885,#556,.F.);
#3596=EDGE_CURVE('',#3869,#4155,#557,.T.);
#3597=EDGE_CURVE('',#4188,#3888,#558,.F.);
#3598=EDGE_CURVE('',#3870,#4154,#559,.T.);
#3599=EDGE_CURVE('',#4197,#3887,#560,.F.);
#3600=EDGE_CURVE('',#3871,#4193,#561,.T.);
#3601=EDGE_CURVE('',#4186,#3886,#562,.F.);
#3602=EDGE_CURVE('',#3872,#4185,#563,.T.);
#3603=EDGE_CURVE('',#4180,#3889,#564,.F.);
#3604=EDGE_CURVE('',#3878,#4179,#565,.T.);
#3605=EDGE_CURVE('',#4201,#3890,#566,.F.);
#3606=EDGE_CURVE('',#3874,#4143,#567,.T.);
#3607=EDGE_CURVE('',#4207,#3893,#568,.F.);
#3608=EDGE_CURVE('',#3875,#4142,#569,.T.);
#3609=EDGE_CURVE('',#4118,#3892,#570,.F.);
#3610=EDGE_CURVE('',#3876,#4212,#571,.T.);
#3611=EDGE_CURVE('',#4119,#3891,#572,.F.);
#3612=EDGE_CURVE('',#3877,#4205,#573,.T.);
#3613=EDGE_CURVE('',#4200,#3894,#574,.F.);
#3614=EDGE_CURVE('',#3901,#4199,#575,.T.);
#3615=EDGE_CURVE('',#4216,#3895,#576,.F.);
#3616=EDGE_CURVE('',#3898,#4137,#577,.T.);
#3617=EDGE_CURVE('',#4218,#3900,#578,.F.);
#3618=EDGE_CURVE('',#3899,#4136,#579,.F.);
#3619=EDGE_CURVE('',#4175,#3910,#580,.F.);
#3620=EDGE_CURVE('',#3906,#4184,#581,.T.);
#3621=EDGE_CURVE('',#3953,#4191,#582,.T.);
#3622=EDGE_CURVE('',#4151,#3915,#583,.F.);
#3623=EDGE_CURVE('',#3954,#4204,#584,.T.);
#3624=EDGE_CURVE('',#4195,#3919,#585,.F.);
#3625=EDGE_CURVE('',#3946,#4210,#586,.T.);
#3626=EDGE_CURVE('',#4139,#3924,#587,.F.);
#3627=EDGE_CURVE('',#3942,#4115,#588,.T.);
#3628=EDGE_CURVE('',#4214,#3928,#589,.F.);
#3629=EDGE_CURVE('',#3937,#4221,#590,.F.);
#3630=EDGE_CURVE('',#4133,#3933,#591,.F.);
#3631=EDGE_CURVE('',#4259,#4259,#4755,.T.);
#3632=EDGE_CURVE('',#4260,#4261,#814,.F.);
#3633=EDGE_CURVE('',#4261,#4262,#815,.T.);
#3634=EDGE_CURVE('',#4262,#4263,#816,.F.);
#3635=EDGE_CURVE('',#4263,#4260,#592,.T.);
#3636=EDGE_CURVE('',#4264,#4265,#817,.F.);
#3637=EDGE_CURVE('',#4265,#4266,#818,.F.);
#3638=EDGE_CURVE('',#4266,#4267,#819,.F.);
#3639=EDGE_CURVE('',#4267,#4264,#593,.T.);
#3640=EDGE_CURVE('',#4268,#4269,#594,.F.);
#3641=EDGE_CURVE('',#4268,#4264,#595,.T.);
#3642=EDGE_CURVE('',#4267,#4269,#596,.T.);
#3643=EDGE_CURVE('',#4263,#4268,#597,.T.);
#3644=EDGE_CURVE('',#4269,#4260,#598,.T.);
#3645=EDGE_CURVE('',#4270,#4271,#820,.F.);
#3646=EDGE_CURVE('',#4271,#4272,#821,.F.);
#3647=EDGE_CURVE('',#4272,#4273,#822,.F.);
#3648=EDGE_CURVE('',#4270,#4273,#599,.T.);
#3649=EDGE_CURVE('',#4274,#4275,#823,.F.);
#3650=EDGE_CURVE('',#4275,#4276,#824,.T.);
#3651=EDGE_CURVE('',#4276,#4277,#825,.F.);
#3652=EDGE_CURVE('',#4274,#4277,#600,.T.);
#3653=EDGE_CURVE('',#4277,#4278,#601,.T.);
#3654=EDGE_CURVE('',#4278,#4279,#602,.T.);
#3655=EDGE_CURVE('',#4279,#4274,#603,.T.);
#3656=EDGE_CURVE('',#4278,#4270,#604,.T.);
#3657=EDGE_CURVE('',#4273,#4279,#605,.T.);
#3658=EDGE_CURVE('',#3774,#4265,#606,.F.);
#3659=EDGE_CURVE('',#3819,#4264,#607,.F.);
#3660=EDGE_CURVE('',#4276,#3761,#608,.T.);
#3661=EDGE_CURVE('',#4277,#3811,#609,.F.);
#3662=EDGE_CURVE('',#3820,#4268,#610,.F.);
#3663=EDGE_CURVE('',#4278,#3810,#611,.T.);
#3664=EDGE_CURVE('',#3821,#4263,#612,.T.);
#3665=EDGE_CURVE('',#4270,#3809,#613,.T.);
#3666=EDGE_CURVE('',#4262,#3772,#614,.T.);
#3667=EDGE_CURVE('',#3808,#4271,#615,.F.);
#3668=EDGE_CURVE('',#3753,#4275,#616,.F.);
#3669=EDGE_CURVE('',#3861,#4274,#617,.F.);
#3670=EDGE_CURVE('',#4266,#3864,#618,.T.);
#3671=EDGE_CURVE('',#4267,#3868,#619,.F.);
#3672=EDGE_CURVE('',#3862,#4279,#620,.F.);
#3673=EDGE_CURVE('',#4269,#3867,#621,.T.);
#3674=EDGE_CURVE('',#3863,#4273,#622,.T.);
#3675=EDGE_CURVE('',#4260,#3866,#623,.T.);
#3676=EDGE_CURVE('',#4272,#3771,#624,.T.);
#3677=EDGE_CURVE('',#3865,#4261,#625,.F.);
#3678=EDGE_CURVE('',#4280,#4281,#826,.F.);
#3679=EDGE_CURVE('',#4281,#4282,#827,.F.);
#3680=EDGE_CURVE('',#4282,#4283,#828,.F.);
#3681=EDGE_CURVE('',#4283,#4280,#626,.T.);
#3682=EDGE_CURVE('',#4284,#4285,#829,.F.);
#3683=EDGE_CURVE('',#4285,#4286,#830,.T.);
#3684=EDGE_CURVE('',#4286,#4287,#831,.F.);
#3685=EDGE_CURVE('',#4287,#4284,#627,.T.);
#3686=EDGE_CURVE('',#4288,#4289,#628,.F.);
#3687=EDGE_CURVE('',#4288,#4280,#629,.T.);
#3688=EDGE_CURVE('',#4283,#4289,#630,.T.);
#3689=EDGE_CURVE('',#4287,#4288,#631,.T.);
#3690=EDGE_CURVE('',#4289,#4284,#632,.T.);
#3691=EDGE_CURVE('',#4290,#4291,#832,.F.);
#3692=EDGE_CURVE('',#4291,#4292,#833,.T.);
#3693=EDGE_CURVE('',#4292,#4293,#834,.F.);
#3694=EDGE_CURVE('',#4290,#4293,#633,.T.);
#3695=EDGE_CURVE('',#4294,#4295,#835,.F.);
#3696=EDGE_CURVE('',#4295,#4296,#836,.F.);
#3697=EDGE_CURVE('',#4296,#4297,#837,.F.);
#3698=EDGE_CURVE('',#4294,#4297,#634,.T.);
#3699=EDGE_CURVE('',#4293,#4298,#635,.T.);
#3700=EDGE_CURVE('',#4298,#4299,#636,.T.);
#3701=EDGE_CURVE('',#4299,#4290,#637,.T.);
#3702=EDGE_CURVE('',#4298,#4294,#638,.T.);
#3703=EDGE_CURVE('',#4297,#4299,#639,.T.);
#3704=EDGE_CURVE('',#3754,#4295,#640,.F.);
#3705=EDGE_CURVE('',#3814,#4294,#641,.F.);
#3706=EDGE_CURVE('',#3815,#4298,#642,.F.);
#3707=EDGE_CURVE('',#3816,#4293,#643,.T.);
#3708=EDGE_CURVE('',#4292,#3759,#644,.T.);
#3709=EDGE_CURVE('',#3760,#4281,#645,.F.);
#3710=EDGE_CURVE('',#3812,#4280,#646,.F.);
#3711=EDGE_CURVE('',#3813,#4288,#647,.F.);
#3712=EDGE_CURVE('',#3806,#4287,#648,.T.);
#3713=EDGE_CURVE('',#4286,#3807,#649,.T.);
#3714=EDGE_CURVE('',#3751,#4291,#650,.F.);
#3715=EDGE_CURVE('',#3855,#4290,#651,.F.);
#3716=EDGE_CURVE('',#3856,#4299,#652,.F.);
#3717=EDGE_CURVE('',#3854,#4297,#653,.T.);
#3718=EDGE_CURVE('',#4296,#3750,#654,.T.);
#3719=EDGE_CURVE('',#4282,#3752,#655,.T.);
#3720=EDGE_CURVE('',#4283,#3860,#656,.F.);
#3721=EDGE_CURVE('',#4289,#3859,#657,.T.);
#3722=EDGE_CURVE('',#4284,#3858,#658,.T.);
#3723=EDGE_CURVE('',#3770,#4285,#659,.F.);
#3724=EDGE_CURVE('',#3763,#4262,#4756,.T.);
#3725=EDGE_CURVE('',#3764,#4261,#4757,.T.);
#3726=EDGE_CURVE('',#4285,#3768,#4758,.T.);
#3727=EDGE_CURVE('',#4286,#3767,#4759,.T.);
#3728=EDGE_CURVE('',#3743,#4296,#4760,.T.);
#3729=EDGE_CURVE('',#3744,#4295,#4761,.T.);
#3730=EDGE_CURVE('',#3769,#4272,#4762,.T.);
#3731=EDGE_CURVE('',#3766,#4271,#4763,.T.);
#3732=EDGE_CURVE('',#4281,#3748,#4764,.T.);
#3733=EDGE_CURVE('',#4282,#3747,#4765,.T.);
#3734=EDGE_CURVE('',#4265,#3762,#4766,.T.);
#3735=EDGE_CURVE('',#4266,#3765,#4767,.T.);
#3736=EDGE_CURVE('',#4275,#3746,#4768,.T.);
#3737=EDGE_CURVE('',#4276,#3749,#4769,.T.);
#3738=EDGE_CURVE('',#4291,#3742,#4770,.T.);
#3739=EDGE_CURVE('',#4292,#3745,#4771,.T.);
#3740=EDGE_CURVE('',#4300,#4300,#4772,.F.);
#3741=EDGE_CURVE('',#4301,#4301,#4773,.T.);
#3742=VERTEX_POINT('',#8466);
#3743=VERTEX_POINT('',#8467);
#3744=VERTEX_POINT('',#8469);
#3745=VERTEX_POINT('',#8471);
#3746=VERTEX_POINT('',#8475);
#3747=VERTEX_POINT('',#8476);
#3748=VERTEX_POINT('',#8478);
#3749=VERTEX_POINT('',#8480);
#3750=VERTEX_POINT('',#8484);
#3751=VERTEX_POINT('',#8485);
#3752=VERTEX_POINT('',#8504);
#3753=VERTEX_POINT('',#8505);
#3754=VERTEX_POINT('',#8531);
#3755=VERTEX_POINT('',#8533);
#3756=VERTEX_POINT('',#8535);
#3757=VERTEX_POINT('',#8537);
#3758=VERTEX_POINT('',#8539);
#3759=VERTEX_POINT('',#8541);
#3760=VERTEX_POINT('',#8559);
#3761=VERTEX_POINT('',#8561);
#3762=VERTEX_POINT('',#8572);
#3763=VERTEX_POINT('',#8573);
#3764=VERTEX_POINT('',#8575);
#3765=VERTEX_POINT('',#8577);
#3766=VERTEX_POINT('',#8581);
#3767=VERTEX_POINT('',#8582);
#3768=VERTEX_POINT('',#8584);
#3769=VERTEX_POINT('',#8586);
#3770=VERTEX_POINT('',#8597);
#3771=VERTEX_POINT('',#8599);
#3772=VERTEX_POINT('',#8610);
#3773=VERTEX_POINT('',#8611);
#3774=VERTEX_POINT('',#8628);
#3775=VERTEX_POINT('',#8630);
#3776=VERTEX_POINT('',#8632);
#3777=VERTEX_POINT('',#8634);
#3778=VERTEX_POINT('',#8636);
#3779=VERTEX_POINT('',#8638);
#3780=VERTEX_POINT('',#8640);
#3781=VERTEX_POINT('',#8642);
#3782=VERTEX_POINT('',#8644);
#3783=VERTEX_POINT('',#8646);
#3784=VERTEX_POINT('',#8648);
#3785=VERTEX_POINT('',#8650);
#3786=VERTEX_POINT('',#8652);
#3787=VERTEX_POINT('',#8654);
#3788=VERTEX_POINT('',#8656);
#3789=VERTEX_POINT('',#8658);
#3790=VERTEX_POINT('',#8660);
#3791=VERTEX_POINT('',#8662);
#3792=VERTEX_POINT('',#8664);
#3793=VERTEX_POINT('',#8666);
#3794=VERTEX_POINT('',#8676);
#3795=VERTEX_POINT('',#8678);
#3796=VERTEX_POINT('',#8694);
#3797=VERTEX_POINT('',#8702);
#3798=VERTEX_POINT('',#8713);
#3799=VERTEX_POINT('',#8722);
#3800=VERTEX_POINT('',#8732);
#3801=VERTEX_POINT('',#8734);
#3802=VERTEX_POINT('',#8750);
#3803=VERTEX_POINT('',#8758);
#3804=VERTEX_POINT('',#8769);
#3805=VERTEX_POINT('',#8778);
#3806=VERTEX_POINT('',#8782);
#3807=VERTEX_POINT('',#8783);
#3808=VERTEX_POINT('',#8785);
#3809=VERTEX_POINT('',#8787);
#3810=VERTEX_POINT('',#8802);
#3811=VERTEX_POINT('',#8817);
#3812=VERTEX_POINT('',#8820);
#3813=VERTEX_POINT('',#8834);
#3814=VERTEX_POINT('',#8849);
#3815=VERTEX_POINT('',#8860);
#3816=VERTEX_POINT('',#8871);
#3817=VERTEX_POINT('',#8881);
#3818=VERTEX_POINT('',#8883);
#3819=VERTEX_POINT('',#8893);
#3820=VERTEX_POINT('',#8909);
#3821=VERTEX_POINT('',#8925);
#3822=VERTEX_POINT('',#8935);
#3823=VERTEX_POINT('',#8937);
#3824=VERTEX_POINT('',#8954);
#3825=VERTEX_POINT('',#8956);
#3826=VERTEX_POINT('',#8972);
#3827=VERTEX_POINT('',#8980);
#3828=VERTEX_POINT('',#8991);
#3829=VERTEX_POINT('',#9000);
#3830=VERTEX_POINT('',#9007);
#3831=VERTEX_POINT('',#9009);
#3832=VERTEX_POINT('',#9019);
#3833=VERTEX_POINT('',#9024);
#3834=VERTEX_POINT('',#9031);
#3835=VERTEX_POINT('',#9033);
#3836=VERTEX_POINT('',#9043);
#3837=VERTEX_POINT('',#9048);
#3838=VERTEX_POINT('',#9055);
#3839=VERTEX_POINT('',#9057);
#3840=VERTEX_POINT('',#9067);
#3841=VERTEX_POINT('',#9072);
#3842=VERTEX_POINT('',#9079);
#3843=VERTEX_POINT('',#9081);
#3844=VERTEX_POINT('',#9091);
#3845=VERTEX_POINT('',#9096);
#3846=VERTEX_POINT('',#9103);
#3847=VERTEX_POINT('',#9108);
#3848=VERTEX_POINT('',#9115);
#3849=VERTEX_POINT('',#9120);
#3850=VERTEX_POINT('',#9127);
#3851=VERTEX_POINT('',#9129);
#3852=VERTEX_POINT('',#9143);
#3853=VERTEX_POINT('',#9145);
#3854=VERTEX_POINT('',#9156);
#3855=VERTEX_POINT('',#9158);
#3856=VERTEX_POINT('',#9169);
#3857=VERTEX_POINT('',#9181);
#3858=VERTEX_POINT('',#9183);
#3859=VERTEX_POINT('',#9198);
#3860=VERTEX_POINT('',#9213);
#3861=VERTEX_POINT('',#9216);
#3862=VERTEX_POINT('',#9229);
#3863=VERTEX_POINT('',#9243);
#3864=VERTEX_POINT('',#9246);
#3865=VERTEX_POINT('',#9247);
#3866=VERTEX_POINT('',#9249);
#3867=VERTEX_POINT('',#9263);
#3868=VERTEX_POINT('',#9277);
#3869=VERTEX_POINT('',#9281);
#3870=VERTEX_POINT('',#9283);
#3871=VERTEX_POINT('',#9285);
#3872=VERTEX_POINT('',#9287);
#3873=VERTEX_POINT('',#9290);
#3874=VERTEX_POINT('',#9292);
#3875=VERTEX_POINT('',#9294);
#3876=VERTEX_POINT('',#9296);
#3877=VERTEX_POINT('',#9298);
#3878=VERTEX_POINT('',#9301);
#3879=VERTEX_POINT('',#9304);
#3880=VERTEX_POINT('',#9307);
#3881=VERTEX_POINT('',#9309);
#3882=VERTEX_POINT('',#9311);
#3883=VERTEX_POINT('',#9313);
#3884=VERTEX_POINT('',#9316);
#3885=VERTEX_POINT('',#9319);
#3886=VERTEX_POINT('',#9321);
#3887=VERTEX_POINT('',#9323);
#3888=VERTEX_POINT('',#9325);
#3889=VERTEX_POINT('',#9328);
#3890=VERTEX_POINT('',#9331);
#3891=VERTEX_POINT('',#9333);
#3892=VERTEX_POINT('',#9335);
#3893=VERTEX_POINT('',#9337);
#3894=VERTEX_POINT('',#9340);
#3895=VERTEX_POINT('',#9343);
#3896=VERTEX_POINT('',#9344);
#3897=VERTEX_POINT('',#9346);
#3898=VERTEX_POINT('',#9348);
#3899=VERTEX_POINT('',#9350);
#3900=VERTEX_POINT('',#9352);
#3901=VERTEX_POINT('',#9355);
#3902=VERTEX_POINT('',#9358);
#3903=VERTEX_POINT('',#9359);
#3904=VERTEX_POINT('',#9361);
#3905=VERTEX_POINT('',#9363);
#3906=VERTEX_POINT('',#9366);
#3907=VERTEX_POINT('',#9367);
#3908=VERTEX_POINT('',#9369);
#3909=VERTEX_POINT('',#9371);
#3910=VERTEX_POINT('',#9373);
#3911=VERTEX_POINT('',#9376);
#3912=VERTEX_POINT('',#9377);
#3913=VERTEX_POINT('',#9379);
#3914=VERTEX_POINT('',#9381);
#3915=VERTEX_POINT('',#9384);
#3916=VERTEX_POINT('',#9385);
#3917=VERTEX_POINT('',#9387);
#3918=VERTEX_POINT('',#9389);
#3919=VERTEX_POINT('',#9391);
#3920=VERTEX_POINT('',#9394);
#3921=VERTEX_POINT('',#9395);
#3922=VERTEX_POINT('',#9397);
#3923=VERTEX_POINT('',#9399);
#3924=VERTEX_POINT('',#9402);
#3925=VERTEX_POINT('',#9403);
#3926=VERTEX_POINT('',#9405);
#3927=VERTEX_POINT('',#9407);
#3928=VERTEX_POINT('',#9409);
#3929=VERTEX_POINT('',#9412);
#3930=VERTEX_POINT('',#9413);
#3931=VERTEX_POINT('',#9415);
#3932=VERTEX_POINT('',#9417);
#3933=VERTEX_POINT('',#9420);
#3934=VERTEX_POINT('',#9421);
#3935=VERTEX_POINT('',#9423);
#3936=VERTEX_POINT('',#9425);
#3937=VERTEX_POINT('',#9427);
#3938=VERTEX_POINT('',#9430);
#3939=VERTEX_POINT('',#9431);
#3940=VERTEX_POINT('',#9433);
#3941=VERTEX_POINT('',#9435);
#3942=VERTEX_POINT('',#9438);
#3943=VERTEX_POINT('',#9439);
#3944=VERTEX_POINT('',#9441);
#3945=VERTEX_POINT('',#9443);
#3946=VERTEX_POINT('',#9445);
#3947=VERTEX_POINT('',#9448);
#3948=VERTEX_POINT('',#9449);
#3949=VERTEX_POINT('',#9451);
#3950=VERTEX_POINT('',#9453);
#3951=VERTEX_POINT('',#9456);
#3952=VERTEX_POINT('',#9457);
#3953=VERTEX_POINT('',#9459);
#3954=VERTEX_POINT('',#9461);
#3955=VERTEX_POINT('',#9463);
#3956=VERTEX_POINT('',#9466);
#3957=VERTEX_POINT('',#9467);
#3958=VERTEX_POINT('',#9469);
#3959=VERTEX_POINT('',#9472);
#3960=VERTEX_POINT('',#9473);
#3961=VERTEX_POINT('',#9475);
#3962=VERTEX_POINT('',#9478);
#3963=VERTEX_POINT('',#9479);
#3964=VERTEX_POINT('',#9481);
#3965=VERTEX_POINT('',#9484);
#3966=VERTEX_POINT('',#9485);
#3967=VERTEX_POINT('',#9487);
#3968=VERTEX_POINT('',#9490);
#3969=VERTEX_POINT('',#9491);
#3970=VERTEX_POINT('',#9493);
#3971=VERTEX_POINT('',#9496);
#3972=VERTEX_POINT('',#9497);
#3973=VERTEX_POINT('',#9499);
#3974=VERTEX_POINT('',#9547);
#3975=VERTEX_POINT('',#9549);
#3976=VERTEX_POINT('',#9552);
#3977=VERTEX_POINT('',#9554);
#3978=VERTEX_POINT('',#9556);
#3979=VERTEX_POINT('',#9558);
#3980=VERTEX_POINT('',#9560);
#3981=VERTEX_POINT('',#9562);
#3982=VERTEX_POINT('',#9564);
#3983=VERTEX_POINT('',#9566);
#3984=VERTEX_POINT('',#9568);
#3985=VERTEX_POINT('',#9570);
#3986=VERTEX_POINT('',#9572);
#3987=VERTEX_POINT('',#9574);
#3988=VERTEX_POINT('',#9576);
#3989=VERTEX_POINT('',#9578);
#3990=VERTEX_POINT('',#9582);
#3991=VERTEX_POINT('',#9584);
#3992=VERTEX_POINT('',#9587);
#3993=VERTEX_POINT('',#9589);
#3994=VERTEX_POINT('',#9591);
#3995=VERTEX_POINT('',#9593);
#3996=VERTEX_POINT('',#9595);
#3997=VERTEX_POINT('',#9597);
#3998=VERTEX_POINT('',#9599);
#3999=VERTEX_POINT('',#9601);
#4000=VERTEX_POINT('',#9603);
#4001=VERTEX_POINT('',#9605);
#4002=VERTEX_POINT('',#9607);
#4003=VERTEX_POINT('',#9609);
#4004=VERTEX_POINT('',#9611);
#4005=VERTEX_POINT('',#9613);
#4006=VERTEX_POINT('',#9617);
#4007=VERTEX_POINT('',#9619);
#4008=VERTEX_POINT('',#9622);
#4009=VERTEX_POINT('',#9624);
#4010=VERTEX_POINT('',#9626);
#4011=VERTEX_POINT('',#9628);
#4012=VERTEX_POINT('',#9630);
#4013=VERTEX_POINT('',#9632);
#4014=VERTEX_POINT('',#9634);
#4015=VERTEX_POINT('',#9636);
#4016=VERTEX_POINT('',#9638);
#4017=VERTEX_POINT('',#9640);
#4018=VERTEX_POINT('',#9642);
#4019=VERTEX_POINT('',#9644);
#4020=VERTEX_POINT('',#9646);
#4021=VERTEX_POINT('',#9648);
#4022=VERTEX_POINT('',#9652);
#4023=VERTEX_POINT('',#9654);
#4024=VERTEX_POINT('',#9657);
#4025=VERTEX_POINT('',#9659);
#4026=VERTEX_POINT('',#9661);
#4027=VERTEX_POINT('',#9663);
#4028=VERTEX_POINT('',#9665);
#4029=VERTEX_POINT('',#9667);
#4030=VERTEX_POINT('',#9669);
#4031=VERTEX_POINT('',#9671);
#4032=VERTEX_POINT('',#9673);
#4033=VERTEX_POINT('',#9675);
#4034=VERTEX_POINT('',#9677);
#4035=VERTEX_POINT('',#9679);
#4036=VERTEX_POINT('',#9681);
#4037=VERTEX_POINT('',#9683);
#4038=VERTEX_POINT('',#9687);
#4039=VERTEX_POINT('',#9689);
#4040=VERTEX_POINT('',#9692);
#4041=VERTEX_POINT('',#9694);
#4042=VERTEX_POINT('',#9696);
#4043=VERTEX_POINT('',#9698);
#4044=VERTEX_POINT('',#9700);
#4045=VERTEX_POINT('',#9702);
#4046=VERTEX_POINT('',#9704);
#4047=VERTEX_POINT('',#9706);
#4048=VERTEX_POINT('',#9708);
#4049=VERTEX_POINT('',#9710);
#4050=VERTEX_POINT('',#9712);
#4051=VERTEX_POINT('',#9714);
#4052=VERTEX_POINT('',#9716);
#4053=VERTEX_POINT('',#9718);
#4054=VERTEX_POINT('',#9722);
#4055=VERTEX_POINT('',#9724);
#4056=VERTEX_POINT('',#9727);
#4057=VERTEX_POINT('',#9729);
#4058=VERTEX_POINT('',#9731);
#4059=VERTEX_POINT('',#9733);
#4060=VERTEX_POINT('',#9735);
#4061=VERTEX_POINT('',#9737);
#4062=VERTEX_POINT('',#9739);
#4063=VERTEX_POINT('',#9741);
#4064=VERTEX_POINT('',#9743);
#4065=VERTEX_POINT('',#9745);
#4066=VERTEX_POINT('',#9747);
#4067=VERTEX_POINT('',#9749);
#4068=VERTEX_POINT('',#9751);
#4069=VERTEX_POINT('',#9753);
#4070=VERTEX_POINT('',#9757);
#4071=VERTEX_POINT('',#9763);
#4072=VERTEX_POINT('',#9765);
#4073=VERTEX_POINT('',#9769);
#4074=VERTEX_POINT('',#9770);
#4075=VERTEX_POINT('',#9777);
#4076=VERTEX_POINT('',#9785);
#4077=VERTEX_POINT('',#9787);
#4078=VERTEX_POINT('',#9789);
#4079=VERTEX_POINT('',#9797);
#4080=VERTEX_POINT('',#9806);
#4081=VERTEX_POINT('',#9808);
#4082=VERTEX_POINT('',#9810);
#4083=VERTEX_POINT('',#9818);
#4084=VERTEX_POINT('',#9823);
#4085=VERTEX_POINT('',#9829);
#4086=VERTEX_POINT('',#9831);
#4087=VERTEX_POINT('',#9835);
#4088=VERTEX_POINT('',#9844);
#4089=VERTEX_POINT('',#9845);
#4090=VERTEX_POINT('',#9859);
#4091=VERTEX_POINT('',#9865);
#4092=VERTEX_POINT('',#9867);
#4093=VERTEX_POINT('',#9876);
#4094=VERTEX_POINT('',#9880);
#4095=VERTEX_POINT('',#9892);
#4096=VERTEX_POINT('',#9897);
#4097=VERTEX_POINT('',#9931);
#4098=VERTEX_POINT('',#9936);
#4099=VERTEX_POINT('',#9952);
#4100=VERTEX_POINT('',#9957);
#4101=VERTEX_POINT('',#9973);
#4102=VERTEX_POINT('',#9978);
#4103=VERTEX_POINT('',#9994);
#4104=VERTEX_POINT('',#9999);
#4105=VERTEX_POINT('',#10056);
#4106=VERTEX_POINT('',#10077);
#4107=VERTEX_POINT('',#10079);
#4108=VERTEX_POINT('',#10080);
#4109=VERTEX_POINT('',#10082);
#4110=VERTEX_POINT('',#10084);
#4111=VERTEX_POINT('',#10086);
#4112=VERTEX_POINT('',#10088);
#4113=VERTEX_POINT('',#10162);
#4114=VERTEX_POINT('',#10164);
#4115=VERTEX_POINT('',#10167);
#4116=VERTEX_POINT('',#10174);
#4117=VERTEX_POINT('',#10182);
#4118=VERTEX_POINT('',#10187);
#4119=VERTEX_POINT('',#10189);
#4120=VERTEX_POINT('',#10200);
#4121=VERTEX_POINT('',#10207);
#4122=VERTEX_POINT('',#10212);
#4123=VERTEX_POINT('',#10220);
#4124=VERTEX_POINT('',#10227);
#4125=VERTEX_POINT('',#10229);
#4126=VERTEX_POINT('',#10240);
#4127=VERTEX_POINT('',#10247);
#4128=VERTEX_POINT('',#10252);
#4129=VERTEX_POINT('',#10260);
#4130=VERTEX_POINT('',#10267);
#4131=VERTEX_POINT('',#10269);
#4132=VERTEX_POINT('',#10280);
#4133=VERTEX_POINT('',#10287);
#4134=VERTEX_POINT('',#10294);
#4135=VERTEX_POINT('',#10302);
#4136=VERTEX_POINT('',#10307);
#4137=VERTEX_POINT('',#10309);
#4138=VERTEX_POINT('',#10320);
#4139=VERTEX_POINT('',#10327);
#4140=VERTEX_POINT('',#10334);
#4141=VERTEX_POINT('',#10342);
#4142=VERTEX_POINT('',#10347);
#4143=VERTEX_POINT('',#10349);
#4144=VERTEX_POINT('',#10360);
#4145=VERTEX_POINT('',#10367);
#4146=VERTEX_POINT('',#10372);
#4147=VERTEX_POINT('',#10380);
#4148=VERTEX_POINT('',#10387);
#4149=VERTEX_POINT('',#10389);
#4150=VERTEX_POINT('',#10400);
#4151=VERTEX_POINT('',#10407);
#4152=VERTEX_POINT('',#10414);
#4153=VERTEX_POINT('',#10422);
#4154=VERTEX_POINT('',#10427);
#4155=VERTEX_POINT('',#10429);
#4156=VERTEX_POINT('',#10440);
#4157=VERTEX_POINT('',#10447);
#4158=VERTEX_POINT('',#10452);
#4159=VERTEX_POINT('',#10460);
#4160=VERTEX_POINT('',#10467);
#4161=VERTEX_POINT('',#10469);
#4162=VERTEX_POINT('',#10480);
#4163=VERTEX_POINT('',#10491);
#4164=VERTEX_POINT('',#10493);
#4165=VERTEX_POINT('',#10500);
#4166=VERTEX_POINT('',#10508);
#4167=VERTEX_POINT('',#10513);
#4168=VERTEX_POINT('',#10528);
#4169=VERTEX_POINT('',#10537);
#4170=VERTEX_POINT('',#10546);
#4171=VERTEX_POINT('',#10559);
#4172=VERTEX_POINT('',#10568);
#4173=VERTEX_POINT('',#10573);
#4174=VERTEX_POINT('',#10581);
#4175=VERTEX_POINT('',#10588);
#4176=VERTEX_POINT('',#10594);
#4177=VERTEX_POINT('',#10604);
#4178=VERTEX_POINT('',#10605);
#4179=VERTEX_POINT('',#10613);
#4180=VERTEX_POINT('',#10622);
#4181=VERTEX_POINT('',#10631);
#4182=VERTEX_POINT('',#10643);
#4183=VERTEX_POINT('',#10650);
#4184=VERTEX_POINT('',#10657);
#4185=VERTEX_POINT('',#10662);
#4186=VERTEX_POINT('',#10675);
#4187=VERTEX_POINT('',#10687);
#4188=VERTEX_POINT('',#10689);
#4189=VERTEX_POINT('',#10694);
#4190=VERTEX_POINT('',#10702);
#4191=VERTEX_POINT('',#10709);
#4192=VERTEX_POINT('',#10728);
#4193=VERTEX_POINT('',#10733);
#4194=VERTEX_POINT('',#10744);
#4195=VERTEX_POINT('',#10751);
#4196=VERTEX_POINT('',#10757);
#4197=VERTEX_POINT('',#10767);
#4198=VERTEX_POINT('',#10768);
#4199=VERTEX_POINT('',#10779);
#4200=VERTEX_POINT('',#10788);
#4201=VERTEX_POINT('',#10797);
#4202=VERTEX_POINT('',#10809);
#4203=VERTEX_POINT('',#10816);
#4204=VERTEX_POINT('',#10823);
#4205=VERTEX_POINT('',#10828);
#4206=VERTEX_POINT('',#10846);
#4207=VERTEX_POINT('',#10848);
#4208=VERTEX_POINT('',#10853);
#4209=VERTEX_POINT('',#10861);
#4210=VERTEX_POINT('',#10868);
#4211=VERTEX_POINT('',#10887);
#4212=VERTEX_POINT('',#10892);
#4213=VERTEX_POINT('',#10903);
#4214=VERTEX_POINT('',#10910);
#4215=VERTEX_POINT('',#10916);
#4216=VERTEX_POINT('',#10932);
#4217=VERTEX_POINT('',#10949);
#4218=VERTEX_POINT('',#10951);
#4219=VERTEX_POINT('',#10956);
#4220=VERTEX_POINT('',#10964);
#4221=VERTEX_POINT('',#10971);
#4222=VERTEX_POINT('',#10990);
#4223=VERTEX_POINT('',#10992);
#4224=VERTEX_POINT('',#10999);
#4225=VERTEX_POINT('',#11007);
#4226=VERTEX_POINT('',#11012);
#4227=VERTEX_POINT('',#11030);
#4228=VERTEX_POINT('',#11040);
#4229=VERTEX_POINT('',#11047);
#4230=VERTEX_POINT('',#11049);
#4231=VERTEX_POINT('',#11056);
#4232=VERTEX_POINT('',#11064);
#4233=VERTEX_POINT('',#11069);
#4234=VERTEX_POINT('',#11078);
#4235=VERTEX_POINT('',#11083);
#4236=VERTEX_POINT('',#11091);
#4237=VERTEX_POINT('',#11098);
#4238=VERTEX_POINT('',#11111);
#4239=VERTEX_POINT('',#11121);
#4240=VERTEX_POINT('',#11128);
#4241=VERTEX_POINT('',#11130);
#4242=VERTEX_POINT('',#11137);
#4243=VERTEX_POINT('',#11145);
#4244=VERTEX_POINT('',#11150);
#4245=VERTEX_POINT('',#11159);
#4246=VERTEX_POINT('',#11164);
#4247=VERTEX_POINT('',#11172);
#4248=VERTEX_POINT('',#11179);
#4249=VERTEX_POINT('',#11193);
#4250=VERTEX_POINT('',#11195);
#4251=VERTEX_POINT('',#11202);
#4252=VERTEX_POINT('',#11210);
#4253=VERTEX_POINT('',#11215);
#4254=VERTEX_POINT('',#11234);
#4255=VERTEX_POINT('',#11236);
#4256=VERTEX_POINT('',#11243);
#4257=VERTEX_POINT('',#11251);
#4258=VERTEX_POINT('',#11256);
#4259=VERTEX_POINT('',#11667);
#4260=VERTEX_POINT('',#11671);
#4261=VERTEX_POINT('',#11672);
#4262=VERTEX_POINT('',#11674);
#4263=VERTEX_POINT('',#11676);
#4264=VERTEX_POINT('',#11683);
#4265=VERTEX_POINT('',#11684);
#4266=VERTEX_POINT('',#11686);
#4267=VERTEX_POINT('',#11688);
#4268=VERTEX_POINT('',#11705);
#4269=VERTEX_POINT('',#11706);
#4270=VERTEX_POINT('',#11773);
#4271=VERTEX_POINT('',#11774);
#4272=VERTEX_POINT('',#11776);
#4273=VERTEX_POINT('',#11778);
#4274=VERTEX_POINT('',#11785);
#4275=VERTEX_POINT('',#11786);
#4276=VERTEX_POINT('',#11788);
#4277=VERTEX_POINT('',#11790);
#4278=VERTEX_POINT('',#11818);
#4279=VERTEX_POINT('',#11823);
#4280=VERTEX_POINT('',#12335);
#4281=VERTEX_POINT('',#12336);
#4282=VERTEX_POINT('',#12338);
#4283=VERTEX_POINT('',#12340);
#4284=VERTEX_POINT('',#12347);
#4285=VERTEX_POINT('',#12348);
#4286=VERTEX_POINT('',#12350);
#4287=VERTEX_POINT('',#12352);
#4288=VERTEX_POINT('',#12369);
#4289=VERTEX_POINT('',#12370);
#4290=VERTEX_POINT('',#12437);
#4291=VERTEX_POINT('',#12438);
#4292=VERTEX_POINT('',#12440);
#4293=VERTEX_POINT('',#12442);
#4294=VERTEX_POINT('',#12449);
#4295=VERTEX_POINT('',#12450);
#4296=VERTEX_POINT('',#12452);
#4297=VERTEX_POINT('',#12454);
#4298=VERTEX_POINT('',#12478);
#4299=VERTEX_POINT('',#12483);
#4300=VERTEX_POINT('',#13402);
#4301=VERTEX_POINT('',#13405);
#4302=CIRCLE('',#6002,0.073);
#4303=CIRCLE('',#6003,0.072);
#4304=CIRCLE('',#6005,0.073);
#4305=CIRCLE('',#6006,0.072);
#4306=CIRCLE('',#6008,0.075);
#4307=CIRCLE('',#6010,0.075);
#4308=CIRCLE('',#6012,0.07);
#4309=CIRCLE('',#6013,0.07);
#4310=CIRCLE('',#6014,0.07);
#4311=CIRCLE('',#6015,0.07);
#4312=CIRCLE('',#6016,0.07);
#4313=CIRCLE('',#6018,0.07);
#4314=CIRCLE('',#6020,0.072);
#4315=CIRCLE('',#6021,0.073);
#4316=CIRCLE('',#6023,0.072);
#4317=CIRCLE('',#6024,0.073);
#4318=CIRCLE('',#6026,0.075);
#4319=CIRCLE('',#6028,0.07);
#4320=CIRCLE('',#6029,0.07);
#4321=CIRCLE('',#6030,0.07);
#4322=CIRCLE('',#6031,0.07);
#4323=CIRCLE('',#6032,0.07);
#4324=CIRCLE('',#6033,0.07);
#4325=CIRCLE('',#6034,0.07);
#4326=CIRCLE('',#6035,0.07);
#4327=CIRCLE('',#6036,0.07);
#4328=CIRCLE('',#6037,0.07);
#4329=CIRCLE('',#6038,0.07);
#4330=CIRCLE('',#6039,0.07);
#4331=CIRCLE('',#6040,0.07);
#4332=CIRCLE('',#6041,0.07);
#4333=CIRCLE('',#6042,0.07);
#4334=CIRCLE('',#6043,0.07);
#4335=CIRCLE('',#6044,0.07);
#4336=CIRCLE('',#6045,0.07);
#4337=CIRCLE('',#6046,0.07);
#4338=CIRCLE('',#6047,0.07);
#4339=CIRCLE('',#6048,0.07);
#4340=CIRCLE('',#6050,0.07);
#4341=CIRCLE('',#6052,0.07);
#4342=CIRCLE('',#6054,0.07);
#4343=CIRCLE('',#6056,0.07);
#4344=CIRCLE('',#6058,0.07);
#4345=CIRCLE('',#6060,0.07);
#4346=CIRCLE('',#6062,0.07);
#4347=CIRCLE('',#6063,0.07);
#4348=CIRCLE('',#6064,0.07);
#4349=CIRCLE('',#6066,0.07);
#4350=CIRCLE('',#6068,0.07);
#4351=CIRCLE('',#6070,0.07);
#4352=CIRCLE('',#6072,0.071);
#4353=CIRCLE('',#6074,0.071);
#4354=CIRCLE('',#6076,0.071);
#4355=CIRCLE('',#6078,0.071);
#4356=CIRCLE('',#6080,0.071);
#4357=CIRCLE('',#6082,0.071);
#4358=CIRCLE('',#6084,0.071);
#4359=CIRCLE('',#6086,0.071);
#4360=CIRCLE('',#6088,0.071);
#4361=CIRCLE('',#6090,0.071);
#4362=CIRCLE('',#6092,0.071);
#4363=CIRCLE('',#6094,0.07);
#4364=CIRCLE('',#6096,0.075);
#4365=CIRCLE('',#6097,0.075);
#4366=CIRCLE('',#6099,0.031);
#4367=CIRCLE('',#6100,0.034);
#4368=CIRCLE('',#6101,0.0515);
#4369=CIRCLE('',#6102,0.034);
#4370=CIRCLE('',#6103,0.031);
#4371=CIRCLE('',#6104,0.074);
#4372=CIRCLE('',#6105,0.031);
#4373=CIRCLE('',#6106,0.034);
#4374=CIRCLE('',#6107,0.0515);
#4375=CIRCLE('',#6108,0.034);
#4376=CIRCLE('',#6109,0.031);
#4377=CIRCLE('',#6110,0.034);
#4378=CIRCLE('',#6111,0.0340000000000003);
#4379=CIRCLE('',#6112,0.0340000000000008);
#4380=CIRCLE('',#6113,0.034);
#4381=CIRCLE('',#6114,0.031);
#4382=CIRCLE('',#6115,0.031);
#4383=CIRCLE('',#6116,0.034);
#4384=CIRCLE('',#6117,0.0515);
#4385=CIRCLE('',#6118,0.034);
#4386=CIRCLE('',#6119,0.0340000000000004);
#4387=CIRCLE('',#6120,0.034);
#4388=CIRCLE('',#6121,0.031);
#4389=CIRCLE('',#6122,0.031);
#4390=CIRCLE('',#6123,0.034);
#4391=CIRCLE('',#6124,0.0515);
#4392=CIRCLE('',#6125,0.034);
#4393=CIRCLE('',#6126,0.034);
#4394=CIRCLE('',#6127,0.0340000000000003);
#4395=CIRCLE('',#6128,0.031);
#4396=CIRCLE('',#6129,0.031);
#4397=CIRCLE('',#6130,0.034);
#4398=CIRCLE('',#6131,0.0515);
#4399=CIRCLE('',#6132,0.034);
#4400=CIRCLE('',#6133,0.0340000000000006);
#4401=CIRCLE('',#6134,0.0340000000000007);
#4402=CIRCLE('',#6135,0.031);
#4403=CIRCLE('',#6136,0.071);
#4404=CIRCLE('',#6137,0.031);
#4405=CIRCLE('',#6138,0.034);
#4406=CIRCLE('',#6139,0.0515);
#4407=CIRCLE('',#6140,0.034);
#4408=CIRCLE('',#6141,0.0340000000000005);
#4409=CIRCLE('',#6142,0.034);
#4410=CIRCLE('',#6143,0.031);
#4411=CIRCLE('',#6144,0.009);
#4412=CIRCLE('',#6145,0.031);
#4413=CIRCLE('',#6146,0.0504999999999994);
#4414=CIRCLE('',#6147,0.034);
#4415=CIRCLE('',#6148,0.009);
#4416=CIRCLE('',#6149,0.009);
#4417=CIRCLE('',#6150,0.034);
#4418=CIRCLE('',#6151,0.0505);
#4419=CIRCLE('',#6152,0.031);
#4420=CIRCLE('',#6153,0.009);
#4421=CIRCLE('',#6154,0.031);
#4422=CIRCLE('',#6155,0.0505000000000008);
#4423=CIRCLE('',#6156,0.034);
#4424=CIRCLE('',#6157,0.009);
#4425=CIRCLE('',#6158,0.009);
#4426=CIRCLE('',#6159,0.034);
#4427=CIRCLE('',#6160,0.0505);
#4428=CIRCLE('',#6161,0.031);
#4429=CIRCLE('',#6162,0.009);
#4430=CIRCLE('',#6163,0.031);
#4431=CIRCLE('',#6164,0.0505);
#4432=CIRCLE('',#6165,0.034);
#4433=CIRCLE('',#6166,0.009);
#4434=CIRCLE('',#6167,0.009);
#4435=CIRCLE('',#6168,0.034);
#4436=CIRCLE('',#6169,0.0505);
#4437=CIRCLE('',#6170,0.031);
#4438=CIRCLE('',#6171,0.009);
#4439=CIRCLE('',#6172,0.031);
#4440=CIRCLE('',#6173,0.0504999999999994);
#4441=CIRCLE('',#6174,0.034);
#4442=CIRCLE('',#6175,0.009);
#4443=CIRCLE('',#6176,0.009);
#4444=CIRCLE('',#6177,0.034);
#4445=CIRCLE('',#6178,0.0505);
#4446=CIRCLE('',#6179,0.031);
#4447=CIRCLE('',#6180,0.009);
#4448=CIRCLE('',#6181,0.031);
#4449=CIRCLE('',#6182,0.0505000000000009);
#4450=CIRCLE('',#6183,0.034);
#4451=CIRCLE('',#6184,0.009);
#4452=CIRCLE('',#6185,0.009);
#4453=CIRCLE('',#6186,0.034);
#4454=CIRCLE('',#6187,0.0505);
#4455=CIRCLE('',#6188,0.031);
#4456=CIRCLE('',#6189,0.009);
#4457=CIRCLE('',#6190,0.031);
#4458=CIRCLE('',#6191,0.0505);
#4459=CIRCLE('',#6192,0.009);
#4460=CIRCLE('',#6193,0.034);
#4461=CIRCLE('',#6194,0.0505);
#4462=CIRCLE('',#6195,0.034);
#4463=CIRCLE('',#6196,0.009);
#4464=CIRCLE('',#6197,0.031);
#4465=CIRCLE('',#6198,0.0515);
#4466=CIRCLE('',#6199,0.0309999999999996);
#4467=CIRCLE('',#6200,0.031);
#4468=CIRCLE('',#6201,0.0515);
#4469=CIRCLE('',#6202,0.031);
#4470=CIRCLE('',#6203,0.031);
#4471=CIRCLE('',#6204,0.0515);
#4472=CIRCLE('',#6205,0.0309999999999996);
#4473=CIRCLE('',#6206,0.031);
#4474=CIRCLE('',#6207,0.0515000000000013);
#4475=CIRCLE('',#6208,0.0309999999999996);
#4476=CIRCLE('',#6209,0.031);
#4477=CIRCLE('',#6210,0.0515);
#4478=CIRCLE('',#6211,0.031);
#4479=CIRCLE('',#6212,0.031);
#4480=CIRCLE('',#6213,0.0515);
#4481=CIRCLE('',#6214,0.031);
#4482=CIRCLE('',#6220,0.032);
#4483=CIRCLE('',#6221,0.033);
#4484=CIRCLE('',#6222,0.0330000000000003);
#4485=CIRCLE('',#6223,0.032);
#4486=CIRCLE('',#6224,0.033);
#4487=CIRCLE('',#6225,0.033);
#4488=CIRCLE('',#6226,0.033);
#4489=CIRCLE('',#6227,0.01);
#4490=CIRCLE('',#6228,0.032);
#4491=CIRCLE('',#6229,0.032);
#4492=CIRCLE('',#6230,0.032);
#4493=CIRCLE('',#6231,0.0319999999999996);
#4494=CIRCLE('',#6232,0.032);
#4495=CIRCLE('',#6233,0.032);
#4496=CIRCLE('',#6234,0.01);
#4497=CIRCLE('',#6235,0.033);
#4498=CIRCLE('',#6236,0.033);
#4499=CIRCLE('',#6237,0.033);
#4500=CIRCLE('',#6239,0.032);
#4501=CIRCLE('',#6240,0.0330000000000008);
#4502=CIRCLE('',#6241,0.033);
#4503=CIRCLE('',#6242,0.032);
#4504=CIRCLE('',#6243,0.033);
#4505=CIRCLE('',#6244,0.033);
#4506=CIRCLE('',#6245,0.033);
#4507=CIRCLE('',#6246,0.01);
#4508=CIRCLE('',#6247,0.032);
#4509=CIRCLE('',#6248,0.032);
#4510=CIRCLE('',#6249,0.032);
#4511=CIRCLE('',#6250,0.032);
#4512=CIRCLE('',#6251,0.032);
#4513=CIRCLE('',#6252,0.032);
#4514=CIRCLE('',#6253,0.01);
#4515=CIRCLE('',#6254,0.033);
#4516=CIRCLE('',#6255,0.033);
#4517=CIRCLE('',#6256,0.033);
#4518=CIRCLE('',#6258,0.032);
#4519=CIRCLE('',#6259,0.0330000000000006);
#4520=CIRCLE('',#6260,0.0330000000000007);
#4521=CIRCLE('',#6261,0.032);
#4522=CIRCLE('',#6262,0.033);
#4523=CIRCLE('',#6263,0.033);
#4524=CIRCLE('',#6264,0.033);
#4525=CIRCLE('',#6265,0.01);
#4526=CIRCLE('',#6266,0.032);
#4527=CIRCLE('',#6267,0.032);
#4528=CIRCLE('',#6268,0.032);
#4529=CIRCLE('',#6269,0.032);
#4530=CIRCLE('',#6270,0.032);
#4531=CIRCLE('',#6271,0.032);
#4532=CIRCLE('',#6272,0.01);
#4533=CIRCLE('',#6273,0.033);
#4534=CIRCLE('',#6274,0.033);
#4535=CIRCLE('',#6275,0.033);
#4536=CIRCLE('',#6277,0.032);
#4537=CIRCLE('',#6278,0.0330000000000005);
#4538=CIRCLE('',#6279,0.033);
#4539=CIRCLE('',#6280,0.032);
#4540=CIRCLE('',#6281,0.033);
#4541=CIRCLE('',#6282,0.033);
#4542=CIRCLE('',#6283,0.033);
#4543=CIRCLE('',#6284,0.01);
#4544=CIRCLE('',#6285,0.032);
#4545=CIRCLE('',#6286,0.032);
#4546=CIRCLE('',#6287,0.032);
#4547=CIRCLE('',#6288,0.032);
#4548=CIRCLE('',#6289,0.032);
#4549=CIRCLE('',#6290,0.032);
#4550=CIRCLE('',#6291,0.01);
#4551=CIRCLE('',#6292,0.033);
#4552=CIRCLE('',#6293,0.033);
#4553=CIRCLE('',#6294,0.033);
#4554=CIRCLE('',#6296,0.032);
#4555=CIRCLE('',#6297,0.033);
#4556=CIRCLE('',#6298,0.0330000000000003);
#4557=CIRCLE('',#6299,0.032);
#4558=CIRCLE('',#6300,0.033);
#4559=CIRCLE('',#6301,0.033);
#4560=CIRCLE('',#6302,0.033);
#4561=CIRCLE('',#6303,0.01);
#4562=CIRCLE('',#6304,0.032);
#4563=CIRCLE('',#6305,0.032);
#4564=CIRCLE('',#6306,0.032);
#4565=CIRCLE('',#6307,0.0319999999999996);
#4566=CIRCLE('',#6308,0.032);
#4567=CIRCLE('',#6309,0.032);
#4568=CIRCLE('',#6310,0.01);
#4569=CIRCLE('',#6311,0.033);
#4570=CIRCLE('',#6312,0.033);
#4571=CIRCLE('',#6313,0.033);
#4572=CIRCLE('',#6315,0.032);
#4573=CIRCLE('',#6316,0.0330000000000004);
#4574=CIRCLE('',#6317,0.033);
#4575=CIRCLE('',#6318,0.032);
#4576=CIRCLE('',#6319,0.033);
#4577=CIRCLE('',#6320,0.033);
#4578=CIRCLE('',#6321,0.033);
#4579=CIRCLE('',#6322,0.01);
#4580=CIRCLE('',#6323,0.032);
#4581=CIRCLE('',#6324,0.032);
#4582=CIRCLE('',#6325,0.032);
#4583=CIRCLE('',#6326,0.0319999999999996);
#4584=CIRCLE('',#6327,0.032);
#4585=CIRCLE('',#6328,0.032);
#4586=CIRCLE('',#6329,0.01);
#4587=CIRCLE('',#6330,0.033);
#4588=CIRCLE('',#6331,0.033);
#4589=CIRCLE('',#6332,0.033);
#4590=CIRCLE('',#6334,0.01);
#4591=CIRCLE('',#6335,0.01);
#4592=CIRCLE('',#6337,0.01);
#4593=CIRCLE('',#6338,0.01);
#4594=CIRCLE('',#6340,0.01);
#4595=CIRCLE('',#6341,0.01);
#4596=CIRCLE('',#6343,0.01);
#4597=CIRCLE('',#6344,0.01);
#4598=CIRCLE('',#6346,0.01);
#4599=CIRCLE('',#6347,0.01);
#4600=CIRCLE('',#6349,0.01);
#4601=CIRCLE('',#6350,0.01);
#4602=CIRCLE('',#6352,0.01);
#4603=CIRCLE('',#6353,0.01);
#4604=CIRCLE('',#6355,0.01);
#4605=CIRCLE('',#6356,0.01);
#4606=CIRCLE('',#6358,0.01);
#4607=CIRCLE('',#6359,0.01);
#4608=CIRCLE('',#6361,0.01);
#4609=CIRCLE('',#6362,0.01);
#4610=CIRCLE('',#6364,0.01);
#4611=CIRCLE('',#6365,0.01);
#4612=CIRCLE('',#6367,0.01);
#4613=CIRCLE('',#6368,0.01);
#4614=CIRCLE('',#6370,0.01);
#4615=CIRCLE('',#6375,0.01);
#4616=CIRCLE('',#6378,0.01);
#4617=CIRCLE('',#6381,0.01);
#4618=CIRCLE('',#6384,0.01);
#4619=CIRCLE('',#6387,0.01);
#4620=CIRCLE('',#6389,0.01);
#4621=CIRCLE('',#6391,0.01);
#4622=CIRCLE('',#6393,0.01);
#4623=CIRCLE('',#6395,0.01);
#4624=CIRCLE('',#6396,0.01);
#4625=CIRCLE('',#6398,0.01);
#4626=CIRCLE('',#6400,0.012);
#4627=CIRCLE('',#6401,0.008);
#4628=CIRCLE('',#6402,0.008);
#4629=CIRCLE('',#6403,0.008);
#4630=CIRCLE('',#6404,0.008);
#4631=CIRCLE('',#6405,0.008);
#4632=CIRCLE('',#6406,0.008);
#4633=CIRCLE('',#6420,0.01);
#4634=CIRCLE('',#6421,0.01);
#4635=CIRCLE('',#6423,0.035);
#4636=CIRCLE('',#6424,0.035);
#4637=CIRCLE('',#6426,0.03);
#4638=CIRCLE('',#6427,0.03);
#4639=CIRCLE('',#6429,0.03);
#4640=CIRCLE('',#6430,0.03);
#4641=CIRCLE('',#6432,0.035);
#4642=CIRCLE('',#6433,0.035);
#4643=CIRCLE('',#6435,0.035);
#4644=CIRCLE('',#6436,0.035);
#4645=CIRCLE('',#6438,0.03);
#4646=CIRCLE('',#6439,0.03);
#4647=CIRCLE('',#6441,0.035);
#4648=CIRCLE('',#6442,0.035);
#4649=CIRCLE('',#6444,0.03);
#4650=CIRCLE('',#6445,0.03);
#4651=CIRCLE('',#6448,0.03);
#4652=CIRCLE('',#6449,0.03);
#4653=CIRCLE('',#6452,0.0515);
#4654=CIRCLE('',#6453,0.0525);
#4655=CIRCLE('',#6455,0.0504999999999994);
#4656=CIRCLE('',#6456,0.0494999999999994);
#4657=CIRCLE('',#6458,0.035);
#4658=CIRCLE('',#6460,0.035);
#4659=CIRCLE('',#6462,0.03);
#4660=CIRCLE('',#6464,0.0350000000000008);
#4661=CIRCLE('',#6466,0.035);
#4662=CIRCLE('',#6468,0.03);
#4663=CIRCLE('',#6470,0.035);
#4664=CIRCLE('',#6471,0.035);
#4665=CIRCLE('',#6473,0.0515);
#4666=CIRCLE('',#6474,0.0525);
#4667=CIRCLE('',#6477,0.03);
#4668=CIRCLE('',#6479,0.035);
#4669=CIRCLE('',#6481,0.035);
#4670=CIRCLE('',#6483,0.03);
#4671=CIRCLE('',#6486,0.0505);
#4672=CIRCLE('',#6487,0.0495);
#4673=CIRCLE('',#6490,0.03);
#4674=CIRCLE('',#6492,0.035);
#4675=CIRCLE('',#6494,0.035);
#4676=CIRCLE('',#6496,0.03);
#4677=CIRCLE('',#6498,0.035);
#4678=CIRCLE('',#6499,0.035);
#4679=CIRCLE('',#6502,0.035);
#4680=CIRCLE('',#6503,0.035);
#4681=CIRCLE('',#6505,0.0515);
#4682=CIRCLE('',#6506,0.0525);
#4683=CIRCLE('',#6508,0.035);
#4684=CIRCLE('',#6509,0.035);
#4685=CIRCLE('',#6511,0.0515);
#4686=CIRCLE('',#6512,0.0525);
#4687=CIRCLE('',#6514,0.0505);
#4688=CIRCLE('',#6515,0.0495);
#4689=CIRCLE('',#6518,0.03);
#4690=CIRCLE('',#6520,0.035);
#4691=CIRCLE('',#6522,0.0350000000000006);
#4692=CIRCLE('',#6524,0.03);
#4693=CIRCLE('',#6527,0.0505);
#4694=CIRCLE('',#6528,0.0495);
#4695=CIRCLE('',#6531,0.03);
#4696=CIRCLE('',#6533,0.0350000000000005);
#4697=CIRCLE('',#6535,0.0350000000000007);
#4698=CIRCLE('',#6537,0.03);
#4699=CIRCLE('',#6539,0.035);
#4700=CIRCLE('',#6540,0.035);
#4701=CIRCLE('',#6543,0.035);
#4702=CIRCLE('',#6544,0.035);
#4703=CIRCLE('',#6546,0.0515);
#4704=CIRCLE('',#6547,0.0525);
#4705=CIRCLE('',#6549,0.035);
#4706=CIRCLE('',#6550,0.035);
#4707=CIRCLE('',#6552,0.0515);
#4708=CIRCLE('',#6553,0.0525);
#4709=CIRCLE('',#6555,0.0505);
#4710=CIRCLE('',#6556,0.0495);
#4711=CIRCLE('',#6559,0.03);
#4712=CIRCLE('',#6561,0.03);
#4713=CIRCLE('',#6564,0.0505);
#4714=CIRCLE('',#6565,0.0495);
#4715=CIRCLE('',#6568,0.035);
#4716=CIRCLE('',#6569,0.035);
#4717=CIRCLE('',#6572,0.0515);
#4718=CIRCLE('',#6573,0.0525);
#4719=CIRCLE('',#6575,0.0505);
#4720=CIRCLE('',#6576,0.0495);
#4721=CIRCLE('',#6579,0.03);
#4722=CIRCLE('',#6580,0.03);
#4723=CIRCLE('',#6583,0.0515);
#4724=CIRCLE('',#6584,0.0525);
#4725=CIRCLE('',#6586,0.0505);
#4726=CIRCLE('',#6587,0.0495000000000009);
#4727=CIRCLE('',#6590,0.0299999999999997);
#4728=CIRCLE('',#6591,0.03);
#4729=CIRCLE('',#6594,0.03);
#4730=CIRCLE('',#6595,0.03);
#4731=CIRCLE('',#6597,0.0515);
#4732=CIRCLE('',#6598,0.0525000000000013);
#4733=CIRCLE('',#6600,0.0505);
#4734=CIRCLE('',#6601,0.0495);
#4735=CIRCLE('',#6604,0.0299999999999997);
#4736=CIRCLE('',#6605,0.03);
#4737=CIRCLE('',#6608,0.03);
#4738=CIRCLE('',#6609,0.03);
#4739=CIRCLE('',#6611,0.0514999999999992);
#4740=CIRCLE('',#6612,0.0525);
#4741=CIRCLE('',#6614,0.0504999999999994);
#4742=CIRCLE('',#6615,0.0494999999999994);
#4743=CIRCLE('',#6618,0.03);
#4744=CIRCLE('',#6619,0.03);
#4745=CIRCLE('',#6622,0.0515);
#4746=CIRCLE('',#6623,0.0525);
#4747=CIRCLE('',#6625,0.0505);
#4748=CIRCLE('',#6626,0.0495000000000008);
#4749=CIRCLE('',#6629,0.0299999999999996);
#4750=CIRCLE('',#6630,0.03);
#4751=CIRCLE('',#6633,0.0514999999999993);
#4752=CIRCLE('',#6634,0.0525);
#4753=CIRCLE('',#6636,0.0504999999999992);
#4754=CIRCLE('',#6637,0.0495);
#4755=CIRCLE('',#6747,0.007);
#4756=CIRCLE('',#6774,0.002);
#4757=CIRCLE('',#6776,0.002);
#4758=CIRCLE('',#6777,0.002);
#4759=CIRCLE('',#6779,0.002);
#4760=CIRCLE('',#6780,0.002);
#4761=CIRCLE('',#6782,0.002);
#4762=CIRCLE('',#6783,0.002);
#4763=CIRCLE('',#6785,0.002);
#4764=CIRCLE('',#6786,0.002);
#4765=CIRCLE('',#6788,0.002);
#4766=CIRCLE('',#6789,0.002);
#4767=CIRCLE('',#6791,0.002);
#4768=CIRCLE('',#6792,0.002);
#4769=CIRCLE('',#6794,0.002);
#4770=CIRCLE('',#6795,0.002);
#4771=CIRCLE('',#6797,0.002);
#4772=CIRCLE('',#6799,0.007);
#4773=CIRCLE('',#6801,0.007);
#4774=EDGE_LOOP('',(#892,#893,#894,#895));
#4775=EDGE_LOOP('',(#896,#897,#898,#899));
#4776=EDGE_LOOP('',(#900,#901,#902,#903));
#4777=EDGE_LOOP('',(#904,#905,#906,#907));
#4778=EDGE_LOOP('',(#908,#909,#910,#911,#912,#913,#914,#915));
#4779=EDGE_LOOP('',(#916,#917,#918,#919));
#4780=EDGE_LOOP('',(#920,#921,#922,#923));
#4781=EDGE_LOOP('',(#924,#925,#926,#927));
#4782=EDGE_LOOP('',(#928,#929,#930,#931));
#4783=EDGE_LOOP('',(#932,#933,#934,#935,#936,#937,#938,#939,#940,#941,#942,
#943,#944,#945,#946,#947,#948,#949,#950,#951,#952,#953,#954,#955));
#4784=EDGE_LOOP('',(#956,#957,#958,#959));
#4785=EDGE_LOOP('',(#960,#961,#962,#963));
#4786=EDGE_LOOP('',(#964,#965,#966,#967));
#4787=EDGE_LOOP('',(#968,#969,#970,#971));
#4788=EDGE_LOOP('',(#972,#973,#974,#975));
#4789=EDGE_LOOP('',(#976,#977,#978,#979));
#4790=EDGE_LOOP('',(#980,#981,#982,#983,#984,#985,#986,#987,#988,#989));
#4791=EDGE_LOOP('',(#990,#991,#992,#993,#994,#995,#996,#997,#998,#999,#1000,
#1001,#1002,#1003,#1004,#1005,#1006,#1007));
#4792=EDGE_LOOP('',(#1008,#1009,#1010,#1011));
#4793=EDGE_LOOP('',(#1012,#1013,#1014,#1015));
#4794=EDGE_LOOP('',(#1016,#1017,#1018,#1019));
#4795=EDGE_LOOP('',(#1020,#1021,#1022,#1023));
#4796=EDGE_LOOP('',(#1024,#1025,#1026,#1027));
#4797=EDGE_LOOP('',(#1028,#1029,#1030,#1031));
#4798=EDGE_LOOP('',(#1032,#1033,#1034,#1035));
#4799=EDGE_LOOP('',(#1036,#1037,#1038,#1039));
#4800=EDGE_LOOP('',(#1040,#1041,#1042,#1043));
#4801=EDGE_LOOP('',(#1044,#1045,#1046,#1047));
#4802=EDGE_LOOP('',(#1048,#1049,#1050,#1051));
#4803=EDGE_LOOP('',(#1052,#1053,#1054,#1055));
#4804=EDGE_LOOP('',(#1056,#1057,#1058,#1059));
#4805=EDGE_LOOP('',(#1060,#1061,#1062,#1063));
#4806=EDGE_LOOP('',(#1064,#1065,#1066,#1067));
#4807=EDGE_LOOP('',(#1068,#1069,#1070,#1071,#1072));
#4808=EDGE_LOOP('',(#1073));
#4809=EDGE_LOOP('',(#1074,#1075,#1076,#1077,#1078,#1079,#1080,#1081,#1082,
#1083));
#4810=EDGE_LOOP('',(#1084,#1085,#1086,#1087,#1088));
#4811=EDGE_LOOP('',(#1089,#1090,#1091,#1092,#1093,#1094));
#4812=EDGE_LOOP('',(#1095));
#4813=EDGE_LOOP('',(#1096,#1097,#1098,#1099,#1100,#1101));
#4814=EDGE_LOOP('',(#1102,#1103,#1104));
#4815=EDGE_LOOP('',(#1105,#1106,#1107));
#4816=EDGE_LOOP('',(#1108,#1109,#1110,#1111,#1112,#1113));
#4817=EDGE_LOOP('',(#1114,#1115,#1116));
#4818=EDGE_LOOP('',(#1117,#1118,#1119,#1120,#1121,#1122));
#4819=EDGE_LOOP('',(#1123,#1124,#1125));
#4820=EDGE_LOOP('',(#1126,#1127,#1128,#1129,#1130,#1131));
#4821=EDGE_LOOP('',(#1132,#1133,#1134));
#4822=EDGE_LOOP('',(#1135,#1136,#1137,#1138,#1139,#1140));
#4823=EDGE_LOOP('',(#1141,#1142,#1143));
#4824=EDGE_LOOP('',(#1144,#1145,#1146,#1147));
#4825=EDGE_LOOP('',(#1148,#1149,#1150,#1151,#1152));
#4826=EDGE_LOOP('',(#1153,#1154,#1155,#1156));
#4827=EDGE_LOOP('',(#1157,#1158,#1159,#1160,#1161));
#4828=EDGE_LOOP('',(#1162,#1163,#1164,#1165));
#4829=EDGE_LOOP('',(#1166,#1167,#1168,#1169,#1170));
#4830=EDGE_LOOP('',(#1171,#1172,#1173,#1174));
#4831=EDGE_LOOP('',(#1175,#1176,#1177,#1178,#1179));
#4832=EDGE_LOOP('',(#1180,#1181,#1182,#1183));
#4833=EDGE_LOOP('',(#1184,#1185,#1186,#1187,#1188));
#4834=EDGE_LOOP('',(#1189,#1190,#1191,#1192));
#4835=EDGE_LOOP('',(#1193,#1194,#1195,#1196,#1197));
#4836=EDGE_LOOP('',(#1198,#1199,#1200));
#4837=EDGE_LOOP('',(#1201,#1202,#1203));
#4838=EDGE_LOOP('',(#1204,#1205,#1206));
#4839=EDGE_LOOP('',(#1207,#1208,#1209));
#4840=EDGE_LOOP('',(#1210,#1211,#1212));
#4841=EDGE_LOOP('',(#1213,#1214,#1215));
#4842=EDGE_LOOP('',(#1216,#1217,#1218,#1219));
#4843=EDGE_LOOP('',(#1220,#1221,#1222,#1223));
#4844=EDGE_LOOP('',(#1224,#1225,#1226,#1227));
#4845=EDGE_LOOP('',(#1228));
#4846=EDGE_LOOP('',(#1229));
#4847=EDGE_LOOP('',(#1230,#1231,#1232,#1233,#1234,#1235,#1236,#1237,#1238,
#1239,#1240,#1241,#1242,#1243,#1244,#1245,#1246,#1247,#1248,#1249));
#4848=EDGE_LOOP('',(#1250,#1251,#1252,#1253,#1254,#1255,#1256,#1257,#1258,
#1259,#1260,#1261,#1262,#1263,#1264,#1265,#1266,#1267,#1268,#1269));
#4849=EDGE_LOOP('',(#1270,#1271,#1272,#1273,#1274,#1275,#1276,#1277,#1278,
#1279,#1280,#1281,#1282,#1283,#1284,#1285,#1286,#1287,#1288,#1289));
#4850=EDGE_LOOP('',(#1290,#1291,#1292,#1293,#1294,#1295,#1296,#1297,#1298,
#1299,#1300,#1301,#1302,#1303,#1304,#1305,#1306,#1307,#1308,#1309));
#4851=EDGE_LOOP('',(#1310,#1311,#1312,#1313,#1314,#1315,#1316,#1317,#1318,
#1319,#1320,#1321,#1322,#1323,#1324,#1325,#1326,#1327,#1328,#1329));
#4852=EDGE_LOOP('',(#1330,#1331,#1332,#1333,#1334,#1335,#1336,#1337,#1338,
#1339,#1340,#1341,#1342,#1343,#1344,#1345,#1346,#1347,#1348,#1349));
#4853=EDGE_LOOP('',(#1350,#1351,#1352,#1353));
#4854=EDGE_LOOP('',(#1354,#1355,#1356,#1357));
#4855=EDGE_LOOP('',(#1358,#1359,#1360,#1361));
#4856=EDGE_LOOP('',(#1362,#1363,#1364,#1365));
#4857=EDGE_LOOP('',(#1366,#1367,#1368,#1369));
#4858=EDGE_LOOP('',(#1370,#1371,#1372,#1373));
#4859=EDGE_LOOP('',(#1374,#1375,#1376,#1377));
#4860=EDGE_LOOP('',(#1378,#1379,#1380,#1381));
#4861=EDGE_LOOP('',(#1382,#1383,#1384,#1385));
#4862=EDGE_LOOP('',(#1386,#1387,#1388,#1389));
#4863=EDGE_LOOP('',(#1390,#1391,#1392,#1393));
#4864=EDGE_LOOP('',(#1394,#1395,#1396,#1397));
#4865=EDGE_LOOP('',(#1398,#1399,#1400,#1401));
#4866=EDGE_LOOP('',(#1402,#1403,#1404,#1405));
#4867=EDGE_LOOP('',(#1406,#1407,#1408,#1409));
#4868=EDGE_LOOP('',(#1410,#1411,#1412,#1413));
#4869=EDGE_LOOP('',(#1414,#1415,#1416,#1417));
#4870=EDGE_LOOP('',(#1418,#1419,#1420,#1421));
#4871=EDGE_LOOP('',(#1422,#1423,#1424,#1425));
#4872=EDGE_LOOP('',(#1426,#1427,#1428,#1429));
#4873=EDGE_LOOP('',(#1430,#1431,#1432,#1433));
#4874=EDGE_LOOP('',(#1434,#1435,#1436,#1437));
#4875=EDGE_LOOP('',(#1438,#1439,#1440,#1441));
#4876=EDGE_LOOP('',(#1442,#1443,#1444,#1445));
#4877=EDGE_LOOP('',(#1446,#1447,#1448,#1449));
#4878=EDGE_LOOP('',(#1450,#1451,#1452,#1453));
#4879=EDGE_LOOP('',(#1454,#1455,#1456,#1457));
#4880=EDGE_LOOP('',(#1458,#1459,#1460,#1461));
#4881=EDGE_LOOP('',(#1462,#1463,#1464,#1465));
#4882=EDGE_LOOP('',(#1466,#1467,#1468,#1469));
#4883=EDGE_LOOP('',(#1470));
#4884=EDGE_LOOP('',(#1471,#1472,#1473,#1474,#1475,#1476));
#4885=EDGE_LOOP('',(#1477,#1478,#1479,#1480,#1481,#1482,#1483,#1484));
#4886=EDGE_LOOP('',(#1485,#1486,#1487,#1488,#1489,#1490,#1491,#1492));
#4887=EDGE_LOOP('',(#1493,#1494,#1495,#1496,#1497,#1498,#1499,#1500));
#4888=EDGE_LOOP('',(#1501,#1502,#1503,#1504,#1505,#1506,#1507,#1508));
#4889=EDGE_LOOP('',(#1509,#1510,#1511,#1512,#1513,#1514,#1515,#1516));
#4890=EDGE_LOOP('',(#1517,#1518,#1519,#1520,#1521,#1522,#1523,#1524));
#4891=EDGE_LOOP('',(#1525,#1526,#1527,#1528));
#4892=EDGE_LOOP('',(#1529,#1530,#1531,#1532));
#4893=EDGE_LOOP('',(#1533,#1534,#1535,#1536));
#4894=EDGE_LOOP('',(#1537,#1538,#1539,#1540));
#4895=EDGE_LOOP('',(#1541,#1542,#1543,#1544));
#4896=EDGE_LOOP('',(#1545,#1546,#1547,#1548));
#4897=EDGE_LOOP('',(#1549));
#4898=EDGE_LOOP('',(#1550));
#4899=EDGE_LOOP('',(#1551,#1552,#1553,#1554,#1555,#1556,#1557,#1558,#1559,
#1560,#1561));
#4900=EDGE_LOOP('',(#1562,#1563,#1564,#1565,#1566,#1567,#1568,#1569,#1570,
#1571,#1572));
#4901=EDGE_LOOP('',(#1573,#1574,#1575,#1576,#1577,#1578,#1579,#1580,#1581,
#1582,#1583));
#4902=EDGE_LOOP('',(#1584,#1585,#1586,#1587,#1588,#1589,#1590,#1591,#1592,
#1593,#1594));
#4903=EDGE_LOOP('',(#1595,#1596,#1597,#1598,#1599,#1600,#1601,#1602,#1603,
#1604,#1605));
#4904=EDGE_LOOP('',(#1606,#1607,#1608,#1609,#1610,#1611,#1612,#1613,#1614,
#1615,#1616));
#4905=EDGE_LOOP('',(#1617,#1618,#1619,#1620,#1621,#1622,#1623,#1624,#1625,
#1626,#1627));
#4906=EDGE_LOOP('',(#1628,#1629,#1630,#1631,#1632,#1633,#1634,#1635,#1636,
#1637,#1638));
#4907=EDGE_LOOP('',(#1639,#1640,#1641));
#4908=EDGE_LOOP('',(#1642,#1643,#1644,#1645,#1646,#1647,#1648,#1649,#1650,
#1651,#1652));
#4909=EDGE_LOOP('',(#1653,#1654,#1655));
#4910=EDGE_LOOP('',(#1656,#1657,#1658,#1659));
#4911=EDGE_LOOP('',(#1660,#1661,#1662,#1663));
#4912=EDGE_LOOP('',(#1664,#1665,#1666,#1667));
#4913=EDGE_LOOP('',(#1668,#1669,#1670,#1671));
#4914=EDGE_LOOP('',(#1672,#1673,#1674,#1675));
#4915=EDGE_LOOP('',(#1676,#1677,#1678,#1679));
#4916=EDGE_LOOP('',(#1680,#1681,#1682,#1683));
#4917=EDGE_LOOP('',(#1684,#1685,#1686,#1687));
#4918=EDGE_LOOP('',(#1688,#1689,#1690,#1691,#1692,#1693,#1694,#1695,#1696,
#1697,#1698));
#4919=EDGE_LOOP('',(#1699,#1700,#1701,#1702));
#4920=EDGE_LOOP('',(#1703,#1704,#1705));
#4921=EDGE_LOOP('',(#1706,#1707,#1708,#1709));
#4922=EDGE_LOOP('',(#1710,#1711,#1712,#1713));
#4923=EDGE_LOOP('',(#1714,#1715,#1716,#1717));
#4924=EDGE_LOOP('',(#1718,#1719,#1720,#1721));
#4925=EDGE_LOOP('',(#1722,#1723,#1724));
#4926=EDGE_LOOP('',(#1725,#1726,#1727,#1728));
#4927=EDGE_LOOP('',(#1729,#1730,#1731));
#4928=EDGE_LOOP('',(#1732,#1733,#1734,#1735));
#4929=EDGE_LOOP('',(#1736,#1737,#1738,#1739));
#4930=EDGE_LOOP('',(#1740,#1741,#1742,#1743));
#4931=EDGE_LOOP('',(#1744,#1745,#1746,#1747));
#4932=EDGE_LOOP('',(#1748,#1749,#1750,#1751,#1752,#1753,#1754,#1755,#1756,
#1757,#1758));
#4933=EDGE_LOOP('',(#1759,#1760,#1761));
#4934=EDGE_LOOP('',(#1762,#1763,#1764,#1765,#1766,#1767,#1768,#1769,#1770,
#1771,#1772));
#4935=EDGE_LOOP('',(#1773,#1774,#1775,#1776));
#4936=EDGE_LOOP('',(#1777,#1778,#1779,#1780,#1781,#1782,#1783,#1784,#1785,
#1786,#1787));
#4937=EDGE_LOOP('',(#1788,#1789,#1790,#1791));
#4938=EDGE_LOOP('',(#1792,#1793,#1794,#1795));
#4939=EDGE_LOOP('',(#1796,#1797,#1798));
#4940=EDGE_LOOP('',(#1799,#1800,#1801,#1802));
#4941=EDGE_LOOP('',(#1803,#1804,#1805,#1806));
#4942=EDGE_LOOP('',(#1807,#1808,#1809,#1810));
#4943=EDGE_LOOP('',(#1811,#1812,#1813,#1814));
#4944=EDGE_LOOP('',(#1815,#1816,#1817));
#4945=EDGE_LOOP('',(#1818,#1819,#1820,#1821));
#4946=EDGE_LOOP('',(#1822,#1823,#1824));
#4947=EDGE_LOOP('',(#1825,#1826,#1827,#1828));
#4948=EDGE_LOOP('',(#1829,#1830,#1831,#1832));
#4949=EDGE_LOOP('',(#1833,#1834,#1835,#1836));
#4950=EDGE_LOOP('',(#1837,#1838,#1839,#1840));
#4951=EDGE_LOOP('',(#1841,#1842,#1843,#1844,#1845,#1846,#1847,#1848,#1849,
#1850,#1851));
#4952=EDGE_LOOP('',(#1852,#1853,#1854));
#4953=EDGE_LOOP('',(#1855,#1856,#1857,#1858,#1859,#1860,#1861,#1862,#1863,
#1864,#1865));
#4954=EDGE_LOOP('',(#1866,#1867,#1868,#1869));
#4955=EDGE_LOOP('',(#1870,#1871,#1872,#1873,#1874,#1875,#1876,#1877,#1878,
#1879,#1880));
#4956=EDGE_LOOP('',(#1881,#1882,#1883,#1884));
#4957=EDGE_LOOP('',(#1885,#1886,#1887,#1888));
#4958=EDGE_LOOP('',(#1889,#1890,#1891));
#4959=EDGE_LOOP('',(#1892,#1893,#1894,#1895));
#4960=EDGE_LOOP('',(#1896,#1897,#1898,#1899));
#4961=EDGE_LOOP('',(#1900,#1901,#1902));
#4962=EDGE_LOOP('',(#1903,#1904,#1905,#1906));
#4963=EDGE_LOOP('',(#1907,#1908,#1909));
#4964=EDGE_LOOP('',(#1910,#1911,#1912,#1913,#1914,#1915,#1916,#1917,#1918,
#1919,#1920));
#4965=EDGE_LOOP('',(#1921,#1922,#1923));
#4966=EDGE_LOOP('',(#1924,#1925,#1926,#1927));
#4967=EDGE_LOOP('',(#1928,#1929,#1930,#1931));
#4968=EDGE_LOOP('',(#1932,#1933,#1934));
#4969=EDGE_LOOP('',(#1935,#1936,#1937,#1938,#1939,#1940,#1941,#1942,#1943,
#1944,#1945));
#4970=EDGE_LOOP('',(#1946,#1947,#1948));
#4971=EDGE_LOOP('',(#1949,#1950,#1951,#1952));
#4972=EDGE_LOOP('',(#1953,#1954,#1955,#1956));
#4973=EDGE_LOOP('',(#1957,#1958,#1959));
#4974=EDGE_LOOP('',(#1960,#1961,#1962,#1963,#1964,#1965,#1966,#1967,#1968,
#1969,#1970));
#4975=EDGE_LOOP('',(#1971,#1972,#1973));
#4976=EDGE_LOOP('',(#1974,#1975,#1976,#1977,#1978,#1979,#1980,#1981,#1982,
#1983,#1984));
#4977=EDGE_LOOP('',(#1985,#1986,#1987,#1988));
#4978=EDGE_LOOP('',(#1989,#1990,#1991,#1992));
#4979=EDGE_LOOP('',(#1993,#1994,#1995));
#4980=EDGE_LOOP('',(#1996,#1997,#1998,#1999,#2000,#2001,#2002,#2003,#2004,
#2005,#2006));
#4981=EDGE_LOOP('',(#2007,#2008,#2009));
#4982=EDGE_LOOP('',(#2010,#2011,#2012,#2013,#2014,#2015,#2016,#2017,#2018,
#2019,#2020));
#4983=EDGE_LOOP('',(#2021,#2022,#2023,#2024));
#4984=EDGE_LOOP('',(#2025,#2026,#2027,#2028));
#4985=EDGE_LOOP('',(#2029,#2030,#2031));
#4986=EDGE_LOOP('',(#2032,#2033,#2034,#2035,#2036,#2037,#2038,#2039,#2040,
#2041,#2042));
#4987=EDGE_LOOP('',(#2043,#2044,#2045));
#4988=EDGE_LOOP('',(#2046,#2047,#2048,#2049));
#4989=EDGE_LOOP('',(#2050,#2051,#2052,#2053));
#4990=EDGE_LOOP('',(#2054,#2055,#2056));
#4991=EDGE_LOOP('',(#2057,#2058,#2059,#2060,#2061,#2062,#2063,#2064,#2065,
#2066,#2067));
#4992=EDGE_LOOP('',(#2068,#2069,#2070));
#4993=EDGE_LOOP('',(#2071,#2072,#2073,#2074));
#4994=EDGE_LOOP('',(#2075,#2076,#2077,#2078));
#4995=EDGE_LOOP('',(#2079,#2080,#2081,#2082));
#4996=EDGE_LOOP('',(#2083,#2084,#2085,#2086));
#4997=EDGE_LOOP('',(#2087,#2088,#2089,#2090));
#4998=EDGE_LOOP('',(#2091,#2092,#2093,#2094));
#4999=EDGE_LOOP('',(#2095,#2096,#2097,#2098));
#5000=EDGE_LOOP('',(#2099,#2100,#2101,#2102));
#5001=EDGE_LOOP('',(#2103,#2104,#2105,#2106));
#5002=EDGE_LOOP('',(#2107,#2108,#2109,#2110));
#5003=EDGE_LOOP('',(#2111,#2112,#2113,#2114));
#5004=EDGE_LOOP('',(#2115,#2116,#2117,#2118));
#5005=EDGE_LOOP('',(#2119,#2120,#2121,#2122));
#5006=EDGE_LOOP('',(#2123,#2124,#2125,#2126));
#5007=EDGE_LOOP('',(#2127,#2128,#2129,#2130));
#5008=EDGE_LOOP('',(#2131,#2132,#2133,#2134));
#5009=EDGE_LOOP('',(#2135,#2136,#2137,#2138));
#5010=EDGE_LOOP('',(#2139,#2140,#2141,#2142));
#5011=EDGE_LOOP('',(#2143,#2144,#2145,#2146));
#5012=EDGE_LOOP('',(#2147,#2148,#2149,#2150));
#5013=EDGE_LOOP('',(#2151,#2152,#2153,#2154));
#5014=EDGE_LOOP('',(#2155,#2156,#2157,#2158));
#5015=EDGE_LOOP('',(#2159,#2160,#2161,#2162));
#5016=EDGE_LOOP('',(#2163,#2164,#2165,#2166));
#5017=EDGE_LOOP('',(#2167,#2168,#2169,#2170));
#5018=EDGE_LOOP('',(#2171,#2172,#2173,#2174));
#5019=EDGE_LOOP('',(#2175,#2176,#2177,#2178));
#5020=EDGE_LOOP('',(#2179,#2180,#2181,#2182));
#5021=EDGE_LOOP('',(#2183,#2184,#2185,#2186));
#5022=EDGE_LOOP('',(#2187,#2188,#2189,#2190));
#5023=EDGE_LOOP('',(#2191,#2192,#2193,#2194));
#5024=EDGE_LOOP('',(#2195,#2196,#2197,#2198));
#5025=EDGE_LOOP('',(#2199,#2200,#2201,#2202));
#5026=EDGE_LOOP('',(#2203,#2204,#2205,#2206));
#5027=EDGE_LOOP('',(#2207,#2208,#2209,#2210));
#5028=EDGE_LOOP('',(#2211,#2212,#2213,#2214));
#5029=EDGE_LOOP('',(#2215,#2216,#2217,#2218));
#5030=EDGE_LOOP('',(#2219,#2220,#2221,#2222));
#5031=EDGE_LOOP('',(#2223,#2224,#2225,#2226));
#5032=EDGE_LOOP('',(#2227,#2228,#2229,#2230));
#5033=EDGE_LOOP('',(#2231,#2232,#2233,#2234));
#5034=EDGE_LOOP('',(#2235,#2236,#2237,#2238));
#5035=EDGE_LOOP('',(#2239,#2240,#2241,#2242));
#5036=EDGE_LOOP('',(#2243,#2244,#2245,#2246));
#5037=EDGE_LOOP('',(#2247,#2248,#2249,#2250));
#5038=EDGE_LOOP('',(#2251,#2252,#2253,#2254));
#5039=EDGE_LOOP('',(#2255,#2256,#2257,#2258));
#5040=EDGE_LOOP('',(#2259,#2260,#2261,#2262));
#5041=EDGE_LOOP('',(#2263,#2264,#2265,#2266));
#5042=EDGE_LOOP('',(#2267,#2268,#2269,#2270));
#5043=EDGE_LOOP('',(#2271,#2272,#2273,#2274));
#5044=EDGE_LOOP('',(#2275,#2276,#2277,#2278));
#5045=EDGE_LOOP('',(#2279,#2280,#2281,#2282));
#5046=EDGE_LOOP('',(#2283,#2284,#2285,#2286));
#5047=EDGE_LOOP('',(#2287,#2288,#2289,#2290));
#5048=EDGE_LOOP('',(#2291,#2292,#2293,#2294));
#5049=EDGE_LOOP('',(#2295,#2296,#2297,#2298));
#5050=EDGE_LOOP('',(#2299,#2300,#2301,#2302));
#5051=EDGE_LOOP('',(#2303,#2304,#2305,#2306));
#5052=EDGE_LOOP('',(#2307,#2308,#2309,#2310));
#5053=EDGE_LOOP('',(#2311,#2312,#2313,#2314));
#5054=EDGE_LOOP('',(#2315,#2316,#2317,#2318));
#5055=EDGE_LOOP('',(#2319,#2320,#2321,#2322));
#5056=EDGE_LOOP('',(#2323,#2324,#2325,#2326));
#5057=EDGE_LOOP('',(#2327,#2328,#2329,#2330));
#5058=EDGE_LOOP('',(#2331,#2332,#2333,#2334));
#5059=EDGE_LOOP('',(#2335,#2336,#2337,#2338));
#5060=EDGE_LOOP('',(#2339,#2340,#2341,#2342));
#5061=EDGE_LOOP('',(#2343,#2344,#2345,#2346));
#5062=EDGE_LOOP('',(#2347,#2348,#2349,#2350));
#5063=EDGE_LOOP('',(#2351,#2352,#2353,#2354));
#5064=EDGE_LOOP('',(#2355,#2356,#2357,#2358));
#5065=EDGE_LOOP('',(#2359,#2360,#2361,#2362));
#5066=EDGE_LOOP('',(#2363,#2364,#2365,#2366));
#5067=EDGE_LOOP('',(#2367,#2368,#2369,#2370));
#5068=EDGE_LOOP('',(#2371,#2372,#2373,#2374));
#5069=EDGE_LOOP('',(#2375,#2376,#2377,#2378));
#5070=EDGE_LOOP('',(#2379,#2380,#2381,#2382));
#5071=EDGE_LOOP('',(#2383,#2384,#2385,#2386));
#5072=EDGE_LOOP('',(#2387,#2388,#2389,#2390));
#5073=EDGE_LOOP('',(#2391,#2392,#2393,#2394));
#5074=EDGE_LOOP('',(#2395,#2396,#2397,#2398));
#5075=EDGE_LOOP('',(#2399,#2400,#2401,#2402));
#5076=EDGE_LOOP('',(#2403,#2404,#2405,#2406));
#5077=EDGE_LOOP('',(#2407,#2408,#2409,#2410));
#5078=EDGE_LOOP('',(#2411,#2412,#2413,#2414));
#5079=EDGE_LOOP('',(#2415,#2416,#2417,#2418));
#5080=EDGE_LOOP('',(#2419,#2420,#2421,#2422));
#5081=EDGE_LOOP('',(#2423,#2424,#2425,#2426));
#5082=EDGE_LOOP('',(#2427,#2428,#2429,#2430));
#5083=EDGE_LOOP('',(#2431,#2432,#2433,#2434));
#5084=EDGE_LOOP('',(#2435,#2436,#2437,#2438));
#5085=EDGE_LOOP('',(#2439,#2440,#2441,#2442));
#5086=EDGE_LOOP('',(#2443,#2444,#2445,#2446));
#5087=EDGE_LOOP('',(#2447,#2448,#2449,#2450));
#5088=EDGE_LOOP('',(#2451,#2452,#2453,#2454));
#5089=EDGE_LOOP('',(#2455,#2456,#2457,#2458));
#5090=EDGE_LOOP('',(#2459,#2460,#2461,#2462));
#5091=EDGE_LOOP('',(#2463,#2464,#2465,#2466));
#5092=EDGE_LOOP('',(#2467,#2468,#2469,#2470));
#5093=EDGE_LOOP('',(#2471,#2472,#2473,#2474));
#5094=EDGE_LOOP('',(#2475,#2476,#2477,#2478));
#5095=EDGE_LOOP('',(#2479,#2480,#2481,#2482));
#5096=EDGE_LOOP('',(#2483,#2484,#2485,#2486));
#5097=EDGE_LOOP('',(#2487,#2488,#2489,#2490));
#5098=EDGE_LOOP('',(#2491,#2492,#2493,#2494));
#5099=EDGE_LOOP('',(#2495,#2496,#2497,#2498));
#5100=EDGE_LOOP('',(#2499,#2500,#2501,#2502));
#5101=EDGE_LOOP('',(#2503,#2504,#2505,#2506));
#5102=EDGE_LOOP('',(#2507,#2508,#2509,#2510));
#5103=EDGE_LOOP('',(#2511));
#5104=EDGE_LOOP('',(#2512));
#5105=EDGE_LOOP('',(#2513));
#5106=EDGE_LOOP('',(#2514,#2515,#2516,#2517));
#5107=EDGE_LOOP('',(#2518,#2519,#2520,#2521));
#5108=EDGE_LOOP('',(#2522,#2523,#2524,#2525));
#5109=EDGE_LOOP('',(#2526,#2527,#2528,#2529));
#5110=EDGE_LOOP('',(#2530,#2531,#2532,#2533));
#5111=EDGE_LOOP('',(#2534,#2535,#2536,#2537));
#5112=EDGE_LOOP('',(#2538,#2539,#2540,#2541));
#5113=EDGE_LOOP('',(#2542,#2543,#2544,#2545));
#5114=EDGE_LOOP('',(#2546,#2547,#2548,#2549));
#5115=EDGE_LOOP('',(#2550,#2551,#2552,#2553));
#5116=EDGE_LOOP('',(#2554,#2555,#2556,#2557));
#5117=EDGE_LOOP('',(#2558,#2559,#2560,#2561));
#5118=EDGE_LOOP('',(#2562,#2563,#2564,#2565));
#5119=EDGE_LOOP('',(#2566,#2567,#2568,#2569));
#5120=EDGE_LOOP('',(#2570,#2571,#2572,#2573));
#5121=EDGE_LOOP('',(#2574,#2575,#2576,#2577));
#5122=EDGE_LOOP('',(#2578,#2579,#2580,#2581));
#5123=EDGE_LOOP('',(#2582,#2583,#2584,#2585));
#5124=EDGE_LOOP('',(#2586,#2587,#2588,#2589));
#5125=EDGE_LOOP('',(#2590,#2591,#2592,#2593));
#5126=EDGE_LOOP('',(#2594,#2595,#2596,#2597));
#5127=EDGE_LOOP('',(#2598,#2599,#2600,#2601));
#5128=EDGE_LOOP('',(#2602,#2603,#2604,#2605));
#5129=EDGE_LOOP('',(#2606,#2607,#2608,#2609));
#5130=EDGE_LOOP('',(#2610,#2611,#2612,#2613));
#5131=EDGE_LOOP('',(#2614,#2615,#2616,#2617));
#5132=EDGE_LOOP('',(#2618,#2619,#2620,#2621));
#5133=EDGE_LOOP('',(#2622,#2623,#2624,#2625));
#5134=EDGE_LOOP('',(#2626,#2627,#2628,#2629));
#5135=EDGE_LOOP('',(#2630,#2631,#2632,#2633));
#5136=EDGE_LOOP('',(#2634,#2635,#2636,#2637));
#5137=EDGE_LOOP('',(#2638,#2639,#2640,#2641));
#5138=EDGE_LOOP('',(#2642,#2643,#2644,#2645));
#5139=EDGE_LOOP('',(#2646,#2647,#2648,#2649));
#5140=EDGE_LOOP('',(#2650,#2651,#2652,#2653));
#5141=EDGE_LOOP('',(#2654,#2655,#2656,#2657));
#5142=EDGE_LOOP('',(#2658,#2659,#2660,#2661));
#5143=EDGE_LOOP('',(#2662,#2663,#2664,#2665));
#5144=EDGE_LOOP('',(#2666,#2667,#2668,#2669));
#5145=EDGE_LOOP('',(#2670,#2671,#2672,#2673));
#5146=EDGE_LOOP('',(#2674,#2675,#2676,#2677));
#5147=EDGE_LOOP('',(#2678,#2679,#2680,#2681));
#5148=EDGE_LOOP('',(#2682,#2683,#2684,#2685));
#5149=EDGE_LOOP('',(#2686,#2687,#2688,#2689));
#5150=EDGE_LOOP('',(#2690,#2691,#2692,#2693));
#5151=EDGE_LOOP('',(#2694,#2695,#2696,#2697));
#5152=EDGE_LOOP('',(#2698,#2699,#2700,#2701));
#5153=EDGE_LOOP('',(#2702,#2703,#2704,#2705));
#5154=EDGE_LOOP('',(#2706));
#5155=EDGE_LOOP('',(#2707));
#5156=EDGE_LOOP('',(#2708,#2709,#2710));
#5157=EDGE_LOOP('',(#2711,#2712,#2713,#2714));
#5158=EDGE_LOOP('',(#2715,#2716,#2717));
#5159=EDGE_LOOP('',(#2718,#2719,#2720));
#5160=EDGE_LOOP('',(#2721,#2722,#2723,#2724));
#5161=EDGE_LOOP('',(#2725,#2726,#2727));
#5162=EDGE_LOOP('',(#2728,#2729,#2730));
#5163=EDGE_LOOP('',(#2731,#2732,#2733,#2734));
#5164=EDGE_LOOP('',(#2735,#2736,#2737));
#5165=EDGE_LOOP('',(#2738,#2739,#2740));
#5166=EDGE_LOOP('',(#2741,#2742,#2743,#2744));
#5167=EDGE_LOOP('',(#2745,#2746,#2747));
#5168=EDGE_LOOP('',(#2748,#2749,#2750));
#5169=EDGE_LOOP('',(#2751,#2752,#2753,#2754));
#5170=EDGE_LOOP('',(#2755,#2756,#2757));
#5171=EDGE_LOOP('',(#2758,#2759,#2760));
#5172=EDGE_LOOP('',(#2761,#2762,#2763,#2764));
#5173=EDGE_LOOP('',(#2765,#2766,#2767));
#5174=EDGE_LOOP('',(#2768,#2769,#2770));
#5175=EDGE_LOOP('',(#2771,#2772,#2773,#2774));
#5176=EDGE_LOOP('',(#2775,#2776,#2777));
#5177=EDGE_LOOP('',(#2778,#2779,#2780));
#5178=EDGE_LOOP('',(#2781,#2782,#2783,#2784));
#5179=EDGE_LOOP('',(#2785,#2786,#2787));
#5180=EDGE_LOOP('',(#2788));
#5181=EDGE_LOOP('',(#2789));
#5182=EDGE_LOOP('',(#2790));
#5183=EDGE_LOOP('',(#2791));
#5184=FACE_BOUND('',#4774,.T.);
#5185=FACE_BOUND('',#4775,.T.);
#5186=FACE_BOUND('',#4776,.T.);
#5187=FACE_BOUND('',#4777,.T.);
#5188=FACE_BOUND('',#4778,.T.);
#5189=FACE_BOUND('',#4779,.T.);
#5190=FACE_BOUND('',#4780,.T.);
#5191=FACE_BOUND('',#4781,.T.);
#5192=FACE_BOUND('',#4782,.T.);
#5193=FACE_BOUND('',#4783,.T.);
#5194=FACE_BOUND('',#4784,.T.);
#5195=FACE_BOUND('',#4785,.T.);
#5196=FACE_BOUND('',#4786,.T.);
#5197=FACE_BOUND('',#4787,.T.);
#5198=FACE_BOUND('',#4788,.T.);
#5199=FACE_BOUND('',#4789,.T.);
#5200=FACE_BOUND('',#4790,.T.);
#5201=FACE_BOUND('',#4791,.T.);
#5202=FACE_BOUND('',#4792,.T.);
#5203=FACE_BOUND('',#4793,.T.);
#5204=FACE_BOUND('',#4794,.T.);
#5205=FACE_BOUND('',#4795,.T.);
#5206=FACE_BOUND('',#4796,.T.);
#5207=FACE_BOUND('',#4797,.T.);
#5208=FACE_BOUND('',#4798,.T.);
#5209=FACE_BOUND('',#4799,.T.);
#5210=FACE_BOUND('',#4800,.T.);
#5211=FACE_BOUND('',#4801,.T.);
#5212=FACE_BOUND('',#4802,.T.);
#5213=FACE_BOUND('',#4803,.T.);
#5214=FACE_BOUND('',#4804,.T.);
#5215=FACE_BOUND('',#4805,.T.);
#5216=FACE_BOUND('',#4806,.T.);
#5217=FACE_BOUND('',#4807,.T.);
#5218=FACE_BOUND('',#4808,.T.);
#5219=FACE_BOUND('',#4809,.T.);
#5220=FACE_BOUND('',#4810,.T.);
#5221=FACE_BOUND('',#4811,.T.);
#5222=FACE_BOUND('',#4812,.T.);
#5223=FACE_BOUND('',#4813,.T.);
#5224=FACE_BOUND('',#4814,.T.);
#5225=FACE_BOUND('',#4815,.T.);
#5226=FACE_BOUND('',#4816,.T.);
#5227=FACE_BOUND('',#4817,.T.);
#5228=FACE_BOUND('',#4818,.T.);
#5229=FACE_BOUND('',#4819,.T.);
#5230=FACE_BOUND('',#4820,.T.);
#5231=FACE_BOUND('',#4821,.T.);
#5232=FACE_BOUND('',#4822,.T.);
#5233=FACE_BOUND('',#4823,.T.);
#5234=FACE_BOUND('',#4824,.T.);
#5235=FACE_BOUND('',#4825,.T.);
#5236=FACE_BOUND('',#4826,.T.);
#5237=FACE_BOUND('',#4827,.T.);
#5238=FACE_BOUND('',#4828,.T.);
#5239=FACE_BOUND('',#4829,.T.);
#5240=FACE_BOUND('',#4830,.T.);
#5241=FACE_BOUND('',#4831,.T.);
#5242=FACE_BOUND('',#4832,.T.);
#5243=FACE_BOUND('',#4833,.T.);
#5244=FACE_BOUND('',#4834,.T.);
#5245=FACE_BOUND('',#4835,.T.);
#5246=FACE_BOUND('',#4836,.T.);
#5247=FACE_BOUND('',#4837,.T.);
#5248=FACE_BOUND('',#4838,.T.);
#5249=FACE_BOUND('',#4839,.T.);
#5250=FACE_BOUND('',#4840,.T.);
#5251=FACE_BOUND('',#4841,.T.);
#5252=FACE_BOUND('',#4842,.T.);
#5253=FACE_BOUND('',#4843,.T.);
#5254=FACE_BOUND('',#4844,.T.);
#5255=FACE_BOUND('',#4845,.T.);
#5256=FACE_BOUND('',#4846,.T.);
#5257=FACE_BOUND('',#4847,.T.);
#5258=FACE_BOUND('',#4848,.T.);
#5259=FACE_BOUND('',#4849,.T.);
#5260=FACE_BOUND('',#4850,.T.);
#5261=FACE_BOUND('',#4851,.T.);
#5262=FACE_BOUND('',#4852,.T.);
#5263=FACE_BOUND('',#4853,.T.);
#5264=FACE_BOUND('',#4854,.T.);
#5265=FACE_BOUND('',#4855,.T.);
#5266=FACE_BOUND('',#4856,.T.);
#5267=FACE_BOUND('',#4857,.T.);
#5268=FACE_BOUND('',#4858,.T.);
#5269=FACE_BOUND('',#4859,.T.);
#5270=FACE_BOUND('',#4860,.T.);
#5271=FACE_BOUND('',#4861,.T.);
#5272=FACE_BOUND('',#4862,.T.);
#5273=FACE_BOUND('',#4863,.T.);
#5274=FACE_BOUND('',#4864,.T.);
#5275=FACE_BOUND('',#4865,.T.);
#5276=FACE_BOUND('',#4866,.T.);
#5277=FACE_BOUND('',#4867,.T.);
#5278=FACE_BOUND('',#4868,.T.);
#5279=FACE_BOUND('',#4869,.T.);
#5280=FACE_BOUND('',#4870,.T.);
#5281=FACE_BOUND('',#4871,.T.);
#5282=FACE_BOUND('',#4872,.T.);
#5283=FACE_BOUND('',#4873,.T.);
#5284=FACE_BOUND('',#4874,.T.);
#5285=FACE_BOUND('',#4875,.T.);
#5286=FACE_BOUND('',#4876,.T.);
#5287=FACE_BOUND('',#4877,.T.);
#5288=FACE_BOUND('',#4878,.T.);
#5289=FACE_BOUND('',#4879,.T.);
#5290=FACE_BOUND('',#4880,.T.);
#5291=FACE_BOUND('',#4881,.T.);
#5292=FACE_BOUND('',#4882,.T.);
#5293=FACE_BOUND('',#4883,.T.);
#5294=FACE_BOUND('',#4884,.T.);
#5295=FACE_BOUND('',#4885,.T.);
#5296=FACE_BOUND('',#4886,.T.);
#5297=FACE_BOUND('',#4887,.T.);
#5298=FACE_BOUND('',#4888,.T.);
#5299=FACE_BOUND('',#4889,.T.);
#5300=FACE_BOUND('',#4890,.T.);
#5301=FACE_BOUND('',#4891,.T.);
#5302=FACE_BOUND('',#4892,.T.);
#5303=FACE_BOUND('',#4893,.T.);
#5304=FACE_BOUND('',#4894,.T.);
#5305=FACE_BOUND('',#4895,.T.);
#5306=FACE_BOUND('',#4896,.T.);
#5307=FACE_BOUND('',#4897,.T.);
#5308=FACE_BOUND('',#4898,.T.);
#5309=FACE_BOUND('',#4899,.T.);
#5310=FACE_BOUND('',#4900,.T.);
#5311=FACE_BOUND('',#4901,.T.);
#5312=FACE_BOUND('',#4902,.T.);
#5313=FACE_BOUND('',#4903,.T.);
#5314=FACE_BOUND('',#4904,.T.);
#5315=FACE_BOUND('',#4905,.T.);
#5316=FACE_BOUND('',#4906,.T.);
#5317=FACE_BOUND('',#4907,.T.);
#5318=FACE_BOUND('',#4908,.T.);
#5319=FACE_BOUND('',#4909,.T.);
#5320=FACE_BOUND('',#4910,.T.);
#5321=FACE_BOUND('',#4911,.T.);
#5322=FACE_BOUND('',#4912,.T.);
#5323=FACE_BOUND('',#4913,.T.);
#5324=FACE_BOUND('',#4914,.T.);
#5325=FACE_BOUND('',#4915,.T.);
#5326=FACE_BOUND('',#4916,.T.);
#5327=FACE_BOUND('',#4917,.T.);
#5328=FACE_BOUND('',#4918,.T.);
#5329=FACE_BOUND('',#4919,.T.);
#5330=FACE_BOUND('',#4920,.T.);
#5331=FACE_BOUND('',#4921,.T.);
#5332=FACE_BOUND('',#4922,.T.);
#5333=FACE_BOUND('',#4923,.T.);
#5334=FACE_BOUND('',#4924,.T.);
#5335=FACE_BOUND('',#4925,.T.);
#5336=FACE_BOUND('',#4926,.T.);
#5337=FACE_BOUND('',#4927,.T.);
#5338=FACE_BOUND('',#4928,.T.);
#5339=FACE_BOUND('',#4929,.T.);
#5340=FACE_BOUND('',#4930,.T.);
#5341=FACE_BOUND('',#4931,.T.);
#5342=FACE_BOUND('',#4932,.T.);
#5343=FACE_BOUND('',#4933,.T.);
#5344=FACE_BOUND('',#4934,.T.);
#5345=FACE_BOUND('',#4935,.T.);
#5346=FACE_BOUND('',#4936,.T.);
#5347=FACE_BOUND('',#4937,.T.);
#5348=FACE_BOUND('',#4938,.T.);
#5349=FACE_BOUND('',#4939,.T.);
#5350=FACE_BOUND('',#4940,.T.);
#5351=FACE_BOUND('',#4941,.T.);
#5352=FACE_BOUND('',#4942,.T.);
#5353=FACE_BOUND('',#4943,.T.);
#5354=FACE_BOUND('',#4944,.T.);
#5355=FACE_BOUND('',#4945,.T.);
#5356=FACE_BOUND('',#4946,.T.);
#5357=FACE_BOUND('',#4947,.T.);
#5358=FACE_BOUND('',#4948,.T.);
#5359=FACE_BOUND('',#4949,.T.);
#5360=FACE_BOUND('',#4950,.T.);
#5361=FACE_BOUND('',#4951,.T.);
#5362=FACE_BOUND('',#4952,.T.);
#5363=FACE_BOUND('',#4953,.T.);
#5364=FACE_BOUND('',#4954,.T.);
#5365=FACE_BOUND('',#4955,.T.);
#5366=FACE_BOUND('',#4956,.T.);
#5367=FACE_BOUND('',#4957,.T.);
#5368=FACE_BOUND('',#4958,.T.);
#5369=FACE_BOUND('',#4959,.T.);
#5370=FACE_BOUND('',#4960,.T.);
#5371=FACE_BOUND('',#4961,.T.);
#5372=FACE_BOUND('',#4962,.T.);
#5373=FACE_BOUND('',#4963,.T.);
#5374=FACE_BOUND('',#4964,.T.);
#5375=FACE_BOUND('',#4965,.T.);
#5376=FACE_BOUND('',#4966,.T.);
#5377=FACE_BOUND('',#4967,.T.);
#5378=FACE_BOUND('',#4968,.T.);
#5379=FACE_BOUND('',#4969,.T.);
#5380=FACE_BOUND('',#4970,.T.);
#5381=FACE_BOUND('',#4971,.T.);
#5382=FACE_BOUND('',#4972,.T.);
#5383=FACE_BOUND('',#4973,.T.);
#5384=FACE_BOUND('',#4974,.T.);
#5385=FACE_BOUND('',#4975,.T.);
#5386=FACE_BOUND('',#4976,.T.);
#5387=FACE_BOUND('',#4977,.T.);
#5388=FACE_BOUND('',#4978,.T.);
#5389=FACE_BOUND('',#4979,.T.);
#5390=FACE_BOUND('',#4980,.T.);
#5391=FACE_BOUND('',#4981,.T.);
#5392=FACE_BOUND('',#4982,.T.);
#5393=FACE_BOUND('',#4983,.T.);
#5394=FACE_BOUND('',#4984,.T.);
#5395=FACE_BOUND('',#4985,.T.);
#5396=FACE_BOUND('',#4986,.T.);
#5397=FACE_BOUND('',#4987,.T.);
#5398=FACE_BOUND('',#4988,.T.);
#5399=FACE_BOUND('',#4989,.T.);
#5400=FACE_BOUND('',#4990,.T.);
#5401=FACE_BOUND('',#4991,.T.);
#5402=FACE_BOUND('',#4992,.T.);
#5403=FACE_BOUND('',#4993,.T.);
#5404=FACE_BOUND('',#4994,.T.);
#5405=FACE_BOUND('',#4995,.T.);
#5406=FACE_BOUND('',#4996,.T.);
#5407=FACE_BOUND('',#4997,.T.);
#5408=FACE_BOUND('',#4998,.T.);
#5409=FACE_BOUND('',#4999,.T.);
#5410=FACE_BOUND('',#5000,.T.);
#5411=FACE_BOUND('',#5001,.T.);
#5412=FACE_BOUND('',#5002,.T.);
#5413=FACE_BOUND('',#5003,.T.);
#5414=FACE_BOUND('',#5004,.T.);
#5415=FACE_BOUND('',#5005,.T.);
#5416=FACE_BOUND('',#5006,.T.);
#5417=FACE_BOUND('',#5007,.T.);
#5418=FACE_BOUND('',#5008,.T.);
#5419=FACE_BOUND('',#5009,.T.);
#5420=FACE_BOUND('',#5010,.T.);
#5421=FACE_BOUND('',#5011,.T.);
#5422=FACE_BOUND('',#5012,.T.);
#5423=FACE_BOUND('',#5013,.T.);
#5424=FACE_BOUND('',#5014,.T.);
#5425=FACE_BOUND('',#5015,.T.);
#5426=FACE_BOUND('',#5016,.T.);
#5427=FACE_BOUND('',#5017,.T.);
#5428=FACE_BOUND('',#5018,.T.);
#5429=FACE_BOUND('',#5019,.T.);
#5430=FACE_BOUND('',#5020,.T.);
#5431=FACE_BOUND('',#5021,.T.);
#5432=FACE_BOUND('',#5022,.T.);
#5433=FACE_BOUND('',#5023,.T.);
#5434=FACE_BOUND('',#5024,.T.);
#5435=FACE_BOUND('',#5025,.T.);
#5436=FACE_BOUND('',#5026,.T.);
#5437=FACE_BOUND('',#5027,.T.);
#5438=FACE_BOUND('',#5028,.T.);
#5439=FACE_BOUND('',#5029,.T.);
#5440=FACE_BOUND('',#5030,.T.);
#5441=FACE_BOUND('',#5031,.T.);
#5442=FACE_BOUND('',#5032,.T.);
#5443=FACE_BOUND('',#5033,.T.);
#5444=FACE_BOUND('',#5034,.T.);
#5445=FACE_BOUND('',#5035,.T.);
#5446=FACE_BOUND('',#5036,.T.);
#5447=FACE_BOUND('',#5037,.T.);
#5448=FACE_BOUND('',#5038,.T.);
#5449=FACE_BOUND('',#5039,.T.);
#5450=FACE_BOUND('',#5040,.T.);
#5451=FACE_BOUND('',#5041,.T.);
#5452=FACE_BOUND('',#5042,.T.);
#5453=FACE_BOUND('',#5043,.T.);
#5454=FACE_BOUND('',#5044,.T.);
#5455=FACE_BOUND('',#5045,.T.);
#5456=FACE_BOUND('',#5046,.T.);
#5457=FACE_BOUND('',#5047,.T.);
#5458=FACE_BOUND('',#5048,.T.);
#5459=FACE_BOUND('',#5049,.T.);
#5460=FACE_BOUND('',#5050,.T.);
#5461=FACE_BOUND('',#5051,.T.);
#5462=FACE_BOUND('',#5052,.T.);
#5463=FACE_BOUND('',#5053,.T.);
#5464=FACE_BOUND('',#5054,.T.);
#5465=FACE_BOUND('',#5055,.T.);
#5466=FACE_BOUND('',#5056,.T.);
#5467=FACE_BOUND('',#5057,.T.);
#5468=FACE_BOUND('',#5058,.T.);
#5469=FACE_BOUND('',#5059,.T.);
#5470=FACE_BOUND('',#5060,.T.);
#5471=FACE_BOUND('',#5061,.T.);
#5472=FACE_BOUND('',#5062,.T.);
#5473=FACE_BOUND('',#5063,.T.);
#5474=FACE_BOUND('',#5064,.T.);
#5475=FACE_BOUND('',#5065,.T.);
#5476=FACE_BOUND('',#5066,.T.);
#5477=FACE_BOUND('',#5067,.T.);
#5478=FACE_BOUND('',#5068,.T.);
#5479=FACE_BOUND('',#5069,.T.);
#5480=FACE_BOUND('',#5070,.T.);
#5481=FACE_BOUND('',#5071,.T.);
#5482=FACE_BOUND('',#5072,.T.);
#5483=FACE_BOUND('',#5073,.T.);
#5484=FACE_BOUND('',#5074,.T.);
#5485=FACE_BOUND('',#5075,.T.);
#5486=FACE_BOUND('',#5076,.T.);
#5487=FACE_BOUND('',#5077,.T.);
#5488=FACE_BOUND('',#5078,.T.);
#5489=FACE_BOUND('',#5079,.T.);
#5490=FACE_BOUND('',#5080,.T.);
#5491=FACE_BOUND('',#5081,.T.);
#5492=FACE_BOUND('',#5082,.T.);
#5493=FACE_BOUND('',#5083,.T.);
#5494=FACE_BOUND('',#5084,.T.);
#5495=FACE_BOUND('',#5085,.T.);
#5496=FACE_BOUND('',#5086,.T.);
#5497=FACE_BOUND('',#5087,.T.);
#5498=FACE_BOUND('',#5088,.T.);
#5499=FACE_BOUND('',#5089,.T.);
#5500=FACE_BOUND('',#5090,.T.);
#5501=FACE_BOUND('',#5091,.T.);
#5502=FACE_BOUND('',#5092,.T.);
#5503=FACE_BOUND('',#5093,.T.);
#5504=FACE_BOUND('',#5094,.T.);
#5505=FACE_BOUND('',#5095,.T.);
#5506=FACE_BOUND('',#5096,.T.);
#5507=FACE_BOUND('',#5097,.T.);
#5508=FACE_BOUND('',#5098,.T.);
#5509=FACE_BOUND('',#5099,.T.);
#5510=FACE_BOUND('',#5100,.T.);
#5511=FACE_BOUND('',#5101,.T.);
#5512=FACE_BOUND('',#5102,.T.);
#5513=FACE_BOUND('',#5103,.T.);
#5514=FACE_BOUND('',#5104,.T.);
#5515=FACE_BOUND('',#5105,.T.);
#5516=FACE_BOUND('',#5106,.T.);
#5517=FACE_BOUND('',#5107,.T.);
#5518=FACE_BOUND('',#5108,.T.);
#5519=FACE_BOUND('',#5109,.T.);
#5520=FACE_BOUND('',#5110,.T.);
#5521=FACE_BOUND('',#5111,.T.);
#5522=FACE_BOUND('',#5112,.T.);
#5523=FACE_BOUND('',#5113,.T.);
#5524=FACE_BOUND('',#5114,.T.);
#5525=FACE_BOUND('',#5115,.T.);
#5526=FACE_BOUND('',#5116,.T.);
#5527=FACE_BOUND('',#5117,.T.);
#5528=FACE_BOUND('',#5118,.T.);
#5529=FACE_BOUND('',#5119,.T.);
#5530=FACE_BOUND('',#5120,.T.);
#5531=FACE_BOUND('',#5121,.T.);
#5532=FACE_BOUND('',#5122,.T.);
#5533=FACE_BOUND('',#5123,.T.);
#5534=FACE_BOUND('',#5124,.T.);
#5535=FACE_BOUND('',#5125,.T.);
#5536=FACE_BOUND('',#5126,.T.);
#5537=FACE_BOUND('',#5127,.T.);
#5538=FACE_BOUND('',#5128,.T.);
#5539=FACE_BOUND('',#5129,.T.);
#5540=FACE_BOUND('',#5130,.T.);
#5541=FACE_BOUND('',#5131,.T.);
#5542=FACE_BOUND('',#5132,.T.);
#5543=FACE_BOUND('',#5133,.T.);
#5544=FACE_BOUND('',#5134,.T.);
#5545=FACE_BOUND('',#5135,.T.);
#5546=FACE_BOUND('',#5136,.T.);
#5547=FACE_BOUND('',#5137,.T.);
#5548=FACE_BOUND('',#5138,.T.);
#5549=FACE_BOUND('',#5139,.T.);
#5550=FACE_BOUND('',#5140,.T.);
#5551=FACE_BOUND('',#5141,.T.);
#5552=FACE_BOUND('',#5142,.T.);
#5553=FACE_BOUND('',#5143,.T.);
#5554=FACE_BOUND('',#5144,.T.);
#5555=FACE_BOUND('',#5145,.T.);
#5556=FACE_BOUND('',#5146,.T.);
#5557=FACE_BOUND('',#5147,.T.);
#5558=FACE_BOUND('',#5148,.T.);
#5559=FACE_BOUND('',#5149,.T.);
#5560=FACE_BOUND('',#5150,.T.);
#5561=FACE_BOUND('',#5151,.T.);
#5562=FACE_BOUND('',#5152,.T.);
#5563=FACE_BOUND('',#5153,.T.);
#5564=FACE_BOUND('',#5154,.T.);
#5565=FACE_BOUND('',#5155,.T.);
#5566=FACE_BOUND('',#5156,.T.);
#5567=FACE_BOUND('',#5157,.T.);
#5568=FACE_BOUND('',#5158,.T.);
#5569=FACE_BOUND('',#5159,.T.);
#5570=FACE_BOUND('',#5160,.T.);
#5571=FACE_BOUND('',#5161,.T.);
#5572=FACE_BOUND('',#5162,.T.);
#5573=FACE_BOUND('',#5163,.T.);
#5574=FACE_BOUND('',#5164,.T.);
#5575=FACE_BOUND('',#5165,.T.);
#5576=FACE_BOUND('',#5166,.T.);
#5577=FACE_BOUND('',#5167,.T.);
#5578=FACE_BOUND('',#5168,.T.);
#5579=FACE_BOUND('',#5169,.T.);
#5580=FACE_BOUND('',#5170,.T.);
#5581=FACE_BOUND('',#5171,.T.);
#5582=FACE_BOUND('',#5172,.T.);
#5583=FACE_BOUND('',#5173,.T.);
#5584=FACE_BOUND('',#5174,.T.);
#5585=FACE_BOUND('',#5175,.T.);
#5586=FACE_BOUND('',#5176,.T.);
#5587=FACE_BOUND('',#5177,.T.);
#5588=FACE_BOUND('',#5178,.T.);
#5589=FACE_BOUND('',#5179,.T.);
#5590=FACE_BOUND('',#5180,.T.);
#5591=FACE_BOUND('',#5181,.T.);
#5592=FACE_BOUND('',#5182,.T.);
#5593=FACE_BOUND('',#5183,.T.);
#5594=PLANE('',#6001);
#5595=PLANE('',#6004);
#5596=PLANE('',#6019);
#5597=PLANE('',#6022);
#5598=PLANE('',#6098);
#5599=PLANE('',#6219);
#5600=PLANE('',#6238);
#5601=PLANE('',#6257);
#5602=PLANE('',#6276);
#5603=PLANE('',#6295);
#5604=PLANE('',#6314);
#5605=PLANE('',#6399);
#5606=PLANE('',#6746);
#5607=PLANE('',#6749);
#5608=PLANE('',#6750);
#5609=PLANE('',#6751);
#5610=PLANE('',#6752);
#5611=PLANE('',#6761);
#5612=PLANE('',#6762);
#5613=PLANE('',#6763);
#5614=PLANE('',#6764);
#5615=PLANE('',#6798);
#5616=PLANE('',#6802);
#5617=ADVANCED_FACE('',(#5184),#5594,.T.);
#5618=ADVANCED_FACE('',(#5185),#5595,.T.);
#5619=ADVANCED_FACE('',(#5186),#660,.T.);
#5620=ADVANCED_FACE('',(#5187),#661,.T.);
#5621=ADVANCED_FACE('',(#5188),#662,.T.);
#5622=ADVANCED_FACE('',(#5189),#663,.T.);
#5623=ADVANCED_FACE('',(#5190),#5596,.T.);
#5624=ADVANCED_FACE('',(#5191),#5597,.T.);
#5625=ADVANCED_FACE('',(#5192),#664,.T.);
#5626=ADVANCED_FACE('',(#5193),#665,.T.);
#5627=ADVANCED_FACE('',(#5194),#180,.F.);
#5628=ADVANCED_FACE('',(#5195),#181,.F.);
#5629=ADVANCED_FACE('',(#5196),#182,.F.);
#5630=ADVANCED_FACE('',(#5197),#183,.F.);
#5631=ADVANCED_FACE('',(#5198),#184,.F.);
#5632=ADVANCED_FACE('',(#5199),#185,.F.);
#5633=ADVANCED_FACE('',(#5200,#5201),#186,.F.);
#5634=ADVANCED_FACE('',(#5202),#187,.F.);
#5635=ADVANCED_FACE('',(#5203),#188,.F.);
#5636=ADVANCED_FACE('',(#5204),#189,.F.);
#5637=ADVANCED_FACE('',(#5205),#53,.F.);
#5638=ADVANCED_FACE('',(#5206),#54,.F.);
#5639=ADVANCED_FACE('',(#5207),#55,.F.);
#5640=ADVANCED_FACE('',(#5208),#56,.F.);
#5641=ADVANCED_FACE('',(#5209),#57,.F.);
#5642=ADVANCED_FACE('',(#5210),#58,.F.);
#5643=ADVANCED_FACE('',(#5211),#59,.F.);
#5644=ADVANCED_FACE('',(#5212),#60,.F.);
#5645=ADVANCED_FACE('',(#5213),#61,.F.);
#5646=ADVANCED_FACE('',(#5214),#62,.F.);
#5647=ADVANCED_FACE('',(#5215),#63,.F.);
#5648=ADVANCED_FACE('',(#5216),#190,.F.);
#5649=ADVANCED_FACE('',(#5217,#5218,#5219,#5220),#191,.T.);
#5650=ADVANCED_FACE('',(#5221,#5222,#5223,#5224,#5225,#5226,#5227,#5228,
#5229,#5230,#5231,#5232,#5233,#5234,#5235,#5236,#5237,#5238,#5239,#5240,
#5241,#5242,#5243,#5244,#5245,#5246,#5247,#5248,#5249,#5250,#5251),#5598,
 .F.);
#5651=ADVANCED_FACE('',(#5252),#666,.T.);
#5652=ADVANCED_FACE('',(#5253),#667,.T.);
#5653=ADVANCED_FACE('',(#5254),#64,.F.);
#5654=ADVANCED_FACE('',(#5255,#5256),#65,.T.);
#5655=ADVANCED_FACE('',(#5257),#5599,.T.);
#5656=ADVANCED_FACE('',(#5258),#5600,.T.);
#5657=ADVANCED_FACE('',(#5259),#5601,.T.);
#5658=ADVANCED_FACE('',(#5260),#5602,.T.);
#5659=ADVANCED_FACE('',(#5261),#5603,.T.);
#5660=ADVANCED_FACE('',(#5262),#5604,.T.);
#5661=ADVANCED_FACE('',(#5263),#192,.T.);
#5662=ADVANCED_FACE('',(#5264),#193,.T.);
#5663=ADVANCED_FACE('',(#5265),#194,.T.);
#5664=ADVANCED_FACE('',(#5266),#195,.T.);
#5665=ADVANCED_FACE('',(#5267),#196,.T.);
#5666=ADVANCED_FACE('',(#5268),#197,.T.);
#5667=ADVANCED_FACE('',(#5269),#198,.T.);
#5668=ADVANCED_FACE('',(#5270),#199,.T.);
#5669=ADVANCED_FACE('',(#5271),#200,.T.);
#5670=ADVANCED_FACE('',(#5272),#201,.T.);
#5671=ADVANCED_FACE('',(#5273),#202,.T.);
#5672=ADVANCED_FACE('',(#5274),#203,.T.);
#5673=ADVANCED_FACE('',(#5275),#66,.T.);
#5674=ADVANCED_FACE('',(#5276),#67,.T.);
#5675=ADVANCED_FACE('',(#5277),#68,.T.);
#5676=ADVANCED_FACE('',(#5278),#69,.T.);
#5677=ADVANCED_FACE('',(#5279),#70,.T.);
#5678=ADVANCED_FACE('',(#5280),#71,.T.);
#5679=ADVANCED_FACE('',(#5281),#72,.T.);
#5680=ADVANCED_FACE('',(#5282),#73,.T.);
#5681=ADVANCED_FACE('',(#5283),#74,.T.);
#5682=ADVANCED_FACE('',(#5284),#75,.T.);
#5683=ADVANCED_FACE('',(#5285),#76,.T.);
#5684=ADVANCED_FACE('',(#5286),#77,.T.);
#5685=ADVANCED_FACE('',(#5287),#204,.T.);
#5686=ADVANCED_FACE('',(#5288),#205,.T.);
#5687=ADVANCED_FACE('',(#5289),#206,.T.);
#5688=ADVANCED_FACE('',(#5290),#207,.T.);
#5689=ADVANCED_FACE('',(#5291),#208,.T.);
#5690=ADVANCED_FACE('',(#5292),#209,.T.);
#5691=ADVANCED_FACE('',(#5293,#5294),#5605,.T.);
#5692=ADVANCED_FACE('',(#5295),#668,.T.);
#5693=ADVANCED_FACE('',(#5296),#669,.T.);
#5694=ADVANCED_FACE('',(#5297),#670,.T.);
#5695=ADVANCED_FACE('',(#5298),#671,.T.);
#5696=ADVANCED_FACE('',(#5299),#672,.T.);
#5697=ADVANCED_FACE('',(#5300),#673,.T.);
#5698=ADVANCED_FACE('',(#5301),#78,.T.);
#5699=ADVANCED_FACE('',(#5302),#79,.T.);
#5700=ADVANCED_FACE('',(#5303),#80,.T.);
#5701=ADVANCED_FACE('',(#5304),#81,.T.);
#5702=ADVANCED_FACE('',(#5305),#82,.T.);
#5703=ADVANCED_FACE('',(#5306),#83,.T.);
#5704=ADVANCED_FACE('',(#5307,#5308),#210,.T.);
#5705=ADVANCED_FACE('',(#5309),#674,.T.);
#5706=ADVANCED_FACE('',(#5310),#675,.T.);
#5707=ADVANCED_FACE('',(#5311),#676,.T.);
#5708=ADVANCED_FACE('',(#5312),#677,.T.);
#5709=ADVANCED_FACE('',(#5313),#678,.T.);
#5710=ADVANCED_FACE('',(#5314),#679,.T.);
#5711=ADVANCED_FACE('',(#5315),#680,.T.);
#5712=ADVANCED_FACE('',(#5316),#681,.T.);
#5713=ADVANCED_FACE('',(#5317),#682,.T.);
#5714=ADVANCED_FACE('',(#5318),#683,.T.);
#5715=ADVANCED_FACE('',(#5319),#684,.T.);
#5716=ADVANCED_FACE('',(#5320),#685,.T.);
#5717=ADVANCED_FACE('',(#5321),#686,.T.);
#5718=ADVANCED_FACE('',(#5322),#687,.T.);
#5719=ADVANCED_FACE('',(#5323),#688,.T.);
#5720=ADVANCED_FACE('',(#5324),#689,.T.);
#5721=ADVANCED_FACE('',(#5325),#690,.T.);
#5722=ADVANCED_FACE('',(#5326),#691,.T.);
#5723=ADVANCED_FACE('',(#5327),#692,.T.);
#5724=ADVANCED_FACE('',(#5328),#693,.T.);
#5725=ADVANCED_FACE('',(#5329),#694,.T.);
#5726=ADVANCED_FACE('',(#5330),#695,.T.);
#5727=ADVANCED_FACE('',(#5331),#696,.T.);
#5728=ADVANCED_FACE('',(#5332),#697,.T.);
#5729=ADVANCED_FACE('',(#5333),#698,.T.);
#5730=ADVANCED_FACE('',(#5334),#699,.T.);
#5731=ADVANCED_FACE('',(#5335),#700,.T.);
#5732=ADVANCED_FACE('',(#5336),#701,.T.);
#5733=ADVANCED_FACE('',(#5337),#702,.T.);
#5734=ADVANCED_FACE('',(#5338),#703,.T.);
#5735=ADVANCED_FACE('',(#5339),#704,.T.);
#5736=ADVANCED_FACE('',(#5340),#705,.T.);
#5737=ADVANCED_FACE('',(#5341),#706,.T.);
#5738=ADVANCED_FACE('',(#5342),#707,.T.);
#5739=ADVANCED_FACE('',(#5343),#708,.T.);
#5740=ADVANCED_FACE('',(#5344),#709,.T.);
#5741=ADVANCED_FACE('',(#5345),#710,.T.);
#5742=ADVANCED_FACE('',(#5346),#711,.T.);
#5743=ADVANCED_FACE('',(#5347),#712,.T.);
#5744=ADVANCED_FACE('',(#5348),#713,.T.);
#5745=ADVANCED_FACE('',(#5349),#714,.T.);
#5746=ADVANCED_FACE('',(#5350),#715,.T.);
#5747=ADVANCED_FACE('',(#5351),#716,.T.);
#5748=ADVANCED_FACE('',(#5352),#717,.T.);
#5749=ADVANCED_FACE('',(#5353),#718,.T.);
#5750=ADVANCED_FACE('',(#5354),#719,.T.);
#5751=ADVANCED_FACE('',(#5355),#720,.T.);
#5752=ADVANCED_FACE('',(#5356),#721,.T.);
#5753=ADVANCED_FACE('',(#5357),#722,.T.);
#5754=ADVANCED_FACE('',(#5358),#723,.T.);
#5755=ADVANCED_FACE('',(#5359),#724,.T.);
#5756=ADVANCED_FACE('',(#5360),#725,.T.);
#5757=ADVANCED_FACE('',(#5361),#726,.T.);
#5758=ADVANCED_FACE('',(#5362),#727,.T.);
#5759=ADVANCED_FACE('',(#5363),#728,.T.);
#5760=ADVANCED_FACE('',(#5364),#729,.T.);
#5761=ADVANCED_FACE('',(#5365),#730,.T.);
#5762=ADVANCED_FACE('',(#5366),#731,.T.);
#5763=ADVANCED_FACE('',(#5367),#732,.T.);
#5764=ADVANCED_FACE('',(#5368),#733,.T.);
#5765=ADVANCED_FACE('',(#5369),#734,.T.);
#5766=ADVANCED_FACE('',(#5370),#735,.T.);
#5767=ADVANCED_FACE('',(#5371),#736,.T.);
#5768=ADVANCED_FACE('',(#5372),#737,.T.);
#5769=ADVANCED_FACE('',(#5373),#738,.T.);
#5770=ADVANCED_FACE('',(#5374),#739,.T.);
#5771=ADVANCED_FACE('',(#5375),#740,.T.);
#5772=ADVANCED_FACE('',(#5376),#741,.T.);
#5773=ADVANCED_FACE('',(#5377),#742,.T.);
#5774=ADVANCED_FACE('',(#5378),#743,.T.);
#5775=ADVANCED_FACE('',(#5379),#744,.T.);
#5776=ADVANCED_FACE('',(#5380),#745,.T.);
#5777=ADVANCED_FACE('',(#5381),#746,.T.);
#5778=ADVANCED_FACE('',(#5382),#747,.T.);
#5779=ADVANCED_FACE('',(#5383),#748,.T.);
#5780=ADVANCED_FACE('',(#5384),#749,.T.);
#5781=ADVANCED_FACE('',(#5385),#750,.T.);
#5782=ADVANCED_FACE('',(#5386),#751,.T.);
#5783=ADVANCED_FACE('',(#5387),#752,.T.);
#5784=ADVANCED_FACE('',(#5388),#753,.T.);
#5785=ADVANCED_FACE('',(#5389),#754,.T.);
#5786=ADVANCED_FACE('',(#5390),#755,.T.);
#5787=ADVANCED_FACE('',(#5391),#756,.T.);
#5788=ADVANCED_FACE('',(#5392),#757,.T.);
#5789=ADVANCED_FACE('',(#5393),#758,.T.);
#5790=ADVANCED_FACE('',(#5394),#759,.T.);
#5791=ADVANCED_FACE('',(#5395),#760,.T.);
#5792=ADVANCED_FACE('',(#5396),#761,.T.);
#5793=ADVANCED_FACE('',(#5397),#762,.T.);
#5794=ADVANCED_FACE('',(#5398),#763,.T.);
#5795=ADVANCED_FACE('',(#5399),#764,.T.);
#5796=ADVANCED_FACE('',(#5400),#765,.T.);
#5797=ADVANCED_FACE('',(#5401),#766,.T.);
#5798=ADVANCED_FACE('',(#5402),#767,.T.);
#5799=ADVANCED_FACE('',(#5403),#768,.T.);
#5800=ADVANCED_FACE('',(#5404),#769,.T.);
#5801=ADVANCED_FACE('',(#5405),#84,.F.);
#5802=ADVANCED_FACE('',(#5406),#85,.F.);
#5803=ADVANCED_FACE('',(#5407),#86,.F.);
#5804=ADVANCED_FACE('',(#5408),#87,.F.);
#5805=ADVANCED_FACE('',(#5409),#88,.F.);
#5806=ADVANCED_FACE('',(#5410),#89,.T.);
#5807=ADVANCED_FACE('',(#5411),#90,.F.);
#5808=ADVANCED_FACE('',(#5412),#91,.F.);
#5809=ADVANCED_FACE('',(#5413),#92,.F.);
#5810=ADVANCED_FACE('',(#5414),#93,.F.);
#5811=ADVANCED_FACE('',(#5415),#94,.F.);
#5812=ADVANCED_FACE('',(#5416),#95,.T.);
#5813=ADVANCED_FACE('',(#5417),#96,.F.);
#5814=ADVANCED_FACE('',(#5418),#97,.F.);
#5815=ADVANCED_FACE('',(#5419),#98,.T.);
#5816=ADVANCED_FACE('',(#5420),#99,.F.);
#5817=ADVANCED_FACE('',(#5421),#100,.F.);
#5818=ADVANCED_FACE('',(#5422),#101,.F.);
#5819=ADVANCED_FACE('',(#5423),#102,.F.);
#5820=ADVANCED_FACE('',(#5424),#103,.F.);
#5821=ADVANCED_FACE('',(#5425),#104,.T.);
#5822=ADVANCED_FACE('',(#5426),#105,.F.);
#5823=ADVANCED_FACE('',(#5427),#106,.F.);
#5824=ADVANCED_FACE('',(#5428),#107,.F.);
#5825=ADVANCED_FACE('',(#5429),#108,.F.);
#5826=ADVANCED_FACE('',(#5430),#109,.F.);
#5827=ADVANCED_FACE('',(#5431),#110,.F.);
#5828=ADVANCED_FACE('',(#5432),#111,.F.);
#5829=ADVANCED_FACE('',(#5433),#112,.F.);
#5830=ADVANCED_FACE('',(#5434),#113,.T.);
#5831=ADVANCED_FACE('',(#5435),#114,.F.);
#5832=ADVANCED_FACE('',(#5436),#115,.F.);
#5833=ADVANCED_FACE('',(#5437),#116,.T.);
#5834=ADVANCED_FACE('',(#5438),#117,.F.);
#5835=ADVANCED_FACE('',(#5439),#118,.F.);
#5836=ADVANCED_FACE('',(#5440),#119,.F.);
#5837=ADVANCED_FACE('',(#5441),#120,.T.);
#5838=ADVANCED_FACE('',(#5442),#121,.T.);
#5839=ADVANCED_FACE('',(#5443),#122,.T.);
#5840=ADVANCED_FACE('',(#5444),#123,.F.);
#5841=ADVANCED_FACE('',(#5445),#124,.F.);
#5842=ADVANCED_FACE('',(#5446),#125,.T.);
#5843=ADVANCED_FACE('',(#5447),#126,.T.);
#5844=ADVANCED_FACE('',(#5448),#127,.T.);
#5845=ADVANCED_FACE('',(#5449),#128,.T.);
#5846=ADVANCED_FACE('',(#5450),#129,.F.);
#5847=ADVANCED_FACE('',(#5451),#130,.F.);
#5848=ADVANCED_FACE('',(#5452),#131,.T.);
#5849=ADVANCED_FACE('',(#5453),#132,.T.);
#5850=ADVANCED_FACE('',(#5454),#133,.T.);
#5851=ADVANCED_FACE('',(#5455),#134,.T.);
#5852=ADVANCED_FACE('',(#5456),#135,.T.);
#5853=ADVANCED_FACE('',(#5457),#136,.T.);
#5854=ADVANCED_FACE('',(#5458),#137,.F.);
#5855=ADVANCED_FACE('',(#5459),#138,.F.);
#5856=ADVANCED_FACE('',(#5460),#139,.T.);
#5857=ADVANCED_FACE('',(#5461),#140,.T.);
#5858=ADVANCED_FACE('',(#5462),#141,.T.);
#5859=ADVANCED_FACE('',(#5463),#142,.T.);
#5860=ADVANCED_FACE('',(#5464),#143,.F.);
#5861=ADVANCED_FACE('',(#5465),#144,.F.);
#5862=ADVANCED_FACE('',(#5466),#145,.T.);
#5863=ADVANCED_FACE('',(#5467),#146,.T.);
#5864=ADVANCED_FACE('',(#5468),#147,.T.);
#5865=ADVANCED_FACE('',(#5469),#148,.T.);
#5866=ADVANCED_FACE('',(#5470),#149,.T.);
#5867=ADVANCED_FACE('',(#5471),#150,.T.);
#5868=ADVANCED_FACE('',(#5472),#151,.F.);
#5869=ADVANCED_FACE('',(#5473),#152,.F.);
#5870=ADVANCED_FACE('',(#5474),#153,.T.);
#5871=ADVANCED_FACE('',(#5475),#154,.T.);
#5872=ADVANCED_FACE('',(#5476),#155,.T.);
#5873=ADVANCED_FACE('',(#5477),#156,.T.);
#5874=ADVANCED_FACE('',(#5478),#157,.F.);
#5875=ADVANCED_FACE('',(#5479),#158,.F.);
#5876=ADVANCED_FACE('',(#5480),#159,.T.);
#5877=ADVANCED_FACE('',(#5481),#160,.T.);
#5878=ADVANCED_FACE('',(#5482),#161,.T.);
#5879=ADVANCED_FACE('',(#5483),#162,.F.);
#5880=ADVANCED_FACE('',(#5484),#163,.T.);
#5881=ADVANCED_FACE('',(#5485),#164,.T.);
#5882=ADVANCED_FACE('',(#5486),#165,.T.);
#5883=ADVANCED_FACE('',(#5487),#166,.T.);
#5884=ADVANCED_FACE('',(#5488),#167,.F.);
#5885=ADVANCED_FACE('',(#5489),#168,.F.);
#5886=ADVANCED_FACE('',(#5490),#169,.T.);
#5887=ADVANCED_FACE('',(#5491),#170,.T.);
#5888=ADVANCED_FACE('',(#5492),#171,.T.);
#5889=ADVANCED_FACE('',(#5493),#172,.T.);
#5890=ADVANCED_FACE('',(#5494),#173,.F.);
#5891=ADVANCED_FACE('',(#5495),#174,.F.);
#5892=ADVANCED_FACE('',(#5496),#175,.T.);
#5893=ADVANCED_FACE('',(#5497),#176,.T.);
#5894=ADVANCED_FACE('',(#5498),#177,.T.);
#5895=ADVANCED_FACE('',(#5499),#178,.T.);
#5896=ADVANCED_FACE('',(#5500),#179,.F.);
#5897=ADVANCED_FACE('',(#5501),#770,.T.);
#5898=ADVANCED_FACE('',(#5502),#771,.T.);
#5899=ADVANCED_FACE('',(#5503),#772,.T.);
#5900=ADVANCED_FACE('',(#5504),#773,.T.);
#5901=ADVANCED_FACE('',(#5505),#774,.T.);
#5902=ADVANCED_FACE('',(#5506),#775,.T.);
#5903=ADVANCED_FACE('',(#5507),#776,.T.);
#5904=ADVANCED_FACE('',(#5508),#777,.T.);
#5905=ADVANCED_FACE('',(#5509),#778,.T.);
#5906=ADVANCED_FACE('',(#5510),#779,.T.);
#5907=ADVANCED_FACE('',(#5511),#780,.T.);
#5908=ADVANCED_FACE('',(#5512),#781,.T.);
#5909=ADVANCED_FACE('',(#5513),#5606,.T.);
#5910=ADVANCED_FACE('',(#5514,#5515),#782,.T.);
#5911=ADVANCED_FACE('',(#5516),#5607,.T.);
#5912=ADVANCED_FACE('',(#5517),#5608,.F.);
#5913=ADVANCED_FACE('',(#5518),#45,.T.);
#5914=ADVANCED_FACE('',(#5519),#46,.T.);
#5915=ADVANCED_FACE('',(#5520),#5609,.F.);
#5916=ADVANCED_FACE('',(#5521),#5610,.T.);
#5917=ADVANCED_FACE('',(#5522),#47,.F.);
#5918=ADVANCED_FACE('',(#5523),#48,.F.);
#5919=ADVANCED_FACE('',(#5524),#211,.T.);
#5920=ADVANCED_FACE('',(#5525),#212,.T.);
#5921=ADVANCED_FACE('',(#5526),#13,.T.);
#5922=ADVANCED_FACE('',(#5527),#14,.T.);
#5923=ADVANCED_FACE('',(#5528),#15,.T.);
#5924=ADVANCED_FACE('',(#5529),#16,.T.);
#5925=ADVANCED_FACE('',(#5530),#213,.T.);
#5926=ADVANCED_FACE('',(#5531),#214,.T.);
#5927=ADVANCED_FACE('',(#5532),#215,.T.);
#5928=ADVANCED_FACE('',(#5533),#216,.T.);
#5929=ADVANCED_FACE('',(#5534),#17,.T.);
#5930=ADVANCED_FACE('',(#5535),#18,.T.);
#5931=ADVANCED_FACE('',(#5536),#19,.T.);
#5932=ADVANCED_FACE('',(#5537),#20,.T.);
#5933=ADVANCED_FACE('',(#5538),#217,.T.);
#5934=ADVANCED_FACE('',(#5539),#218,.T.);
#5935=ADVANCED_FACE('',(#5540),#5611,.F.);
#5936=ADVANCED_FACE('',(#5541),#5612,.T.);
#5937=ADVANCED_FACE('',(#5542),#49,.T.);
#5938=ADVANCED_FACE('',(#5543),#50,.T.);
#5939=ADVANCED_FACE('',(#5544),#5613,.T.);
#5940=ADVANCED_FACE('',(#5545),#5614,.F.);
#5941=ADVANCED_FACE('',(#5546),#51,.F.);
#5942=ADVANCED_FACE('',(#5547),#52,.F.);
#5943=ADVANCED_FACE('',(#5548),#219,.T.);
#5944=ADVANCED_FACE('',(#5549),#21,.T.);
#5945=ADVANCED_FACE('',(#5550),#22,.T.);
#5946=ADVANCED_FACE('',(#5551),#220,.T.);
#5947=ADVANCED_FACE('',(#5552),#221,.T.);
#5948=ADVANCED_FACE('',(#5553),#23,.T.);
#5949=ADVANCED_FACE('',(#5554),#24,.T.);
#5950=ADVANCED_FACE('',(#5555),#222,.T.);
#5951=ADVANCED_FACE('',(#5556),#223,.T.);
#5952=ADVANCED_FACE('',(#5557),#25,.T.);
#5953=ADVANCED_FACE('',(#5558),#26,.T.);
#5954=ADVANCED_FACE('',(#5559),#224,.T.);
#5955=ADVANCED_FACE('',(#5560),#225,.T.);
#5956=ADVANCED_FACE('',(#5561),#27,.T.);
#5957=ADVANCED_FACE('',(#5562),#28,.T.);
#5958=ADVANCED_FACE('',(#5563),#226,.T.);
#5959=ADVANCED_FACE('',(#5564,#5565),#783,.F.);
#5960=ADVANCED_FACE('',(#5566),#29,.F.);
#5961=ADVANCED_FACE('',(#5567),#227,.F.);
#5962=ADVANCED_FACE('',(#5568),#30,.F.);
#5963=ADVANCED_FACE('',(#5569),#31,.F.);
#5964=ADVANCED_FACE('',(#5570),#228,.F.);
#5965=ADVANCED_FACE('',(#5571),#32,.F.);
#5966=ADVANCED_FACE('',(#5572),#33,.F.);
#5967=ADVANCED_FACE('',(#5573),#229,.F.);
#5968=ADVANCED_FACE('',(#5574),#34,.F.);
#5969=ADVANCED_FACE('',(#5575),#35,.F.);
#5970=ADVANCED_FACE('',(#5576),#230,.F.);
#5971=ADVANCED_FACE('',(#5577),#36,.F.);
#5972=ADVANCED_FACE('',(#5578),#37,.F.);
#5973=ADVANCED_FACE('',(#5579),#231,.F.);
#5974=ADVANCED_FACE('',(#5580),#38,.F.);
#5975=ADVANCED_FACE('',(#5581),#39,.F.);
#5976=ADVANCED_FACE('',(#5582),#232,.F.);
#5977=ADVANCED_FACE('',(#5583),#40,.F.);
#5978=ADVANCED_FACE('',(#5584),#41,.F.);
#5979=ADVANCED_FACE('',(#5585),#233,.F.);
#5980=ADVANCED_FACE('',(#5586),#42,.F.);
#5981=ADVANCED_FACE('',(#5587),#43,.F.);
#5982=ADVANCED_FACE('',(#5588),#234,.F.);
#5983=ADVANCED_FACE('',(#5589),#44,.F.);
#5984=ADVANCED_FACE('',(#5590),#5615,.T.);
#5985=ADVANCED_FACE('',(#5591,#5592),#235,.F.);
#5986=ADVANCED_FACE('',(#5593),#5616,.F.);
#5987=CLOSED_SHELL('',(#5617,#5618,#5619,#5620,#5621,#5622,#5623,#5624,
#5625,#5626,#5627,#5628,#5629,#5630,#5631,#5632,#5633,#5634,#5635,#5636,
#5637,#5638,#5639,#5640,#5641,#5642,#5643,#5644,#5645,#5646,#5647,#5648,
#5649,#5650,#5651,#5652,#5653,#5654,#5655,#5656,#5657,#5658,#5659,#5660,
#5661,#5662,#5663,#5664,#5665,#5666,#5667,#5668,#5669,#5670,#5671,#5672,
#5673,#5674,#5675,#5676,#5677,#5678,#5679,#5680,#5681,#5682,#5683,#5684,
#5685,#5686,#5687,#5688,#5689,#5690,#5691,#5692,#5693,#5694,#5695,#5696,
#5697,#5698,#5699,#5700,#5701,#5702,#5703,#5704,#5705,#5706,#5707,#5708,
#5709,#5710,#5711,#5712,#5713,#5714,#5715,#5716,#5717,#5718,#5719,#5720,
#5721,#5722,#5723,#5724,#5725,#5726,#5727,#5728,#5729,#5730,#5731,#5732,
#5733,#5734,#5735,#5736,#5737,#5738,#5739,#5740,#5741,#5742,#5743,#5744,
#5745,#5746,#5747,#5748,#5749,#5750,#5751,#5752,#5753,#5754,#5755,#5756,
#5757,#5758,#5759,#5760,#5761,#5762,#5763,#5764,#5765,#5766,#5767,#5768,
#5769,#5770,#5771,#5772,#5773,#5774,#5775,#5776,#5777,#5778,#5779,#5780,
#5781,#5782,#5783,#5784,#5785,#5786,#5787,#5788,#5789,#5790,#5791,#5792,
#5793,#5794,#5795,#5796,#5797,#5798,#5799,#5800,#5801,#5802,#5803,#5804,
#5805,#5806,#5807,#5808,#5809,#5810,#5811,#5812,#5813,#5814,#5815,#5816,
#5817,#5818,#5819,#5820,#5821,#5822,#5823,#5824,#5825,#5826,#5827,#5828,
#5829,#5830,#5831,#5832,#5833,#5834,#5835,#5836,#5837,#5838,#5839,#5840,
#5841,#5842,#5843,#5844,#5845,#5846,#5847,#5848,#5849,#5850,#5851,#5852,
#5853,#5854,#5855,#5856,#5857,#5858,#5859,#5860,#5861,#5862,#5863,#5864,
#5865,#5866,#5867,#5868,#5869,#5870,#5871,#5872,#5873,#5874,#5875,#5876,
#5877,#5878,#5879,#5880,#5881,#5882,#5883,#5884,#5885,#5886,#5887,#5888,
#5889,#5890,#5891,#5892,#5893,#5894,#5895,#5896,#5897,#5898,#5899,#5900,
#5901,#5902,#5903,#5904,#5905,#5906,#5907,#5908,#5909,#5910,#5911,#5912,
#5913,#5914,#5915,#5916,#5917,#5918,#5919,#5920,#5921,#5922,#5923,#5924,
#5925,#5926,#5927,#5928,#5929,#5930,#5931,#5932,#5933,#5934,#5935,#5936,
#5937,#5938,#5939,#5940,#5941,#5942,#5943,#5944,#5945,#5946,#5947,#5948,
#5949,#5950,#5951,#5952,#5953,#5954,#5955,#5956,#5957,#5958,#5959,#5960,
#5961,#5962,#5963,#5964,#5965,#5966,#5967,#5968,#5969,#5970,#5971,#5972,
#5973,#5974,#5975,#5976,#5977,#5978,#5979,#5980,#5981,#5982,#5983));
#5988=CLOSED_SHELL('',(#5984,#5985,#5986));
#5989=STYLED_ITEM('',(#5990),#5997);
#5990=PRESENTATION_STYLE_ASSIGNMENT((#5991));
#5991=SURFACE_STYLE_USAGE(.BOTH.,#5992);
#5992=SURFACE_SIDE_STYLE('',(#5993));
#5993=SURFACE_STYLE_FILL_AREA(#5994);
#5994=FILL_AREA_STYLE('',(#5995));
#5995=FILL_AREA_STYLE_COLOUR('',#5996);
#5996=COLOUR_RGB('',0.615686274509804,0.811764705882353,0.929411764705882);
#5997=BREP_WITH_VOIDS('base',#5987,(#12));
#5998=SHAPE_DEFINITION_REPRESENTATION(#13413,#5999);
#5999=SHAPE_REPRESENTATION('base',(#6000),#13408);
#6000=AXIS2_PLACEMENT_3D('',#8463,#6803,#6804);
#6001=AXIS2_PLACEMENT_3D('',#8464,#6805,#6806);
#6002=AXIS2_PLACEMENT_3D('',#8465,#6807,#6808);
#6003=AXIS2_PLACEMENT_3D('',#8470,#6810,#6811);
#6004=AXIS2_PLACEMENT_3D('',#8473,#6813,#6814);
#6005=AXIS2_PLACEMENT_3D('',#8474,#6815,#6816);
#6006=AXIS2_PLACEMENT_3D('',#8479,#6818,#6819);
#6007=AXIS2_PLACEMENT_3D('',#8482,#6821,#6822);
#6008=AXIS2_PLACEMENT_3D('',#8483,#6823,#6824);
#6009=AXIS2_PLACEMENT_3D('',#8502,#6825,#6826);
#6010=AXIS2_PLACEMENT_3D('',#8503,#6827,#6828);
#6011=AXIS2_PLACEMENT_3D('',#8522,#6829,#6830);
#6012=AXIS2_PLACEMENT_3D('',#8532,#6831,#6832);
#6013=AXIS2_PLACEMENT_3D('',#8534,#6833,#6834);
#6014=AXIS2_PLACEMENT_3D('',#8536,#6835,#6836);
#6015=AXIS2_PLACEMENT_3D('',#8538,#6837,#6838);
#6016=AXIS2_PLACEMENT_3D('',#8540,#6839,#6840);
#6017=AXIS2_PLACEMENT_3D('',#8550,#6841,#6842);
#6018=AXIS2_PLACEMENT_3D('',#8560,#6843,#6844);
#6019=AXIS2_PLACEMENT_3D('',#8570,#6845,#6846);
#6020=AXIS2_PLACEMENT_3D('',#8571,#6847,#6848);
#6021=AXIS2_PLACEMENT_3D('',#8576,#6850,#6851);
#6022=AXIS2_PLACEMENT_3D('',#8579,#6853,#6854);
#6023=AXIS2_PLACEMENT_3D('',#8580,#6855,#6856);
#6024=AXIS2_PLACEMENT_3D('',#8585,#6858,#6859);
#6025=AXIS2_PLACEMENT_3D('',#8588,#6861,#6862);
#6026=AXIS2_PLACEMENT_3D('',#8598,#6863,#6864);
#6027=AXIS2_PLACEMENT_3D('',#8608,#6865,#6866);
#6028=AXIS2_PLACEMENT_3D('',#8609,#6867,#6868);
#6029=AXIS2_PLACEMENT_3D('',#8629,#6869,#6870);
#6030=AXIS2_PLACEMENT_3D('',#8631,#6871,#6872);
#6031=AXIS2_PLACEMENT_3D('',#8633,#6873,#6874);
#6032=AXIS2_PLACEMENT_3D('',#8635,#6875,#6876);
#6033=AXIS2_PLACEMENT_3D('',#8637,#6877,#6878);
#6034=AXIS2_PLACEMENT_3D('',#8639,#6879,#6880);
#6035=AXIS2_PLACEMENT_3D('',#8641,#6881,#6882);
#6036=AXIS2_PLACEMENT_3D('',#8643,#6883,#6884);
#6037=AXIS2_PLACEMENT_3D('',#8645,#6885,#6886);
#6038=AXIS2_PLACEMENT_3D('',#8647,#6887,#6888);
#6039=AXIS2_PLACEMENT_3D('',#8649,#6889,#6890);
#6040=AXIS2_PLACEMENT_3D('',#8651,#6891,#6892);
#6041=AXIS2_PLACEMENT_3D('',#8653,#6893,#6894);
#6042=AXIS2_PLACEMENT_3D('',#8655,#6895,#6896);
#6043=AXIS2_PLACEMENT_3D('',#8657,#6897,#6898);
#6044=AXIS2_PLACEMENT_3D('',#8659,#6899,#6900);
#6045=AXIS2_PLACEMENT_3D('',#8661,#6901,#6902);
#6046=AXIS2_PLACEMENT_3D('',#8663,#6903,#6904);
#6047=AXIS2_PLACEMENT_3D('',#8665,#6905,#6906);
#6048=AXIS2_PLACEMENT_3D('',#8667,#6907,#6908);
#6049=AXIS2_PLACEMENT_3D('',#8668,#6909,#6910);
#6050=AXIS2_PLACEMENT_3D('',#8677,#6911,#6912);
#6051=AXIS2_PLACEMENT_3D('',#8686,#6913,#6914);
#6052=AXIS2_PLACEMENT_3D('',#8703,#6915,#6916);
#6053=AXIS2_PLACEMENT_3D('',#8704,#6917,#6918);
#6054=AXIS2_PLACEMENT_3D('',#8723,#6919,#6920);
#6055=AXIS2_PLACEMENT_3D('',#8724,#6921,#6922);
#6056=AXIS2_PLACEMENT_3D('',#8733,#6923,#6924);
#6057=AXIS2_PLACEMENT_3D('',#8742,#6925,#6926);
#6058=AXIS2_PLACEMENT_3D('',#8759,#6927,#6928);
#6059=AXIS2_PLACEMENT_3D('',#8760,#6929,#6930);
#6060=AXIS2_PLACEMENT_3D('',#8779,#6931,#6932);
#6061=AXIS2_PLACEMENT_3D('',#8780,#6933,#6934);
#6062=AXIS2_PLACEMENT_3D('',#8784,#6936,#6937);
#6063=AXIS2_PLACEMENT_3D('',#8882,#6943,#6944);
#6064=AXIS2_PLACEMENT_3D('',#8936,#6947,#6948);
#6065=AXIS2_PLACEMENT_3D('',#8946,#6949,#6950);
#6066=AXIS2_PLACEMENT_3D('',#8955,#6951,#6952);
#6067=AXIS2_PLACEMENT_3D('',#8964,#6953,#6954);
#6068=AXIS2_PLACEMENT_3D('',#8981,#6955,#6956);
#6069=AXIS2_PLACEMENT_3D('',#8982,#6957,#6958);
#6070=AXIS2_PLACEMENT_3D('',#9001,#6959,#6960);
#6071=AXIS2_PLACEMENT_3D('',#9002,#6961,#6962);
#6072=AXIS2_PLACEMENT_3D('',#9008,#6963,#6964);
#6073=AXIS2_PLACEMENT_3D('',#9014,#6965,#6966);
#6074=AXIS2_PLACEMENT_3D('',#9025,#6967,#6968);
#6075=AXIS2_PLACEMENT_3D('',#9026,#6969,#6970);
#6076=AXIS2_PLACEMENT_3D('',#9032,#6971,#6972);
#6077=AXIS2_PLACEMENT_3D('',#9038,#6973,#6974);
#6078=AXIS2_PLACEMENT_3D('',#9049,#6975,#6976);
#6079=AXIS2_PLACEMENT_3D('',#9050,#6977,#6978);
#6080=AXIS2_PLACEMENT_3D('',#9056,#6979,#6980);
#6081=AXIS2_PLACEMENT_3D('',#9062,#6981,#6982);
#6082=AXIS2_PLACEMENT_3D('',#9073,#6983,#6984);
#6083=AXIS2_PLACEMENT_3D('',#9074,#6985,#6986);
#6084=AXIS2_PLACEMENT_3D('',#9080,#6987,#6988);
#6085=AXIS2_PLACEMENT_3D('',#9086,#6989,#6990);
#6086=AXIS2_PLACEMENT_3D('',#9097,#6991,#6992);
#6087=AXIS2_PLACEMENT_3D('',#9098,#6993,#6994);
#6088=AXIS2_PLACEMENT_3D('',#9109,#6995,#6996);
#6089=AXIS2_PLACEMENT_3D('',#9110,#6997,#6998);
#6090=AXIS2_PLACEMENT_3D('',#9121,#6999,#7000);
#6091=AXIS2_PLACEMENT_3D('',#9122,#7001,#7002);
#6092=AXIS2_PLACEMENT_3D('',#9128,#7003,#7004);
#6093=AXIS2_PLACEMENT_3D('',#9134,#7005,#7006);
#6094=AXIS2_PLACEMENT_3D('',#9144,#7007,#7008);
#6095=AXIS2_PLACEMENT_3D('',#9154,#7009,#7010);
#6096=AXIS2_PLACEMENT_3D('',#9180,#7013,#7014);
#6097=AXIS2_PLACEMENT_3D('',#9245,#7019,#7020);
#6098=AXIS2_PLACEMENT_3D('',#9279,#7023,#7024);
#6099=AXIS2_PLACEMENT_3D('',#9280,#7025,#7026);
#6100=AXIS2_PLACEMENT_3D('',#9282,#7027,#7028);
#6101=AXIS2_PLACEMENT_3D('',#9284,#7029,#7030);
#6102=AXIS2_PLACEMENT_3D('',#9286,#7031,#7032);
#6103=AXIS2_PLACEMENT_3D('',#9288,#7033,#7034);
#6104=AXIS2_PLACEMENT_3D('',#9289,#7035,#7036);
#6105=AXIS2_PLACEMENT_3D('',#9291,#7037,#7038);
#6106=AXIS2_PLACEMENT_3D('',#9293,#7039,#7040);
#6107=AXIS2_PLACEMENT_3D('',#9295,#7041,#7042);
#6108=AXIS2_PLACEMENT_3D('',#9297,#7043,#7044);
#6109=AXIS2_PLACEMENT_3D('',#9299,#7045,#7046);
#6110=AXIS2_PLACEMENT_3D('',#9300,#7047,#7048);
#6111=AXIS2_PLACEMENT_3D('',#9302,#7049,#7050);
#6112=AXIS2_PLACEMENT_3D('',#9303,#7051,#7052);
#6113=AXIS2_PLACEMENT_3D('',#9305,#7053,#7054);
#6114=AXIS2_PLACEMENT_3D('',#9306,#7055,#7056);
#6115=AXIS2_PLACEMENT_3D('',#9308,#7057,#7058);
#6116=AXIS2_PLACEMENT_3D('',#9310,#7059,#7060);
#6117=AXIS2_PLACEMENT_3D('',#9312,#7061,#7062);
#6118=AXIS2_PLACEMENT_3D('',#9314,#7063,#7064);
#6119=AXIS2_PLACEMENT_3D('',#9315,#7065,#7066);
#6120=AXIS2_PLACEMENT_3D('',#9317,#7067,#7068);
#6121=AXIS2_PLACEMENT_3D('',#9318,#7069,#7070);
#6122=AXIS2_PLACEMENT_3D('',#9320,#7071,#7072);
#6123=AXIS2_PLACEMENT_3D('',#9322,#7073,#7074);
#6124=AXIS2_PLACEMENT_3D('',#9324,#7075,#7076);
#6125=AXIS2_PLACEMENT_3D('',#9326,#7077,#7078);
#6126=AXIS2_PLACEMENT_3D('',#9327,#7079,#7080);
#6127=AXIS2_PLACEMENT_3D('',#9329,#7081,#7082);
#6128=AXIS2_PLACEMENT_3D('',#9330,#7083,#7084);
#6129=AXIS2_PLACEMENT_3D('',#9332,#7085,#7086);
#6130=AXIS2_PLACEMENT_3D('',#9334,#7087,#7088);
#6131=AXIS2_PLACEMENT_3D('',#9336,#7089,#7090);
#6132=AXIS2_PLACEMENT_3D('',#9338,#7091,#7092);
#6133=AXIS2_PLACEMENT_3D('',#9339,#7093,#7094);
#6134=AXIS2_PLACEMENT_3D('',#9341,#7095,#7096);
#6135=AXIS2_PLACEMENT_3D('',#9342,#7097,#7098);
#6136=AXIS2_PLACEMENT_3D('',#9345,#7099,#7100);
#6137=AXIS2_PLACEMENT_3D('',#9347,#7101,#7102);
#6138=AXIS2_PLACEMENT_3D('',#9349,#7103,#7104);
#6139=AXIS2_PLACEMENT_3D('',#9351,#7105,#7106);
#6140=AXIS2_PLACEMENT_3D('',#9353,#7107,#7108);
#6141=AXIS2_PLACEMENT_3D('',#9354,#7109,#7110);
#6142=AXIS2_PLACEMENT_3D('',#9356,#7111,#7112);
#6143=AXIS2_PLACEMENT_3D('',#9357,#7113,#7114);
#6144=AXIS2_PLACEMENT_3D('',#9360,#7115,#7116);
#6145=AXIS2_PLACEMENT_3D('',#9362,#7117,#7118);
#6146=AXIS2_PLACEMENT_3D('',#9364,#7119,#7120);
#6147=AXIS2_PLACEMENT_3D('',#9365,#7121,#7122);
#6148=AXIS2_PLACEMENT_3D('',#9368,#7123,#7124);
#6149=AXIS2_PLACEMENT_3D('',#9370,#7125,#7126);
#6150=AXIS2_PLACEMENT_3D('',#9372,#7127,#7128);
#6151=AXIS2_PLACEMENT_3D('',#9374,#7129,#7130);
#6152=AXIS2_PLACEMENT_3D('',#9375,#7131,#7132);
#6153=AXIS2_PLACEMENT_3D('',#9378,#7133,#7134);
#6154=AXIS2_PLACEMENT_3D('',#9380,#7135,#7136);
#6155=AXIS2_PLACEMENT_3D('',#9382,#7137,#7138);
#6156=AXIS2_PLACEMENT_3D('',#9383,#7139,#7140);
#6157=AXIS2_PLACEMENT_3D('',#9386,#7141,#7142);
#6158=AXIS2_PLACEMENT_3D('',#9388,#7143,#7144);
#6159=AXIS2_PLACEMENT_3D('',#9390,#7145,#7146);
#6160=AXIS2_PLACEMENT_3D('',#9392,#7147,#7148);
#6161=AXIS2_PLACEMENT_3D('',#9393,#7149,#7150);
#6162=AXIS2_PLACEMENT_3D('',#9396,#7151,#7152);
#6163=AXIS2_PLACEMENT_3D('',#9398,#7153,#7154);
#6164=AXIS2_PLACEMENT_3D('',#9400,#7155,#7156);
#6165=AXIS2_PLACEMENT_3D('',#9401,#7157,#7158);
#6166=AXIS2_PLACEMENT_3D('',#9404,#7159,#7160);
#6167=AXIS2_PLACEMENT_3D('',#9406,#7161,#7162);
#6168=AXIS2_PLACEMENT_3D('',#9408,#7163,#7164);
#6169=AXIS2_PLACEMENT_3D('',#9410,#7165,#7166);
#6170=AXIS2_PLACEMENT_3D('',#9411,#7167,#7168);
#6171=AXIS2_PLACEMENT_3D('',#9414,#7169,#7170);
#6172=AXIS2_PLACEMENT_3D('',#9416,#7171,#7172);
#6173=AXIS2_PLACEMENT_3D('',#9418,#7173,#7174);
#6174=AXIS2_PLACEMENT_3D('',#9419,#7175,#7176);
#6175=AXIS2_PLACEMENT_3D('',#9422,#7177,#7178);
#6176=AXIS2_PLACEMENT_3D('',#9424,#7179,#7180);
#6177=AXIS2_PLACEMENT_3D('',#9426,#7181,#7182);
#6178=AXIS2_PLACEMENT_3D('',#9428,#7183,#7184);
#6179=AXIS2_PLACEMENT_3D('',#9429,#7185,#7186);
#6180=AXIS2_PLACEMENT_3D('',#9432,#7187,#7188);
#6181=AXIS2_PLACEMENT_3D('',#9434,#7189,#7190);
#6182=AXIS2_PLACEMENT_3D('',#9436,#7191,#7192);
#6183=AXIS2_PLACEMENT_3D('',#9437,#7193,#7194);
#6184=AXIS2_PLACEMENT_3D('',#9440,#7195,#7196);
#6185=AXIS2_PLACEMENT_3D('',#9442,#7197,#7198);
#6186=AXIS2_PLACEMENT_3D('',#9444,#7199,#7200);
#6187=AXIS2_PLACEMENT_3D('',#9446,#7201,#7202);
#6188=AXIS2_PLACEMENT_3D('',#9447,#7203,#7204);
#6189=AXIS2_PLACEMENT_3D('',#9450,#7205,#7206);
#6190=AXIS2_PLACEMENT_3D('',#9452,#7207,#7208);
#6191=AXIS2_PLACEMENT_3D('',#9454,#7209,#7210);
#6192=AXIS2_PLACEMENT_3D('',#9455,#7211,#7212);
#6193=AXIS2_PLACEMENT_3D('',#9458,#7213,#7214);
#6194=AXIS2_PLACEMENT_3D('',#9460,#7215,#7216);
#6195=AXIS2_PLACEMENT_3D('',#9462,#7217,#7218);
#6196=AXIS2_PLACEMENT_3D('',#9464,#7219,#7220);
#6197=AXIS2_PLACEMENT_3D('',#9465,#7221,#7222);
#6198=AXIS2_PLACEMENT_3D('',#9468,#7223,#7224);
#6199=AXIS2_PLACEMENT_3D('',#9470,#7225,#7226);
#6200=AXIS2_PLACEMENT_3D('',#9471,#7227,#7228);
#6201=AXIS2_PLACEMENT_3D('',#9474,#7229,#7230);
#6202=AXIS2_PLACEMENT_3D('',#9476,#7231,#7232);
#6203=AXIS2_PLACEMENT_3D('',#9477,#7233,#7234);
#6204=AXIS2_PLACEMENT_3D('',#9480,#7235,#7236);
#6205=AXIS2_PLACEMENT_3D('',#9482,#7237,#7238);
#6206=AXIS2_PLACEMENT_3D('',#9483,#7239,#7240);
#6207=AXIS2_PLACEMENT_3D('',#9486,#7241,#7242);
#6208=AXIS2_PLACEMENT_3D('',#9488,#7243,#7244);
#6209=AXIS2_PLACEMENT_3D('',#9489,#7245,#7246);
#6210=AXIS2_PLACEMENT_3D('',#9492,#7247,#7248);
#6211=AXIS2_PLACEMENT_3D('',#9494,#7249,#7250);
#6212=AXIS2_PLACEMENT_3D('',#9495,#7251,#7252);
#6213=AXIS2_PLACEMENT_3D('',#9498,#7253,#7254);
#6214=AXIS2_PLACEMENT_3D('',#9500,#7255,#7256);
#6215=AXIS2_PLACEMENT_3D('',#9501,#7257,#7258);
#6216=AXIS2_PLACEMENT_3D('',#9518,#7259,#7260);
#6217=AXIS2_PLACEMENT_3D('',#9535,#7261,#7262);
#6218=AXIS2_PLACEMENT_3D('',#9544,#7263,#7264);
#6219=AXIS2_PLACEMENT_3D('',#9545,#7265,#7266);
#6220=AXIS2_PLACEMENT_3D('',#9546,#7267,#7268);
#6221=AXIS2_PLACEMENT_3D('',#9548,#7269,#7270);
#6222=AXIS2_PLACEMENT_3D('',#9550,#7271,#7272);
#6223=AXIS2_PLACEMENT_3D('',#9551,#7273,#7274);
#6224=AXIS2_PLACEMENT_3D('',#9553,#7275,#7276);
#6225=AXIS2_PLACEMENT_3D('',#9555,#7277,#7278);
#6226=AXIS2_PLACEMENT_3D('',#9557,#7279,#7280);
#6227=AXIS2_PLACEMENT_3D('',#9559,#7281,#7282);
#6228=AXIS2_PLACEMENT_3D('',#9561,#7283,#7284);
#6229=AXIS2_PLACEMENT_3D('',#9563,#7285,#7286);
#6230=AXIS2_PLACEMENT_3D('',#9565,#7287,#7288);
#6231=AXIS2_PLACEMENT_3D('',#9567,#7289,#7290);
#6232=AXIS2_PLACEMENT_3D('',#9569,#7291,#7292);
#6233=AXIS2_PLACEMENT_3D('',#9571,#7293,#7294);
#6234=AXIS2_PLACEMENT_3D('',#9573,#7295,#7296);
#6235=AXIS2_PLACEMENT_3D('',#9575,#7297,#7298);
#6236=AXIS2_PLACEMENT_3D('',#9577,#7299,#7300);
#6237=AXIS2_PLACEMENT_3D('',#9579,#7301,#7302);
#6238=AXIS2_PLACEMENT_3D('',#9580,#7303,#7304);
#6239=AXIS2_PLACEMENT_3D('',#9581,#7305,#7306);
#6240=AXIS2_PLACEMENT_3D('',#9583,#7307,#7308);
#6241=AXIS2_PLACEMENT_3D('',#9585,#7309,#7310);
#6242=AXIS2_PLACEMENT_3D('',#9586,#7311,#7312);
#6243=AXIS2_PLACEMENT_3D('',#9588,#7313,#7314);
#6244=AXIS2_PLACEMENT_3D('',#9590,#7315,#7316);
#6245=AXIS2_PLACEMENT_3D('',#9592,#7317,#7318);
#6246=AXIS2_PLACEMENT_3D('',#9594,#7319,#7320);
#6247=AXIS2_PLACEMENT_3D('',#9596,#7321,#7322);
#6248=AXIS2_PLACEMENT_3D('',#9598,#7323,#7324);
#6249=AXIS2_PLACEMENT_3D('',#9600,#7325,#7326);
#6250=AXIS2_PLACEMENT_3D('',#9602,#7327,#7328);
#6251=AXIS2_PLACEMENT_3D('',#9604,#7329,#7330);
#6252=AXIS2_PLACEMENT_3D('',#9606,#7331,#7332);
#6253=AXIS2_PLACEMENT_3D('',#9608,#7333,#7334);
#6254=AXIS2_PLACEMENT_3D('',#9610,#7335,#7336);
#6255=AXIS2_PLACEMENT_3D('',#9612,#7337,#7338);
#6256=AXIS2_PLACEMENT_3D('',#9614,#7339,#7340);
#6257=AXIS2_PLACEMENT_3D('',#9615,#7341,#7342);
#6258=AXIS2_PLACEMENT_3D('',#9616,#7343,#7344);
#6259=AXIS2_PLACEMENT_3D('',#9618,#7345,#7346);
#6260=AXIS2_PLACEMENT_3D('',#9620,#7347,#7348);
#6261=AXIS2_PLACEMENT_3D('',#9621,#7349,#7350);
#6262=AXIS2_PLACEMENT_3D('',#9623,#7351,#7352);
#6263=AXIS2_PLACEMENT_3D('',#9625,#7353,#7354);
#6264=AXIS2_PLACEMENT_3D('',#9627,#7355,#7356);
#6265=AXIS2_PLACEMENT_3D('',#9629,#7357,#7358);
#6266=AXIS2_PLACEMENT_3D('',#9631,#7359,#7360);
#6267=AXIS2_PLACEMENT_3D('',#9633,#7361,#7362);
#6268=AXIS2_PLACEMENT_3D('',#9635,#7363,#7364);
#6269=AXIS2_PLACEMENT_3D('',#9637,#7365,#7366);
#6270=AXIS2_PLACEMENT_3D('',#9639,#7367,#7368);
#6271=AXIS2_PLACEMENT_3D('',#9641,#7369,#7370);
#6272=AXIS2_PLACEMENT_3D('',#9643,#7371,#7372);
#6273=AXIS2_PLACEMENT_3D('',#9645,#7373,#7374);
#6274=AXIS2_PLACEMENT_3D('',#9647,#7375,#7376);
#6275=AXIS2_PLACEMENT_3D('',#9649,#7377,#7378);
#6276=AXIS2_PLACEMENT_3D('',#9650,#7379,#7380);
#6277=AXIS2_PLACEMENT_3D('',#9651,#7381,#7382);
#6278=AXIS2_PLACEMENT_3D('',#9653,#7383,#7384);
#6279=AXIS2_PLACEMENT_3D('',#9655,#7385,#7386);
#6280=AXIS2_PLACEMENT_3D('',#9656,#7387,#7388);
#6281=AXIS2_PLACEMENT_3D('',#9658,#7389,#7390);
#6282=AXIS2_PLACEMENT_3D('',#9660,#7391,#7392);
#6283=AXIS2_PLACEMENT_3D('',#9662,#7393,#7394);
#6284=AXIS2_PLACEMENT_3D('',#9664,#7395,#7396);
#6285=AXIS2_PLACEMENT_3D('',#9666,#7397,#7398);
#6286=AXIS2_PLACEMENT_3D('',#9668,#7399,#7400);
#6287=AXIS2_PLACEMENT_3D('',#9670,#7401,#7402);
#6288=AXIS2_PLACEMENT_3D('',#9672,#7403,#7404);
#6289=AXIS2_PLACEMENT_3D('',#9674,#7405,#7406);
#6290=AXIS2_PLACEMENT_3D('',#9676,#7407,#7408);
#6291=AXIS2_PLACEMENT_3D('',#9678,#7409,#7410);
#6292=AXIS2_PLACEMENT_3D('',#9680,#7411,#7412);
#6293=AXIS2_PLACEMENT_3D('',#9682,#7413,#7414);
#6294=AXIS2_PLACEMENT_3D('',#9684,#7415,#7416);
#6295=AXIS2_PLACEMENT_3D('',#9685,#7417,#7418);
#6296=AXIS2_PLACEMENT_3D('',#9686,#7419,#7420);
#6297=AXIS2_PLACEMENT_3D('',#9688,#7421,#7422);
#6298=AXIS2_PLACEMENT_3D('',#9690,#7423,#7424);
#6299=AXIS2_PLACEMENT_3D('',#9691,#7425,#7426);
#6300=AXIS2_PLACEMENT_3D('',#9693,#7427,#7428);
#6301=AXIS2_PLACEMENT_3D('',#9695,#7429,#7430);
#6302=AXIS2_PLACEMENT_3D('',#9697,#7431,#7432);
#6303=AXIS2_PLACEMENT_3D('',#9699,#7433,#7434);
#6304=AXIS2_PLACEMENT_3D('',#9701,#7435,#7436);
#6305=AXIS2_PLACEMENT_3D('',#9703,#7437,#7438);
#6306=AXIS2_PLACEMENT_3D('',#9705,#7439,#7440);
#6307=AXIS2_PLACEMENT_3D('',#9707,#7441,#7442);
#6308=AXIS2_PLACEMENT_3D('',#9709,#7443,#7444);
#6309=AXIS2_PLACEMENT_3D('',#9711,#7445,#7446);
#6310=AXIS2_PLACEMENT_3D('',#9713,#7447,#7448);
#6311=AXIS2_PLACEMENT_3D('',#9715,#7449,#7450);
#6312=AXIS2_PLACEMENT_3D('',#9717,#7451,#7452);
#6313=AXIS2_PLACEMENT_3D('',#9719,#7453,#7454);
#6314=AXIS2_PLACEMENT_3D('',#9720,#7455,#7456);
#6315=AXIS2_PLACEMENT_3D('',#9721,#7457,#7458);
#6316=AXIS2_PLACEMENT_3D('',#9723,#7459,#7460);
#6317=AXIS2_PLACEMENT_3D('',#9725,#7461,#7462);
#6318=AXIS2_PLACEMENT_3D('',#9726,#7463,#7464);
#6319=AXIS2_PLACEMENT_3D('',#9728,#7465,#7466);
#6320=AXIS2_PLACEMENT_3D('',#9730,#7467,#7468);
#6321=AXIS2_PLACEMENT_3D('',#9732,#7469,#7470);
#6322=AXIS2_PLACEMENT_3D('',#9734,#7471,#7472);
#6323=AXIS2_PLACEMENT_3D('',#9736,#7473,#7474);
#6324=AXIS2_PLACEMENT_3D('',#9738,#7475,#7476);
#6325=AXIS2_PLACEMENT_3D('',#9740,#7477,#7478);
#6326=AXIS2_PLACEMENT_3D('',#9742,#7479,#7480);
#6327=AXIS2_PLACEMENT_3D('',#9744,#7481,#7482);
#6328=AXIS2_PLACEMENT_3D('',#9746,#7483,#7484);
#6329=AXIS2_PLACEMENT_3D('',#9748,#7485,#7486);
#6330=AXIS2_PLACEMENT_3D('',#9750,#7487,#7488);
#6331=AXIS2_PLACEMENT_3D('',#9752,#7489,#7490);
#6332=AXIS2_PLACEMENT_3D('',#9754,#7491,#7492);
#6333=AXIS2_PLACEMENT_3D('',#9755,#7493,#7494);
#6334=AXIS2_PLACEMENT_3D('',#9756,#7495,#7496);
#6335=AXIS2_PLACEMENT_3D('',#9764,#7497,#7498);
#6336=AXIS2_PLACEMENT_3D('',#9767,#7500,#7501);
#6337=AXIS2_PLACEMENT_3D('',#9768,#7502,#7503);
#6338=AXIS2_PLACEMENT_3D('',#9776,#7504,#7505);
#6339=AXIS2_PLACEMENT_3D('',#9779,#7507,#7508);
#6340=AXIS2_PLACEMENT_3D('',#9786,#7509,#7510);
#6341=AXIS2_PLACEMENT_3D('',#9790,#7512,#7513);
#6342=AXIS2_PLACEMENT_3D('',#9791,#7514,#7515);
#6343=AXIS2_PLACEMENT_3D('',#9798,#7516,#7517);
#6344=AXIS2_PLACEMENT_3D('',#9799,#7518,#7519);
#6345=AXIS2_PLACEMENT_3D('',#9800,#7520,#7521);
#6346=AXIS2_PLACEMENT_3D('',#9807,#7522,#7523);
#6347=AXIS2_PLACEMENT_3D('',#9811,#7525,#7526);
#6348=AXIS2_PLACEMENT_3D('',#9812,#7527,#7528);
#6349=AXIS2_PLACEMENT_3D('',#9819,#7529,#7530);
#6350=AXIS2_PLACEMENT_3D('',#9820,#7531,#7532);
#6351=AXIS2_PLACEMENT_3D('',#9821,#7533,#7534);
#6352=AXIS2_PLACEMENT_3D('',#9822,#7535,#7536);
#6353=AXIS2_PLACEMENT_3D('',#9830,#7537,#7538);
#6354=AXIS2_PLACEMENT_3D('',#9833,#7540,#7541);
#6355=AXIS2_PLACEMENT_3D('',#9834,#7542,#7543);
#6356=AXIS2_PLACEMENT_3D('',#9841,#7544,#7545);
#6357=AXIS2_PLACEMENT_3D('',#9842,#7546,#7547);
#6358=AXIS2_PLACEMENT_3D('',#9843,#7548,#7549);
#6359=AXIS2_PLACEMENT_3D('',#9851,#7550,#7551);
#6360=AXIS2_PLACEMENT_3D('',#9857,#7552,#7553);
#6361=AXIS2_PLACEMENT_3D('',#9858,#7554,#7555);
#6362=AXIS2_PLACEMENT_3D('',#9866,#7556,#7557);
#6363=AXIS2_PLACEMENT_3D('',#9869,#7559,#7560);
#6364=AXIS2_PLACEMENT_3D('',#9870,#7561,#7562);
#6365=AXIS2_PLACEMENT_3D('',#9877,#7563,#7564);
#6366=AXIS2_PLACEMENT_3D('',#9878,#7565,#7566);
#6367=AXIS2_PLACEMENT_3D('',#9879,#7567,#7568);
#6368=AXIS2_PLACEMENT_3D('',#9886,#7569,#7570);
#6369=AXIS2_PLACEMENT_3D('',#9887,#7571,#7572);
#6370=AXIS2_PLACEMENT_3D('',#9898,#7573,#7574);
#6371=AXIS2_PLACEMENT_3D('',#9899,#7575,#7576);
#6372=AXIS2_PLACEMENT_3D('',#9908,#7577,#7578);
#6373=AXIS2_PLACEMENT_3D('',#9917,#7579,#7580);
#6374=AXIS2_PLACEMENT_3D('',#9926,#7581,#7582);
#6375=AXIS2_PLACEMENT_3D('',#9937,#7583,#7584);
#6376=AXIS2_PLACEMENT_3D('',#9938,#7585,#7586);
#6377=AXIS2_PLACEMENT_3D('',#9947,#7587,#7588);
#6378=AXIS2_PLACEMENT_3D('',#9958,#7589,#7590);
#6379=AXIS2_PLACEMENT_3D('',#9959,#7591,#7592);
#6380=AXIS2_PLACEMENT_3D('',#9968,#7593,#7594);
#6381=AXIS2_PLACEMENT_3D('',#9979,#7595,#7596);
#6382=AXIS2_PLACEMENT_3D('',#9980,#7597,#7598);
#6383=AXIS2_PLACEMENT_3D('',#9989,#7599,#7600);
#6384=AXIS2_PLACEMENT_3D('',#10000,#7601,#7602);
#6385=AXIS2_PLACEMENT_3D('',#10001,#7603,#7604);
#6386=AXIS2_PLACEMENT_3D('',#10006,#7605,#7606);
#6387=AXIS2_PLACEMENT_3D('',#10012,#7607,#7608);
#6388=AXIS2_PLACEMENT_3D('',#10018,#7609,#7610);
#6389=AXIS2_PLACEMENT_3D('',#10024,#7611,#7612);
#6390=AXIS2_PLACEMENT_3D('',#10030,#7613,#7614);
#6391=AXIS2_PLACEMENT_3D('',#10036,#7615,#7616);
#6392=AXIS2_PLACEMENT_3D('',#10042,#7617,#7618);
#6393=AXIS2_PLACEMENT_3D('',#10048,#7619,#7620);
#6394=AXIS2_PLACEMENT_3D('',#10054,#7621,#7622);
#6395=AXIS2_PLACEMENT_3D('',#10055,#7623,#7624);
#6396=AXIS2_PLACEMENT_3D('',#10062,#7625,#7626);
#6397=AXIS2_PLACEMENT_3D('',#10063,#7627,#7628);
#6398=AXIS2_PLACEMENT_3D('',#10069,#7629,#7630);
#6399=AXIS2_PLACEMENT_3D('',#10075,#7631,#7632);
#6400=AXIS2_PLACEMENT_3D('',#10076,#7633,#7634);
#6401=AXIS2_PLACEMENT_3D('',#10078,#7635,#7636);
#6402=AXIS2_PLACEMENT_3D('',#10081,#7637,#7638);
#6403=AXIS2_PLACEMENT_3D('',#10083,#7639,#7640);
#6404=AXIS2_PLACEMENT_3D('',#10085,#7641,#7642);
#6405=AXIS2_PLACEMENT_3D('',#10087,#7643,#7644);
#6406=AXIS2_PLACEMENT_3D('',#10089,#7645,#7646);
#6407=AXIS2_PLACEMENT_3D('',#10090,#7647,#7648);
#6408=AXIS2_PLACEMENT_3D('',#10101,#7649,#7650);
#6409=AXIS2_PLACEMENT_3D('',#10107,#7651,#7652);
#6410=AXIS2_PLACEMENT_3D('',#10113,#7653,#7654);
#6411=AXIS2_PLACEMENT_3D('',#10119,#7655,#7656);
#6412=AXIS2_PLACEMENT_3D('',#10125,#7657,#7658);
#6413=AXIS2_PLACEMENT_3D('',#10126,#7659,#7660);
#6414=AXIS2_PLACEMENT_3D('',#10135,#7661,#7662);
#6415=AXIS2_PLACEMENT_3D('',#10140,#7663,#7664);
#6416=AXIS2_PLACEMENT_3D('',#10145,#7665,#7666);
#6417=AXIS2_PLACEMENT_3D('',#10150,#7667,#7668);
#6418=AXIS2_PLACEMENT_3D('',#10155,#7669,#7670);
#6419=AXIS2_PLACEMENT_3D('',#10160,#7671,#7672);
#6420=AXIS2_PLACEMENT_3D('',#10161,#7673,#7674);
#6421=AXIS2_PLACEMENT_3D('',#10163,#7675,#7676);
#6422=AXIS2_PLACEMENT_3D('',#10165,#7677,#7678);
#6423=AXIS2_PLACEMENT_3D('',#10166,#7679,#7680);
#6424=AXIS2_PLACEMENT_3D('',#10188,#7681,#7682);
#6425=AXIS2_PLACEMENT_3D('',#10205,#7683,#7684);
#6426=AXIS2_PLACEMENT_3D('',#10206,#7685,#7686);
#6427=AXIS2_PLACEMENT_3D('',#10228,#7687,#7688);
#6428=AXIS2_PLACEMENT_3D('',#10245,#7689,#7690);
#6429=AXIS2_PLACEMENT_3D('',#10246,#7691,#7692);
#6430=AXIS2_PLACEMENT_3D('',#10268,#7693,#7694);
#6431=AXIS2_PLACEMENT_3D('',#10285,#7695,#7696);
#6432=AXIS2_PLACEMENT_3D('',#10286,#7697,#7698);
#6433=AXIS2_PLACEMENT_3D('',#10308,#7699,#7700);
#6434=AXIS2_PLACEMENT_3D('',#10325,#7701,#7702);
#6435=AXIS2_PLACEMENT_3D('',#10326,#7703,#7704);
#6436=AXIS2_PLACEMENT_3D('',#10348,#7705,#7706);
#6437=AXIS2_PLACEMENT_3D('',#10365,#7707,#7708);
#6438=AXIS2_PLACEMENT_3D('',#10366,#7709,#7710);
#6439=AXIS2_PLACEMENT_3D('',#10388,#7711,#7712);
#6440=AXIS2_PLACEMENT_3D('',#10405,#7713,#7714);
#6441=AXIS2_PLACEMENT_3D('',#10406,#7715,#7716);
#6442=AXIS2_PLACEMENT_3D('',#10428,#7717,#7718);
#6443=AXIS2_PLACEMENT_3D('',#10445,#7719,#7720);
#6444=AXIS2_PLACEMENT_3D('',#10446,#7721,#7722);
#6445=AXIS2_PLACEMENT_3D('',#10468,#7723,#7724);
#6446=AXIS2_PLACEMENT_3D('',#10485,#7725,#7726);
#6447=AXIS2_PLACEMENT_3D('',#10486,#7727,#7728);
#6448=AXIS2_PLACEMENT_3D('',#10492,#7729,#7730);
#6449=AXIS2_PLACEMENT_3D('',#10514,#7731,#7732);
#6450=AXIS2_PLACEMENT_3D('',#10519,#7733,#7734);
#6451=AXIS2_PLACEMENT_3D('',#10520,#7735,#7736);
#6452=AXIS2_PLACEMENT_3D('',#10521,#7737,#7738);
#6453=AXIS2_PLACEMENT_3D('',#10522,#7739,#7740);
#6454=AXIS2_PLACEMENT_3D('',#10523,#7741,#7742);
#6455=AXIS2_PLACEMENT_3D('',#10524,#7743,#7744);
#6456=AXIS2_PLACEMENT_3D('',#10525,#7745,#7746);
#6457=AXIS2_PLACEMENT_3D('',#10526,#7747,#7748);
#6458=AXIS2_PLACEMENT_3D('',#10527,#7749,#7750);
#6459=AXIS2_PLACEMENT_3D('',#10535,#7751,#7752);
#6460=AXIS2_PLACEMENT_3D('',#10536,#7753,#7754);
#6461=AXIS2_PLACEMENT_3D('',#10544,#7755,#7756);
#6462=AXIS2_PLACEMENT_3D('',#10545,#7757,#7758);
#6463=AXIS2_PLACEMENT_3D('',#10553,#7759,#7760);
#6464=AXIS2_PLACEMENT_3D('',#10554,#7761,#7762);
#6465=AXIS2_PLACEMENT_3D('',#10555,#7763,#7764);
#6466=AXIS2_PLACEMENT_3D('',#10556,#7765,#7766);
#6467=AXIS2_PLACEMENT_3D('',#10557,#7767,#7768);
#6468=AXIS2_PLACEMENT_3D('',#10558,#7769,#7770);
#6469=AXIS2_PLACEMENT_3D('',#10566,#7771,#7772);
#6470=AXIS2_PLACEMENT_3D('',#10567,#7773,#7774);
#6471=AXIS2_PLACEMENT_3D('',#10589,#7775,#7776);
#6472=AXIS2_PLACEMENT_3D('',#10599,#7777,#7778);
#6473=AXIS2_PLACEMENT_3D('',#10606,#7779,#7780);
#6474=AXIS2_PLACEMENT_3D('',#10607,#7781,#7782);
#6475=AXIS2_PLACEMENT_3D('',#10608,#7783,#7784);
#6476=AXIS2_PLACEMENT_3D('',#10609,#7785,#7786);
#6477=AXIS2_PLACEMENT_3D('',#10610,#7787,#7788);
#6478=AXIS2_PLACEMENT_3D('',#10611,#7789,#7790);
#6479=AXIS2_PLACEMENT_3D('',#10612,#7791,#7792);
#6480=AXIS2_PLACEMENT_3D('',#10620,#7793,#7794);
#6481=AXIS2_PLACEMENT_3D('',#10621,#7795,#7796);
#6482=AXIS2_PLACEMENT_3D('',#10629,#7797,#7798);
#6483=AXIS2_PLACEMENT_3D('',#10630,#7799,#7800);
#6484=AXIS2_PLACEMENT_3D('',#10638,#7801,#7802);
#6485=AXIS2_PLACEMENT_3D('',#10648,#7803,#7804);
#6486=AXIS2_PLACEMENT_3D('',#10649,#7805,#7806);
#6487=AXIS2_PLACEMENT_3D('',#10658,#7807,#7808);
#6488=AXIS2_PLACEMENT_3D('',#10659,#7809,#7810);
#6489=AXIS2_PLACEMENT_3D('',#10660,#7811,#7812);
#6490=AXIS2_PLACEMENT_3D('',#10661,#7813,#7814);
#6491=AXIS2_PLACEMENT_3D('',#10669,#7815,#7816);
#6492=AXIS2_PLACEMENT_3D('',#10670,#7817,#7818);
#6493=AXIS2_PLACEMENT_3D('',#10671,#7819,#7820);
#6494=AXIS2_PLACEMENT_3D('',#10672,#7821,#7822);
#6495=AXIS2_PLACEMENT_3D('',#10673,#7823,#7824);
#6496=AXIS2_PLACEMENT_3D('',#10674,#7825,#7826);
#6497=AXIS2_PLACEMENT_3D('',#10682,#7827,#7828);
#6498=AXIS2_PLACEMENT_3D('',#10688,#7829,#7830);
#6499=AXIS2_PLACEMENT_3D('',#10710,#7831,#7832);
#6500=AXIS2_PLACEMENT_3D('',#10715,#7833,#7834);
#6501=AXIS2_PLACEMENT_3D('',#10716,#7835,#7836);
#6502=AXIS2_PLACEMENT_3D('',#10717,#7837,#7838);
#6503=AXIS2_PLACEMENT_3D('',#10725,#7839,#7840);
#6504=AXIS2_PLACEMENT_3D('',#10726,#7841,#7842);
#6505=AXIS2_PLACEMENT_3D('',#10727,#7843,#7844);
#6506=AXIS2_PLACEMENT_3D('',#10734,#7845,#7846);
#6507=AXIS2_PLACEMENT_3D('',#10735,#7847,#7848);
#6508=AXIS2_PLACEMENT_3D('',#10736,#7849,#7850);
#6509=AXIS2_PLACEMENT_3D('',#10752,#7851,#7852);
#6510=AXIS2_PLACEMENT_3D('',#10762,#7853,#7854);
#6511=AXIS2_PLACEMENT_3D('',#10769,#7855,#7856);
#6512=AXIS2_PLACEMENT_3D('',#10770,#7857,#7858);
#6513=AXIS2_PLACEMENT_3D('',#10771,#7859,#7860);
#6514=AXIS2_PLACEMENT_3D('',#10772,#7861,#7862);
#6515=AXIS2_PLACEMENT_3D('',#10773,#7863,#7864);
#6516=AXIS2_PLACEMENT_3D('',#10774,#7865,#7866);
#6517=AXIS2_PLACEMENT_3D('',#10775,#7867,#7868);
#6518=AXIS2_PLACEMENT_3D('',#10776,#7869,#7870);
#6519=AXIS2_PLACEMENT_3D('',#10777,#7871,#7872);
#6520=AXIS2_PLACEMENT_3D('',#10778,#7873,#7874);
#6521=AXIS2_PLACEMENT_3D('',#10786,#7875,#7876);
#6522=AXIS2_PLACEMENT_3D('',#10787,#7877,#7878);
#6523=AXIS2_PLACEMENT_3D('',#10795,#7879,#7880);
#6524=AXIS2_PLACEMENT_3D('',#10796,#7881,#7882);
#6525=AXIS2_PLACEMENT_3D('',#10804,#7883,#7884);
#6526=AXIS2_PLACEMENT_3D('',#10814,#7885,#7886);
#6527=AXIS2_PLACEMENT_3D('',#10815,#7887,#7888);
#6528=AXIS2_PLACEMENT_3D('',#10824,#7889,#7890);
#6529=AXIS2_PLACEMENT_3D('',#10825,#7891,#7892);
#6530=AXIS2_PLACEMENT_3D('',#10826,#7893,#7894);
#6531=AXIS2_PLACEMENT_3D('',#10827,#7895,#7896);
#6532=AXIS2_PLACEMENT_3D('',#10835,#7897,#7898);
#6533=AXIS2_PLACEMENT_3D('',#10836,#7899,#7900);
#6534=AXIS2_PLACEMENT_3D('',#10837,#7901,#7902);
#6535=AXIS2_PLACEMENT_3D('',#10838,#7903,#7904);
#6536=AXIS2_PLACEMENT_3D('',#10839,#7905,#7906);
#6537=AXIS2_PLACEMENT_3D('',#10840,#7907,#7908);
#6538=AXIS2_PLACEMENT_3D('',#10841,#7909,#7910);
#6539=AXIS2_PLACEMENT_3D('',#10847,#7911,#7912);
#6540=AXIS2_PLACEMENT_3D('',#10869,#7913,#7914);
#6541=AXIS2_PLACEMENT_3D('',#10874,#7915,#7916);
#6542=AXIS2_PLACEMENT_3D('',#10875,#7917,#7918);
#6543=AXIS2_PLACEMENT_3D('',#10876,#7919,#7920);
#6544=AXIS2_PLACEMENT_3D('',#10884,#7921,#7922);
#6545=AXIS2_PLACEMENT_3D('',#10885,#7923,#7924);
#6546=AXIS2_PLACEMENT_3D('',#10886,#7925,#7926);
#6547=AXIS2_PLACEMENT_3D('',#10893,#7927,#7928);
#6548=AXIS2_PLACEMENT_3D('',#10894,#7929,#7930);
#6549=AXIS2_PLACEMENT_3D('',#10895,#7931,#7932);
#6550=AXIS2_PLACEMENT_3D('',#10911,#7933,#7934);
#6551=AXIS2_PLACEMENT_3D('',#10921,#7935,#7936);
#6552=AXIS2_PLACEMENT_3D('',#10922,#7937,#7938);
#6553=AXIS2_PLACEMENT_3D('',#10923,#7939,#7940);
#6554=AXIS2_PLACEMENT_3D('',#10924,#7941,#7942);
#6555=AXIS2_PLACEMENT_3D('',#10925,#7943,#7944);
#6556=AXIS2_PLACEMENT_3D('',#10926,#7945,#7946);
#6557=AXIS2_PLACEMENT_3D('',#10927,#7947,#7948);
#6558=AXIS2_PLACEMENT_3D('',#10928,#7949,#7950);
#6559=AXIS2_PLACEMENT_3D('',#10929,#7951,#7952);
#6560=AXIS2_PLACEMENT_3D('',#10930,#7953,#7954);
#6561=AXIS2_PLACEMENT_3D('',#10931,#7955,#7956);
#6562=AXIS2_PLACEMENT_3D('',#10939,#7957,#7958);
#6563=AXIS2_PLACEMENT_3D('',#10940,#7959,#7960);
#6564=AXIS2_PLACEMENT_3D('',#10941,#7961,#7962);
#6565=AXIS2_PLACEMENT_3D('',#10942,#7963,#7964);
#6566=AXIS2_PLACEMENT_3D('',#10943,#7965,#7966);
#6567=AXIS2_PLACEMENT_3D('',#10944,#7967,#7968);
#6568=AXIS2_PLACEMENT_3D('',#10950,#7969,#7970);
#6569=AXIS2_PLACEMENT_3D('',#10972,#7971,#7972);
#6570=AXIS2_PLACEMENT_3D('',#10977,#7973,#7974);
#6571=AXIS2_PLACEMENT_3D('',#10978,#7975,#7976);
#6572=AXIS2_PLACEMENT_3D('',#10979,#7977,#7978);
#6573=AXIS2_PLACEMENT_3D('',#10980,#7979,#7980);
#6574=AXIS2_PLACEMENT_3D('',#10981,#7981,#7982);
#6575=AXIS2_PLACEMENT_3D('',#10982,#7983,#7984);
#6576=AXIS2_PLACEMENT_3D('',#10983,#7985,#7986);
#6577=AXIS2_PLACEMENT_3D('',#10984,#7987,#7988);
#6578=AXIS2_PLACEMENT_3D('',#10985,#7989,#7990);
#6579=AXIS2_PLACEMENT_3D('',#10991,#7991,#7992);
#6580=AXIS2_PLACEMENT_3D('',#11013,#7993,#7994);
#6581=AXIS2_PLACEMENT_3D('',#11018,#7995,#7996);
#6582=AXIS2_PLACEMENT_3D('',#11019,#7997,#7998);
#6583=AXIS2_PLACEMENT_3D('',#11020,#7999,#8000);
#6584=AXIS2_PLACEMENT_3D('',#11021,#8001,#8002);
#6585=AXIS2_PLACEMENT_3D('',#11022,#8003,#8004);
#6586=AXIS2_PLACEMENT_3D('',#11023,#8005,#8006);
#6587=AXIS2_PLACEMENT_3D('',#11024,#8007,#8008);
#6588=AXIS2_PLACEMENT_3D('',#11025,#8009,#8010);
#6589=AXIS2_PLACEMENT_3D('',#11035,#8011,#8012);
#6590=AXIS2_PLACEMENT_3D('',#11048,#8013,#8014);
#6591=AXIS2_PLACEMENT_3D('',#11070,#8015,#8016);
#6592=AXIS2_PLACEMENT_3D('',#11075,#8017,#8018);
#6593=AXIS2_PLACEMENT_3D('',#11076,#8019,#8020);
#6594=AXIS2_PLACEMENT_3D('',#11077,#8021,#8022);
#6595=AXIS2_PLACEMENT_3D('',#11099,#8023,#8024);
#6596=AXIS2_PLACEMENT_3D('',#11100,#8025,#8026);
#6597=AXIS2_PLACEMENT_3D('',#11101,#8027,#8028);
#6598=AXIS2_PLACEMENT_3D('',#11102,#8029,#8030);
#6599=AXIS2_PLACEMENT_3D('',#11103,#8031,#8032);
#6600=AXIS2_PLACEMENT_3D('',#11104,#8033,#8034);
#6601=AXIS2_PLACEMENT_3D('',#11105,#8035,#8036);
#6602=AXIS2_PLACEMENT_3D('',#11106,#8037,#8038);
#6603=AXIS2_PLACEMENT_3D('',#11116,#8039,#8040);
#6604=AXIS2_PLACEMENT_3D('',#11129,#8041,#8042);
#6605=AXIS2_PLACEMENT_3D('',#11151,#8043,#8044);
#6606=AXIS2_PLACEMENT_3D('',#11156,#8045,#8046);
#6607=AXIS2_PLACEMENT_3D('',#11157,#8047,#8048);
#6608=AXIS2_PLACEMENT_3D('',#11158,#8049,#8050);
#6609=AXIS2_PLACEMENT_3D('',#11180,#8051,#8052);
#6610=AXIS2_PLACEMENT_3D('',#11181,#8053,#8054);
#6611=AXIS2_PLACEMENT_3D('',#11182,#8055,#8056);
#6612=AXIS2_PLACEMENT_3D('',#11183,#8057,#8058);
#6613=AXIS2_PLACEMENT_3D('',#11184,#8059,#8060);
#6614=AXIS2_PLACEMENT_3D('',#11185,#8061,#8062);
#6615=AXIS2_PLACEMENT_3D('',#11186,#8063,#8064);
#6616=AXIS2_PLACEMENT_3D('',#11187,#8065,#8066);
#6617=AXIS2_PLACEMENT_3D('',#11188,#8067,#8068);
#6618=AXIS2_PLACEMENT_3D('',#11194,#8069,#8070);
#6619=AXIS2_PLACEMENT_3D('',#11216,#8071,#8072);
#6620=AXIS2_PLACEMENT_3D('',#11221,#8073,#8074);
#6621=AXIS2_PLACEMENT_3D('',#11222,#8075,#8076);
#6622=AXIS2_PLACEMENT_3D('',#11223,#8077,#8078);
#6623=AXIS2_PLACEMENT_3D('',#11224,#8079,#8080);
#6624=AXIS2_PLACEMENT_3D('',#11225,#8081,#8082);
#6625=AXIS2_PLACEMENT_3D('',#11226,#8083,#8084);
#6626=AXIS2_PLACEMENT_3D('',#11227,#8085,#8086);
#6627=AXIS2_PLACEMENT_3D('',#11228,#8087,#8088);
#6628=AXIS2_PLACEMENT_3D('',#11229,#8089,#8090);
#6629=AXIS2_PLACEMENT_3D('',#11235,#8091,#8092);
#6630=AXIS2_PLACEMENT_3D('',#11257,#8093,#8094);
#6631=AXIS2_PLACEMENT_3D('',#11262,#8095,#8096);
#6632=AXIS2_PLACEMENT_3D('',#11263,#8097,#8098);
#6633=AXIS2_PLACEMENT_3D('',#11264,#8099,#8100);
#6634=AXIS2_PLACEMENT_3D('',#11265,#8101,#8102);
#6635=AXIS2_PLACEMENT_3D('',#11266,#8103,#8104);
#6636=AXIS2_PLACEMENT_3D('',#11267,#8105,#8106);
#6637=AXIS2_PLACEMENT_3D('',#11268,#8107,#8108);
#6638=AXIS2_PLACEMENT_3D('',#11269,#8109,#8110);
#6639=AXIS2_PLACEMENT_3D('',#11274,#8111,#8112);
#6640=AXIS2_PLACEMENT_3D('',#11279,#8113,#8114);
#6641=AXIS2_PLACEMENT_3D('',#11280,#8115,#8116);
#6642=AXIS2_PLACEMENT_3D('',#11289,#8117,#8118);
#6643=AXIS2_PLACEMENT_3D('',#11294,#8119,#8120);
#6644=AXIS2_PLACEMENT_3D('',#11295,#8121,#8122);
#6645=AXIS2_PLACEMENT_3D('',#11300,#8123,#8124);
#6646=AXIS2_PLACEMENT_3D('',#11305,#8125,#8126);
#6647=AXIS2_PLACEMENT_3D('',#11306,#8127,#8128);
#6648=AXIS2_PLACEMENT_3D('',#11315,#8129,#8130);
#6649=AXIS2_PLACEMENT_3D('',#11320,#8131,#8132);
#6650=AXIS2_PLACEMENT_3D('',#11321,#8133,#8134);
#6651=AXIS2_PLACEMENT_3D('',#11330,#8135,#8136);
#6652=AXIS2_PLACEMENT_3D('',#11335,#8137,#8138);
#6653=AXIS2_PLACEMENT_3D('',#11336,#8139,#8140);
#6654=AXIS2_PLACEMENT_3D('',#11341,#8141,#8142);
#6655=AXIS2_PLACEMENT_3D('',#11346,#8143,#8144);
#6656=AXIS2_PLACEMENT_3D('',#11347,#8145,#8146);
#6657=AXIS2_PLACEMENT_3D('',#11356,#8147,#8148);
#6658=AXIS2_PLACEMENT_3D('',#11361,#8149,#8150);
#6659=AXIS2_PLACEMENT_3D('',#11362,#8151,#8152);
#6660=AXIS2_PLACEMENT_3D('',#11367,#8153,#8154);
#6661=AXIS2_PLACEMENT_3D('',#11372,#8155,#8156);
#6662=AXIS2_PLACEMENT_3D('',#11373,#8157,#8158);
#6663=AXIS2_PLACEMENT_3D('',#11378,#8159,#8160);
#6664=AXIS2_PLACEMENT_3D('',#11383,#8161,#8162);
#6665=AXIS2_PLACEMENT_3D('',#11384,#8163,#8164);
#6666=AXIS2_PLACEMENT_3D('',#11393,#8165,#8166);
#6667=AXIS2_PLACEMENT_3D('',#11398,#8167,#8168);
#6668=AXIS2_PLACEMENT_3D('',#11399,#8169,#8170);
#6669=AXIS2_PLACEMENT_3D('',#11408,#8171,#8172);
#6670=AXIS2_PLACEMENT_3D('',#11413,#8173,#8174);
#6671=AXIS2_PLACEMENT_3D('',#11414,#8175,#8176);
#6672=AXIS2_PLACEMENT_3D('',#11419,#8177,#8178);
#6673=AXIS2_PLACEMENT_3D('',#11424,#8179,#8180);
#6674=AXIS2_PLACEMENT_3D('',#11425,#8181,#8182);
#6675=AXIS2_PLACEMENT_3D('',#11434,#8183,#8184);
#6676=AXIS2_PLACEMENT_3D('',#11439,#8185,#8186);
#6677=AXIS2_PLACEMENT_3D('',#11444,#8187,#8188);
#6678=AXIS2_PLACEMENT_3D('',#11445,#8189,#8190);
#6679=AXIS2_PLACEMENT_3D('',#11446,#8191,#8192);
#6680=AXIS2_PLACEMENT_3D('',#11451,#8193,#8194);
#6681=AXIS2_PLACEMENT_3D('',#11456,#8195,#8196);
#6682=AXIS2_PLACEMENT_3D('',#11457,#8197,#8198);
#6683=AXIS2_PLACEMENT_3D('',#11458,#8199,#8200);
#6684=AXIS2_PLACEMENT_3D('',#11463,#8201,#8202);
#6685=AXIS2_PLACEMENT_3D('',#11468,#8203,#8204);
#6686=AXIS2_PLACEMENT_3D('',#11473,#8205,#8206);
#6687=AXIS2_PLACEMENT_3D('',#11478,#8207,#8208);
#6688=AXIS2_PLACEMENT_3D('',#11483,#8209,#8210);
#6689=AXIS2_PLACEMENT_3D('',#11488,#8211,#8212);
#6690=AXIS2_PLACEMENT_3D('',#11493,#8213,#8214);
#6691=AXIS2_PLACEMENT_3D('',#11498,#8215,#8216);
#6692=AXIS2_PLACEMENT_3D('',#11499,#8217,#8218);
#6693=AXIS2_PLACEMENT_3D('',#11500,#8219,#8220);
#6694=AXIS2_PLACEMENT_3D('',#11505,#8221,#8222);
#6695=AXIS2_PLACEMENT_3D('',#11510,#8223,#8224);
#6696=AXIS2_PLACEMENT_3D('',#11511,#8225,#8226);
#6697=AXIS2_PLACEMENT_3D('',#11512,#8227,#8228);
#6698=AXIS2_PLACEMENT_3D('',#11517,#8229,#8230);
#6699=AXIS2_PLACEMENT_3D('',#11522,#8231,#8232);
#6700=AXIS2_PLACEMENT_3D('',#11527,#8233,#8234);
#6701=AXIS2_PLACEMENT_3D('',#11532,#8235,#8236);
#6702=AXIS2_PLACEMENT_3D('',#11537,#8237,#8238);
#6703=AXIS2_PLACEMENT_3D('',#11542,#8239,#8240);
#6704=AXIS2_PLACEMENT_3D('',#11547,#8241,#8242);
#6705=AXIS2_PLACEMENT_3D('',#11552,#8243,#8244);
#6706=AXIS2_PLACEMENT_3D('',#11553,#8245,#8246);
#6707=AXIS2_PLACEMENT_3D('',#11554,#8247,#8248);
#6708=AXIS2_PLACEMENT_3D('',#11559,#8249,#8250);
#6709=AXIS2_PLACEMENT_3D('',#11564,#8251,#8252);
#6710=AXIS2_PLACEMENT_3D('',#11565,#8253,#8254);
#6711=AXIS2_PLACEMENT_3D('',#11566,#8255,#8256);
#6712=AXIS2_PLACEMENT_3D('',#11571,#8257,#8258);
#6713=AXIS2_PLACEMENT_3D('',#11576,#8259,#8260);
#6714=AXIS2_PLACEMENT_3D('',#11581,#8261,#8262);
#6715=AXIS2_PLACEMENT_3D('',#11586,#8263,#8264);
#6716=AXIS2_PLACEMENT_3D('',#11587,#8265,#8266);
#6717=AXIS2_PLACEMENT_3D('',#11596,#8267,#8268);
#6718=AXIS2_PLACEMENT_3D('',#11597,#8269,#8270);
#6719=AXIS2_PLACEMENT_3D('',#11598,#8271,#8272);
#6720=AXIS2_PLACEMENT_3D('',#11603,#8273,#8274);
#6721=AXIS2_PLACEMENT_3D('',#11608,#8275,#8276);
#6722=AXIS2_PLACEMENT_3D('',#11613,#8277,#8278);
#6723=AXIS2_PLACEMENT_3D('',#11618,#8279,#8280);
#6724=AXIS2_PLACEMENT_3D('',#11619,#8281,#8282);
#6725=AXIS2_PLACEMENT_3D('',#11620,#8283,#8284);
#6726=AXIS2_PLACEMENT_3D('',#11625,#8285,#8286);
#6727=AXIS2_PLACEMENT_3D('',#11630,#8287,#8288);
#6728=AXIS2_PLACEMENT_3D('',#11635,#8289,#8290);
#6729=AXIS2_PLACEMENT_3D('',#11640,#8291,#8292);
#6730=AXIS2_PLACEMENT_3D('',#11641,#8293,#8294);
#6731=AXIS2_PLACEMENT_3D('',#11642,#8295,#8296);
#6732=AXIS2_PLACEMENT_3D('',#11647,#8297,#8298);
#6733=AXIS2_PLACEMENT_3D('',#11652,#8299,#8300);
#6734=AXIS2_PLACEMENT_3D('',#11653,#8301,#8302);
#6735=AXIS2_PLACEMENT_3D('',#11654,#8303,#8304);
#6736=AXIS2_PLACEMENT_3D('',#11655,#8305,#8306);
#6737=AXIS2_PLACEMENT_3D('',#11656,#8307,#8308);
#6738=AXIS2_PLACEMENT_3D('',#11657,#8309,#8310);
#6739=AXIS2_PLACEMENT_3D('',#11658,#8311,#8312);
#6740=AXIS2_PLACEMENT_3D('',#11659,#8313,#8314);
#6741=AXIS2_PLACEMENT_3D('',#11660,#8315,#8316);
#6742=AXIS2_PLACEMENT_3D('',#11661,#8317,#8318);
#6743=AXIS2_PLACEMENT_3D('',#11662,#8319,#8320);
#6744=AXIS2_PLACEMENT_3D('',#11663,#8321,#8322);
#6745=AXIS2_PLACEMENT_3D('',#11664,#8323,#8324);
#6746=AXIS2_PLACEMENT_3D('',#11665,#8325,#8326);
#6747=AXIS2_PLACEMENT_3D('',#11666,#8327,#8328);
#6748=AXIS2_PLACEMENT_3D('',#11668,#8329,#8330);
#6749=AXIS2_PLACEMENT_3D('',#11669,#8331,#8332);
#6750=AXIS2_PLACEMENT_3D('',#11681,#8336,#8337);
#6751=AXIS2_PLACEMENT_3D('',#11771,#8341,#8342);
#6752=AXIS2_PLACEMENT_3D('',#11783,#8346,#8347);
#6753=AXIS2_PLACEMENT_3D('',#11877,#8351,#8352);
#6754=AXIS2_PLACEMENT_3D('',#11891,#8353,#8354);
#6755=AXIS2_PLACEMENT_3D('',#12087,#8355,#8356);
#6756=AXIS2_PLACEMENT_3D('',#12096,#8357,#8358);
#6757=AXIS2_PLACEMENT_3D('',#12105,#8359,#8360);
#6758=AXIS2_PLACEMENT_3D('',#12119,#8361,#8362);
#6759=AXIS2_PLACEMENT_3D('',#12315,#8363,#8364);
#6760=AXIS2_PLACEMENT_3D('',#12324,#8365,#8366);
#6761=AXIS2_PLACEMENT_3D('',#12333,#8367,#8368);
#6762=AXIS2_PLACEMENT_3D('',#12345,#8372,#8373);
#6763=AXIS2_PLACEMENT_3D('',#12435,#8377,#8378);
#6764=AXIS2_PLACEMENT_3D('',#12447,#8382,#8383);
#6765=AXIS2_PLACEMENT_3D('',#12523,#8387,#8388);
#6766=AXIS2_PLACEMENT_3D('',#12607,#8389,#8390);
#6767=AXIS2_PLACEMENT_3D('',#12616,#8391,#8392);
#6768=AXIS2_PLACEMENT_3D('',#12724,#8393,#8394);
#6769=AXIS2_PLACEMENT_3D('',#12733,#8395,#8396);
#6770=AXIS2_PLACEMENT_3D('',#12817,#8397,#8398);
#6771=AXIS2_PLACEMENT_3D('',#12826,#8399,#8400);
#6772=AXIS2_PLACEMENT_3D('',#12934,#8401,#8402);
#6773=AXIS2_PLACEMENT_3D('',#12943,#8403,#8404);
#6774=AXIS2_PLACEMENT_3D('',#12971,#8405,#8406);
#6775=AXIS2_PLACEMENT_3D('',#12972,#8407,#8408);
#6776=AXIS2_PLACEMENT_3D('',#12973,#8409,#8410);
#6777=AXIS2_PLACEMENT_3D('',#13028,#8411,#8412);
#6778=AXIS2_PLACEMENT_3D('',#13029,#8413,#8414);
#6779=AXIS2_PLACEMENT_3D('',#13030,#8415,#8416);
#6780=AXIS2_PLACEMENT_3D('',#13085,#8417,#8418);
#6781=AXIS2_PLACEMENT_3D('',#13086,#8419,#8420);
#6782=AXIS2_PLACEMENT_3D('',#13087,#8421,#8422);
#6783=AXIS2_PLACEMENT_3D('',#13142,#8423,#8424);
#6784=AXIS2_PLACEMENT_3D('',#13143,#8425,#8426);
#6785=AXIS2_PLACEMENT_3D('',#13144,#8427,#8428);
#6786=AXIS2_PLACEMENT_3D('',#13199,#8429,#8430);
#6787=AXIS2_PLACEMENT_3D('',#13200,#8431,#8432);
#6788=AXIS2_PLACEMENT_3D('',#13201,#8433,#8434);
#6789=AXIS2_PLACEMENT_3D('',#13256,#8435,#8436);
#6790=AXIS2_PLACEMENT_3D('',#13257,#8437,#8438);
#6791=AXIS2_PLACEMENT_3D('',#13258,#8439,#8440);
#6792=AXIS2_PLACEMENT_3D('',#13313,#8441,#8442);
#6793=AXIS2_PLACEMENT_3D('',#13314,#8443,#8444);
#6794=AXIS2_PLACEMENT_3D('',#13315,#8445,#8446);
#6795=AXIS2_PLACEMENT_3D('',#13370,#8447,#8448);
#6796=AXIS2_PLACEMENT_3D('',#13371,#8449,#8450);
#6797=AXIS2_PLACEMENT_3D('',#13372,#8451,#8452);
#6798=AXIS2_PLACEMENT_3D('',#13400,#8453,#8454);
#6799=AXIS2_PLACEMENT_3D('',#13401,#8455,#8456);
#6800=AXIS2_PLACEMENT_3D('',#13403,#8457,#8458);
#6801=AXIS2_PLACEMENT_3D('',#13404,#8459,#8460);
#6802=AXIS2_PLACEMENT_3D('',#13406,#8461,#8462);
#6803=DIRECTION('',(0.,0.,1.));
#6804=DIRECTION('',(1.,0.,0.));
#6805=DIRECTION('',(0.,0.,1.));
#6806=DIRECTION('',(1.,0.,0.));
#6807=DIRECTION('',(0.,0.,1.));
#6808=DIRECTION('',(1.,0.,0.));
#6809=DIRECTION('',(-0.707106781186548,-0.707106781186547,0.));
#6810=DIRECTION('',(0.,0.,1.));
#6811=DIRECTION('',(1.,0.,0.));
#6812=DIRECTION('',(-0.965925826289068,-0.258819045102522,0.));
#6813=DIRECTION('',(0.,0.,1.));
#6814=DIRECTION('',(1.,0.,0.));
#6815=DIRECTION('',(0.,0.,1.));
#6816=DIRECTION('',(1.,0.,0.));
#6817=DIRECTION('',(-0.984807753012208,-0.173648177666931,0.));
#6818=DIRECTION('',(0.,0.,1.));
#6819=DIRECTION('',(1.,0.,0.));
#6820=DIRECTION('',(-0.996194698091746,-0.0871557427476587,0.));
#6821=DIRECTION('',(0.,0.,1.));
#6822=DIRECTION('',(1.,0.,0.));
#6823=DIRECTION('',(0.,0.,1.));
#6824=DIRECTION('',(1.,0.,0.));
#6825=DIRECTION('',(0.,0.,1.));
#6826=DIRECTION('',(1.,0.,0.));
#6827=DIRECTION('',(0.,0.,1.));
#6828=DIRECTION('',(1.,0.,0.));
#6829=DIRECTION('',(0.,0.,1.));
#6830=DIRECTION('',(1.,0.,0.));
#6831=DIRECTION('',(0.,0.,1.));
#6832=DIRECTION('',(1.,0.,0.));
#6833=DIRECTION('',(0.,0.,1.));
#6834=DIRECTION('',(1.,0.,0.));
#6835=DIRECTION('',(0.,0.,1.));
#6836=DIRECTION('',(1.,0.,0.));
#6837=DIRECTION('',(0.,0.,1.));
#6838=DIRECTION('',(1.,0.,0.));
#6839=DIRECTION('',(0.,0.,1.));
#6840=DIRECTION('',(1.,0.,0.));
#6841=DIRECTION('',(0.,0.,1.));
#6842=DIRECTION('',(1.,0.,0.));
#6843=DIRECTION('',(0.,0.,1.));
#6844=DIRECTION('',(1.,0.,0.));
#6845=DIRECTION('',(0.,0.,1.));
#6846=DIRECTION('',(1.,0.,0.));
#6847=DIRECTION('',(0.,0.,1.));
#6848=DIRECTION('',(1.,0.,0.));
#6849=DIRECTION('',(-0.5,-0.866025403784439,0.));
#6850=DIRECTION('',(0.,0.,1.));
#6851=DIRECTION('',(1.,0.,0.));
#6852=DIRECTION('',(-1.,7.20550648085563E-16,0.));
#6853=DIRECTION('',(0.,0.,1.));
#6854=DIRECTION('',(1.,0.,0.));
#6855=DIRECTION('',(0.,0.,1.));
#6856=DIRECTION('',(1.,0.,0.));
#6857=DIRECTION('',(-0.642787609686539,-0.766044443118978,0.));
#6858=DIRECTION('',(0.,0.,1.));
#6859=DIRECTION('',(1.,0.,0.));
#6860=DIRECTION('',(-0.573576436351047,-0.819152044288991,0.));
#6861=DIRECTION('',(0.,0.,1.));
#6862=DIRECTION('',(1.,0.,0.));
#6863=DIRECTION('',(0.,0.,1.));
#6864=DIRECTION('',(1.,0.,0.));
#6865=DIRECTION('',(0.,0.,1.));
#6866=DIRECTION('',(1.,0.,0.));
#6867=DIRECTION('',(0.,0.,1.));
#6868=DIRECTION('',(1.,0.,0.));
#6869=DIRECTION('',(0.,0.,1.));
#6870=DIRECTION('',(1.,0.,0.));
#6871=DIRECTION('',(0.,0.,1.));
#6872=DIRECTION('',(1.,0.,0.));
#6873=DIRECTION('',(0.,0.,1.));
#6874=DIRECTION('',(1.,0.,0.));
#6875=DIRECTION('',(0.,0.,1.));
#6876=DIRECTION('',(1.,0.,0.));
#6877=DIRECTION('',(0.,0.,1.));
#6878=DIRECTION('',(1.,0.,0.));
#6879=DIRECTION('',(0.,0.,1.));
#6880=DIRECTION('',(1.,0.,0.));
#6881=DIRECTION('',(0.,0.,1.));
#6882=DIRECTION('',(1.,0.,0.));
#6883=DIRECTION('',(0.,0.,1.));
#6884=DIRECTION('',(1.,0.,0.));
#6885=DIRECTION('',(0.,0.,1.));
#6886=DIRECTION('',(1.,0.,0.));
#6887=DIRECTION('',(0.,0.,1.));
#6888=DIRECTION('',(1.,0.,0.));
#6889=DIRECTION('',(0.,0.,1.));
#6890=DIRECTION('',(1.,0.,0.));
#6891=DIRECTION('',(0.,0.,1.));
#6892=DIRECTION('',(1.,0.,0.));
#6893=DIRECTION('',(0.,0.,1.));
#6894=DIRECTION('',(1.,0.,0.));
#6895=DIRECTION('',(0.,0.,1.));
#6896=DIRECTION('',(1.,0.,0.));
#6897=DIRECTION('',(0.,0.,1.));
#6898=DIRECTION('',(1.,0.,0.));
#6899=DIRECTION('',(0.,0.,1.));
#6900=DIRECTION('',(1.,0.,0.));
#6901=DIRECTION('',(0.,0.,1.));
#6902=DIRECTION('',(1.,0.,0.));
#6903=DIRECTION('',(0.,0.,1.));
#6904=DIRECTION('',(1.,0.,0.));
#6905=DIRECTION('',(0.,0.,1.));
#6906=DIRECTION('',(1.,0.,0.));
#6907=DIRECTION('',(0.,0.,1.));
#6908=DIRECTION('',(1.,0.,0.));
#6909=DIRECTION('',(0.,0.,-1.));
#6910=DIRECTION('',(-1.,0.,0.));
#6911=DIRECTION('',(0.,0.,1.));
#6912=DIRECTION('',(1.,0.,0.));
#6913=DIRECTION('',(0.,0.,-1.));
#6914=DIRECTION('',(-1.,0.,0.));
#6915=DIRECTION('',(0.,0.,1.));
#6916=DIRECTION('',(1.,0.,0.));
#6917=DIRECTION('',(0.,0.,-1.));
#6918=DIRECTION('',(-1.,0.,0.));
#6919=DIRECTION('',(0.,0.,1.));
#6920=DIRECTION('',(1.,0.,0.));
#6921=DIRECTION('',(0.,0.,-1.));
#6922=DIRECTION('',(-1.,0.,0.));
#6923=DIRECTION('',(0.,0.,1.));
#6924=DIRECTION('',(1.,0.,0.));
#6925=DIRECTION('',(0.,0.,-1.));
#6926=DIRECTION('',(-1.,0.,0.));
#6927=DIRECTION('',(0.,0.,1.));
#6928=DIRECTION('',(1.,0.,0.));
#6929=DIRECTION('',(0.,0.,-1.));
#6930=DIRECTION('',(-1.,0.,0.));
#6931=DIRECTION('',(0.,0.,1.));
#6932=DIRECTION('',(1.,0.,0.));
#6933=DIRECTION('',(0.,0.,-1.));
#6934=DIRECTION('',(-1.,0.,0.));
#6935=DIRECTION('',(0.,0.,-1.));
#6936=DIRECTION('',(0.,0.,1.));
#6937=DIRECTION('',(1.,0.,0.));
#6938=DIRECTION('',(0.,0.,-1.));
#6939=DIRECTION('',(0.,0.,-1.));
#6940=DIRECTION('',(0.,0.,-1.));
#6941=DIRECTION('',(0.,0.,-1.));
#6942=DIRECTION('',(0.,0.,-1.));
#6943=DIRECTION('',(0.,0.,1.));
#6944=DIRECTION('',(1.,0.,0.));
#6945=DIRECTION('',(0.,0.,-1.));
#6946=DIRECTION('',(0.,0.,-1.));
#6947=DIRECTION('',(0.,0.,1.));
#6948=DIRECTION('',(1.,0.,0.));
#6949=DIRECTION('',(0.,0.,-1.));
#6950=DIRECTION('',(-1.,0.,0.));
#6951=DIRECTION('',(0.,0.,1.));
#6952=DIRECTION('',(1.,0.,0.));
#6953=DIRECTION('',(0.,0.,-1.));
#6954=DIRECTION('',(-1.,0.,0.));
#6955=DIRECTION('',(0.,0.,1.));
#6956=DIRECTION('',(1.,0.,0.));
#6957=DIRECTION('',(0.,0.,-1.));
#6958=DIRECTION('',(-1.,0.,0.));
#6959=DIRECTION('',(0.,0.,1.));
#6960=DIRECTION('',(1.,0.,0.));
#6961=DIRECTION('',(0.,0.,-1.));
#6962=DIRECTION('',(-1.,0.,0.));
#6963=DIRECTION('',(0.,0.,1.));
#6964=DIRECTION('',(1.,0.,0.));
#6965=DIRECTION('',(0.,0.,-1.));
#6966=DIRECTION('',(-1.,0.,0.));
#6967=DIRECTION('',(0.,0.,1.));
#6968=DIRECTION('',(1.,0.,0.));
#6969=DIRECTION('',(0.,0.,-1.));
#6970=DIRECTION('',(-1.,0.,0.));
#6971=DIRECTION('',(0.,0.,1.));
#6972=DIRECTION('',(1.,0.,0.));
#6973=DIRECTION('',(0.,0.,-1.));
#6974=DIRECTION('',(-1.,0.,0.));
#6975=DIRECTION('',(0.,0.,1.));
#6976=DIRECTION('',(1.,0.,0.));
#6977=DIRECTION('',(0.,0.,-1.));
#6978=DIRECTION('',(-1.,0.,0.));
#6979=DIRECTION('',(0.,0.,1.));
#6980=DIRECTION('',(1.,0.,0.));
#6981=DIRECTION('',(0.,0.,-1.));
#6982=DIRECTION('',(-1.,0.,0.));
#6983=DIRECTION('',(0.,0.,1.));
#6984=DIRECTION('',(1.,0.,0.));
#6985=DIRECTION('',(0.,0.,-1.));
#6986=DIRECTION('',(-1.,0.,0.));
#6987=DIRECTION('',(0.,0.,1.));
#6988=DIRECTION('',(1.,0.,0.));
#6989=DIRECTION('',(0.,0.,-1.));
#6990=DIRECTION('',(-1.,0.,0.));
#6991=DIRECTION('',(0.,0.,1.));
#6992=DIRECTION('',(1.,0.,0.));
#6993=DIRECTION('',(0.,0.,-1.));
#6994=DIRECTION('',(-1.,0.,0.));
#6995=DIRECTION('',(0.,0.,1.));
#6996=DIRECTION('',(1.,0.,0.));
#6997=DIRECTION('',(0.,0.,-1.));
#6998=DIRECTION('',(-1.,0.,0.));
#6999=DIRECTION('',(0.,0.,1.));
#7000=DIRECTION('',(1.,0.,0.));
#7001=DIRECTION('',(0.,0.,-1.));
#7002=DIRECTION('',(-1.,0.,0.));
#7003=DIRECTION('',(0.,0.,1.));
#7004=DIRECTION('',(1.,0.,0.));
#7005=DIRECTION('',(0.,0.,-1.));
#7006=DIRECTION('',(-1.,0.,0.));
#7007=DIRECTION('',(0.,0.,1.));
#7008=DIRECTION('',(1.,0.,0.));
#7009=DIRECTION('',(0.,0.,-1.));
#7010=DIRECTION('',(-1.,0.,0.));
#7011=DIRECTION('',(0.,0.,-1.));
#7012=DIRECTION('',(0.,0.,-1.));
#7013=DIRECTION('',(0.,0.,1.));
#7014=DIRECTION('',(1.,0.,0.));
#7015=DIRECTION('',(0.,0.,-1.));
#7016=DIRECTION('',(0.,0.,-1.));
#7017=DIRECTION('',(0.,0.,-1.));
#7018=DIRECTION('',(0.,0.,-1.));
#7019=DIRECTION('',(0.,0.,1.));
#7020=DIRECTION('',(1.,0.,0.));
#7021=DIRECTION('',(0.,0.,-1.));
#7022=DIRECTION('',(0.,0.,-1.));
#7023=DIRECTION('',(0.,0.,1.));
#7024=DIRECTION('',(1.,0.,0.));
#7025=DIRECTION('',(0.,0.,1.));
#7026=DIRECTION('',(1.,0.,0.));
#7027=DIRECTION('',(0.,0.,1.));
#7028=DIRECTION('',(1.,0.,0.));
#7029=DIRECTION('',(0.,0.,1.));
#7030=DIRECTION('',(1.,0.,0.));
#7031=DIRECTION('',(0.,0.,1.));
#7032=DIRECTION('',(1.,0.,0.));
#7033=DIRECTION('',(0.,0.,1.));
#7034=DIRECTION('',(1.,0.,0.));
#7035=DIRECTION('',(0.,0.,1.));
#7036=DIRECTION('',(1.,0.,0.));
#7037=DIRECTION('',(0.,0.,1.));
#7038=DIRECTION('',(1.,0.,0.));
#7039=DIRECTION('',(0.,0.,1.));
#7040=DIRECTION('',(1.,0.,0.));
#7041=DIRECTION('',(0.,0.,1.));
#7042=DIRECTION('',(1.,0.,0.));
#7043=DIRECTION('',(0.,0.,1.));
#7044=DIRECTION('',(1.,0.,0.));
#7045=DIRECTION('',(0.,0.,1.));
#7046=DIRECTION('',(1.,0.,0.));
#7047=DIRECTION('',(0.,0.,1.));
#7048=DIRECTION('',(1.,0.,0.));
#7049=DIRECTION('',(0.,0.,1.));
#7050=DIRECTION('',(1.,0.,0.));
#7051=DIRECTION('',(0.,0.,1.));
#7052=DIRECTION('',(1.,0.,0.));
#7053=DIRECTION('',(0.,0.,1.));
#7054=DIRECTION('',(1.,0.,0.));
#7055=DIRECTION('',(0.,0.,1.));
#7056=DIRECTION('',(1.,0.,0.));
#7057=DIRECTION('',(0.,0.,1.));
#7058=DIRECTION('',(1.,0.,0.));
#7059=DIRECTION('',(0.,0.,1.));
#7060=DIRECTION('',(1.,0.,0.));
#7061=DIRECTION('',(0.,0.,1.));
#7062=DIRECTION('',(1.,0.,0.));
#7063=DIRECTION('',(0.,0.,1.));
#7064=DIRECTION('',(1.,0.,0.));
#7065=DIRECTION('',(0.,0.,1.));
#7066=DIRECTION('',(1.,0.,0.));
#7067=DIRECTION('',(0.,0.,1.));
#7068=DIRECTION('',(1.,0.,0.));
#7069=DIRECTION('',(0.,0.,1.));
#7070=DIRECTION('',(1.,0.,0.));
#7071=DIRECTION('',(0.,0.,1.));
#7072=DIRECTION('',(1.,0.,0.));
#7073=DIRECTION('',(0.,0.,1.));
#7074=DIRECTION('',(1.,0.,0.));
#7075=DIRECTION('',(0.,0.,1.));
#7076=DIRECTION('',(1.,0.,0.));
#7077=DIRECTION('',(0.,0.,1.));
#7078=DIRECTION('',(1.,0.,0.));
#7079=DIRECTION('',(0.,0.,1.));
#7080=DIRECTION('',(1.,0.,0.));
#7081=DIRECTION('',(0.,0.,1.));
#7082=DIRECTION('',(1.,0.,0.));
#7083=DIRECTION('',(0.,0.,1.));
#7084=DIRECTION('',(1.,0.,0.));
#7085=DIRECTION('',(0.,0.,1.));
#7086=DIRECTION('',(1.,0.,0.));
#7087=DIRECTION('',(0.,0.,1.));
#7088=DIRECTION('',(1.,0.,0.));
#7089=DIRECTION('',(0.,0.,1.));
#7090=DIRECTION('',(1.,0.,0.));
#7091=DIRECTION('',(0.,0.,1.));
#7092=DIRECTION('',(1.,0.,0.));
#7093=DIRECTION('',(0.,0.,1.));
#7094=DIRECTION('',(1.,0.,0.));
#7095=DIRECTION('',(0.,0.,1.));
#7096=DIRECTION('',(1.,0.,0.));
#7097=DIRECTION('',(0.,0.,1.));
#7098=DIRECTION('',(1.,0.,0.));
#7099=DIRECTION('',(0.,0.,1.));
#7100=DIRECTION('',(1.,0.,0.));
#7101=DIRECTION('',(0.,0.,1.));
#7102=DIRECTION('',(1.,0.,0.));
#7103=DIRECTION('',(0.,0.,1.));
#7104=DIRECTION('',(1.,0.,0.));
#7105=DIRECTION('',(0.,0.,1.));
#7106=DIRECTION('',(1.,0.,0.));
#7107=DIRECTION('',(0.,0.,1.));
#7108=DIRECTION('',(1.,0.,0.));
#7109=DIRECTION('',(0.,0.,1.));
#7110=DIRECTION('',(1.,0.,0.));
#7111=DIRECTION('',(0.,0.,1.));
#7112=DIRECTION('',(1.,0.,0.));
#7113=DIRECTION('',(0.,0.,1.));
#7114=DIRECTION('',(1.,0.,0.));
#7115=DIRECTION('',(0.,0.,1.));
#7116=DIRECTION('',(1.,0.,0.));
#7117=DIRECTION('',(0.,0.,1.));
#7118=DIRECTION('',(1.,0.,0.));
#7119=DIRECTION('',(0.,0.,1.));
#7120=DIRECTION('',(1.,0.,0.));
#7121=DIRECTION('',(0.,0.,1.));
#7122=DIRECTION('',(1.,0.,0.));
#7123=DIRECTION('',(0.,0.,1.));
#7124=DIRECTION('',(1.,0.,0.));
#7125=DIRECTION('',(0.,0.,1.));
#7126=DIRECTION('',(1.,0.,0.));
#7127=DIRECTION('',(0.,0.,1.));
#7128=DIRECTION('',(1.,0.,0.));
#7129=DIRECTION('',(0.,0.,1.));
#7130=DIRECTION('',(1.,0.,0.));
#7131=DIRECTION('',(0.,0.,1.));
#7132=DIRECTION('',(1.,0.,0.));
#7133=DIRECTION('',(0.,0.,1.));
#7134=DIRECTION('',(1.,0.,0.));
#7135=DIRECTION('',(0.,0.,1.));
#7136=DIRECTION('',(1.,0.,0.));
#7137=DIRECTION('',(0.,0.,1.));
#7138=DIRECTION('',(1.,0.,0.));
#7139=DIRECTION('',(0.,0.,1.));
#7140=DIRECTION('',(1.,0.,0.));
#7141=DIRECTION('',(0.,0.,1.));
#7142=DIRECTION('',(1.,0.,0.));
#7143=DIRECTION('',(0.,0.,1.));
#7144=DIRECTION('',(1.,0.,0.));
#7145=DIRECTION('',(0.,0.,1.));
#7146=DIRECTION('',(1.,0.,0.));
#7147=DIRECTION('',(0.,0.,1.));
#7148=DIRECTION('',(1.,0.,0.));
#7149=DIRECTION('',(0.,0.,1.));
#7150=DIRECTION('',(1.,0.,0.));
#7151=DIRECTION('',(0.,0.,1.));
#7152=DIRECTION('',(1.,0.,0.));
#7153=DIRECTION('',(0.,0.,1.));
#7154=DIRECTION('',(1.,0.,0.));
#7155=DIRECTION('',(0.,0.,1.));
#7156=DIRECTION('',(1.,0.,0.));
#7157=DIRECTION('',(0.,0.,1.));
#7158=DIRECTION('',(1.,0.,0.));
#7159=DIRECTION('',(0.,0.,1.));
#7160=DIRECTION('',(1.,0.,0.));
#7161=DIRECTION('',(0.,0.,1.));
#7162=DIRECTION('',(1.,0.,0.));
#7163=DIRECTION('',(0.,0.,1.));
#7164=DIRECTION('',(1.,0.,0.));
#7165=DIRECTION('',(0.,0.,1.));
#7166=DIRECTION('',(1.,0.,0.));
#7167=DIRECTION('',(0.,0.,1.));
#7168=DIRECTION('',(1.,0.,0.));
#7169=DIRECTION('',(0.,0.,1.));
#7170=DIRECTION('',(1.,0.,0.));
#7171=DIRECTION('',(0.,0.,1.));
#7172=DIRECTION('',(1.,0.,0.));
#7173=DIRECTION('',(0.,0.,1.));
#7174=DIRECTION('',(1.,0.,0.));
#7175=DIRECTION('',(0.,0.,1.));
#7176=DIRECTION('',(1.,0.,0.));
#7177=DIRECTION('',(0.,0.,1.));
#7178=DIRECTION('',(1.,0.,0.));
#7179=DIRECTION('',(0.,0.,1.));
#7180=DIRECTION('',(1.,0.,0.));
#7181=DIRECTION('',(0.,0.,1.));
#7182=DIRECTION('',(1.,0.,0.));
#7183=DIRECTION('',(0.,0.,1.));
#7184=DIRECTION('',(1.,0.,0.));
#7185=DIRECTION('',(0.,0.,1.));
#7186=DIRECTION('',(1.,0.,0.));
#7187=DIRECTION('',(0.,0.,1.));
#7188=DIRECTION('',(1.,0.,0.));
#7189=DIRECTION('',(0.,0.,1.));
#7190=DIRECTION('',(1.,0.,0.));
#7191=DIRECTION('',(0.,0.,1.));
#7192=DIRECTION('',(1.,0.,0.));
#7193=DIRECTION('',(0.,0.,1.));
#7194=DIRECTION('',(1.,0.,0.));
#7195=DIRECTION('',(0.,0.,1.));
#7196=DIRECTION('',(1.,0.,0.));
#7197=DIRECTION('',(0.,0.,1.));
#7198=DIRECTION('',(1.,0.,0.));
#7199=DIRECTION('',(0.,0.,1.));
#7200=DIRECTION('',(1.,0.,0.));
#7201=DIRECTION('',(0.,0.,1.));
#7202=DIRECTION('',(1.,0.,0.));
#7203=DIRECTION('',(0.,0.,1.));
#7204=DIRECTION('',(1.,0.,0.));
#7205=DIRECTION('',(0.,0.,1.));
#7206=DIRECTION('',(1.,0.,0.));
#7207=DIRECTION('',(0.,0.,1.));
#7208=DIRECTION('',(1.,0.,0.));
#7209=DIRECTION('',(0.,0.,1.));
#7210=DIRECTION('',(1.,0.,0.));
#7211=DIRECTION('',(0.,0.,1.));
#7212=DIRECTION('',(1.,0.,0.));
#7213=DIRECTION('',(0.,0.,1.));
#7214=DIRECTION('',(1.,0.,0.));
#7215=DIRECTION('',(0.,0.,1.));
#7216=DIRECTION('',(1.,0.,0.));
#7217=DIRECTION('',(0.,0.,1.));
#7218=DIRECTION('',(1.,0.,0.));
#7219=DIRECTION('',(0.,0.,1.));
#7220=DIRECTION('',(1.,0.,0.));
#7221=DIRECTION('',(0.,0.,1.));
#7222=DIRECTION('',(1.,0.,0.));
#7223=DIRECTION('',(0.,0.,1.));
#7224=DIRECTION('',(1.,0.,0.));
#7225=DIRECTION('',(0.,0.,1.));
#7226=DIRECTION('',(1.,0.,0.));
#7227=DIRECTION('',(0.,0.,1.));
#7228=DIRECTION('',(1.,0.,0.));
#7229=DIRECTION('',(0.,0.,1.));
#7230=DIRECTION('',(1.,0.,0.));
#7231=DIRECTION('',(0.,0.,1.));
#7232=DIRECTION('',(1.,0.,0.));
#7233=DIRECTION('',(0.,0.,1.));
#7234=DIRECTION('',(1.,0.,0.));
#7235=DIRECTION('',(0.,0.,1.));
#7236=DIRECTION('',(1.,0.,0.));
#7237=DIRECTION('',(0.,0.,1.));
#7238=DIRECTION('',(1.,0.,0.));
#7239=DIRECTION('',(0.,0.,1.));
#7240=DIRECTION('',(1.,0.,0.));
#7241=DIRECTION('',(0.,0.,1.));
#7242=DIRECTION('',(1.,0.,0.));
#7243=DIRECTION('',(0.,0.,1.));
#7244=DIRECTION('',(1.,0.,0.));
#7245=DIRECTION('',(0.,0.,1.));
#7246=DIRECTION('',(1.,0.,0.));
#7247=DIRECTION('',(0.,0.,1.));
#7248=DIRECTION('',(1.,0.,0.));
#7249=DIRECTION('',(0.,0.,1.));
#7250=DIRECTION('',(1.,0.,0.));
#7251=DIRECTION('',(0.,0.,1.));
#7252=DIRECTION('',(1.,0.,0.));
#7253=DIRECTION('',(0.,0.,1.));
#7254=DIRECTION('',(1.,0.,0.));
#7255=DIRECTION('',(0.,0.,1.));
#7256=DIRECTION('',(1.,0.,0.));
#7257=DIRECTION('',(0.,0.,1.));
#7258=DIRECTION('',(1.,0.,0.));
#7259=DIRECTION('',(0.,0.,1.));
#7260=DIRECTION('',(1.,0.,0.));
#7261=DIRECTION('',(0.,0.,-1.));
#7262=DIRECTION('',(-1.,0.,0.));
#7263=DIRECTION('',(0.,0.,1.));
#7264=DIRECTION('',(1.,0.,0.));
#7265=DIRECTION('',(0.,0.,1.));
#7266=DIRECTION('',(1.,0.,0.));
#7267=DIRECTION('',(0.,0.,1.));
#7268=DIRECTION('',(1.,0.,0.));
#7269=DIRECTION('',(0.,0.,1.));
#7270=DIRECTION('',(1.,0.,0.));
#7271=DIRECTION('',(0.,0.,1.));
#7272=DIRECTION('',(1.,0.,0.));
#7273=DIRECTION('',(0.,0.,1.));
#7274=DIRECTION('',(1.,0.,0.));
#7275=DIRECTION('',(0.,0.,1.));
#7276=DIRECTION('',(1.,0.,0.));
#7277=DIRECTION('',(0.,0.,1.));
#7278=DIRECTION('',(1.,0.,0.));
#7279=DIRECTION('',(0.,0.,1.));
#7280=DIRECTION('',(1.,0.,0.));
#7281=DIRECTION('',(0.,0.,1.));
#7282=DIRECTION('',(1.,0.,0.));
#7283=DIRECTION('',(0.,0.,1.));
#7284=DIRECTION('',(1.,0.,0.));
#7285=DIRECTION('',(0.,0.,1.));
#7286=DIRECTION('',(1.,0.,0.));
#7287=DIRECTION('',(0.,0.,1.));
#7288=DIRECTION('',(1.,0.,0.));
#7289=DIRECTION('',(0.,0.,1.));
#7290=DIRECTION('',(1.,0.,0.));
#7291=DIRECTION('',(0.,0.,1.));
#7292=DIRECTION('',(1.,0.,0.));
#7293=DIRECTION('',(0.,0.,1.));
#7294=DIRECTION('',(1.,0.,0.));
#7295=DIRECTION('',(0.,0.,1.));
#7296=DIRECTION('',(1.,0.,0.));
#7297=DIRECTION('',(0.,0.,1.));
#7298=DIRECTION('',(1.,0.,0.));
#7299=DIRECTION('',(0.,0.,1.));
#7300=DIRECTION('',(1.,0.,0.));
#7301=DIRECTION('',(0.,0.,1.));
#7302=DIRECTION('',(1.,0.,0.));
#7303=DIRECTION('',(0.,0.,1.));
#7304=DIRECTION('',(1.,0.,0.));
#7305=DIRECTION('',(0.,0.,1.));
#7306=DIRECTION('',(1.,0.,0.));
#7307=DIRECTION('',(0.,0.,1.));
#7308=DIRECTION('',(1.,0.,0.));
#7309=DIRECTION('',(0.,0.,1.));
#7310=DIRECTION('',(1.,0.,0.));
#7311=DIRECTION('',(0.,0.,1.));
#7312=DIRECTION('',(1.,0.,0.));
#7313=DIRECTION('',(0.,0.,1.));
#7314=DIRECTION('',(1.,0.,0.));
#7315=DIRECTION('',(0.,0.,1.));
#7316=DIRECTION('',(1.,0.,0.));
#7317=DIRECTION('',(0.,0.,1.));
#7318=DIRECTION('',(1.,0.,0.));
#7319=DIRECTION('',(0.,0.,1.));
#7320=DIRECTION('',(1.,0.,0.));
#7321=DIRECTION('',(0.,0.,1.));
#7322=DIRECTION('',(1.,0.,0.));
#7323=DIRECTION('',(0.,0.,1.));
#7324=DIRECTION('',(1.,0.,0.));
#7325=DIRECTION('',(0.,0.,1.));
#7326=DIRECTION('',(1.,0.,0.));
#7327=DIRECTION('',(0.,0.,1.));
#7328=DIRECTION('',(1.,0.,0.));
#7329=DIRECTION('',(0.,0.,1.));
#7330=DIRECTION('',(1.,0.,0.));
#7331=DIRECTION('',(0.,0.,1.));
#7332=DIRECTION('',(1.,0.,0.));
#7333=DIRECTION('',(0.,0.,1.));
#7334=DIRECTION('',(1.,0.,0.));
#7335=DIRECTION('',(0.,0.,1.));
#7336=DIRECTION('',(1.,0.,0.));
#7337=DIRECTION('',(0.,0.,1.));
#7338=DIRECTION('',(1.,0.,0.));
#7339=DIRECTION('',(0.,0.,1.));
#7340=DIRECTION('',(1.,0.,0.));
#7341=DIRECTION('',(0.,0.,1.));
#7342=DIRECTION('',(1.,0.,0.));
#7343=DIRECTION('',(0.,0.,1.));
#7344=DIRECTION('',(1.,0.,0.));
#7345=DIRECTION('',(0.,0.,1.));
#7346=DIRECTION('',(1.,0.,0.));
#7347=DIRECTION('',(0.,0.,1.));
#7348=DIRECTION('',(1.,0.,0.));
#7349=DIRECTION('',(0.,0.,1.));
#7350=DIRECTION('',(1.,0.,0.));
#7351=DIRECTION('',(0.,0.,1.));
#7352=DIRECTION('',(1.,0.,0.));
#7353=DIRECTION('',(0.,0.,1.));
#7354=DIRECTION('',(1.,0.,0.));
#7355=DIRECTION('',(0.,0.,1.));
#7356=DIRECTION('',(1.,0.,0.));
#7357=DIRECTION('',(0.,0.,1.));
#7358=DIRECTION('',(1.,0.,0.));
#7359=DIRECTION('',(0.,0.,1.));
#7360=DIRECTION('',(1.,0.,0.));
#7361=DIRECTION('',(0.,0.,1.));
#7362=DIRECTION('',(1.,0.,0.));
#7363=DIRECTION('',(0.,0.,1.));
#7364=DIRECTION('',(1.,0.,0.));
#7365=DIRECTION('',(0.,0.,1.));
#7366=DIRECTION('',(1.,0.,0.));
#7367=DIRECTION('',(0.,0.,1.));
#7368=DIRECTION('',(1.,0.,0.));
#7369=DIRECTION('',(0.,0.,1.));
#7370=DIRECTION('',(1.,0.,0.));
#7371=DIRECTION('',(0.,0.,1.));
#7372=DIRECTION('',(1.,0.,0.));
#7373=DIRECTION('',(0.,0.,1.));
#7374=DIRECTION('',(1.,0.,0.));
#7375=DIRECTION('',(0.,0.,1.));
#7376=DIRECTION('',(1.,0.,0.));
#7377=DIRECTION('',(0.,0.,1.));
#7378=DIRECTION('',(1.,0.,0.));
#7379=DIRECTION('',(0.,0.,1.));
#7380=DIRECTION('',(1.,0.,0.));
#7381=DIRECTION('',(0.,0.,1.));
#7382=DIRECTION('',(1.,0.,0.));
#7383=DIRECTION('',(0.,0.,1.));
#7384=DIRECTION('',(1.,0.,0.));
#7385=DIRECTION('',(0.,0.,1.));
#7386=DIRECTION('',(1.,0.,0.));
#7387=DIRECTION('',(0.,0.,1.));
#7388=DIRECTION('',(1.,0.,0.));
#7389=DIRECTION('',(0.,0.,1.));
#7390=DIRECTION('',(1.,0.,0.));
#7391=DIRECTION('',(0.,0.,1.));
#7392=DIRECTION('',(1.,0.,0.));
#7393=DIRECTION('',(0.,0.,1.));
#7394=DIRECTION('',(1.,0.,0.));
#7395=DIRECTION('',(0.,0.,1.));
#7396=DIRECTION('',(1.,0.,0.));
#7397=DIRECTION('',(0.,0.,1.));
#7398=DIRECTION('',(1.,0.,0.));
#7399=DIRECTION('',(0.,0.,1.));
#7400=DIRECTION('',(1.,0.,0.));
#7401=DIRECTION('',(0.,0.,1.));
#7402=DIRECTION('',(1.,0.,0.));
#7403=DIRECTION('',(0.,0.,1.));
#7404=DIRECTION('',(1.,0.,0.));
#7405=DIRECTION('',(0.,0.,1.));
#7406=DIRECTION('',(1.,0.,0.));
#7407=DIRECTION('',(0.,0.,1.));
#7408=DIRECTION('',(1.,0.,0.));
#7409=DIRECTION('',(0.,0.,1.));
#7410=DIRECTION('',(1.,0.,0.));
#7411=DIRECTION('',(0.,0.,1.));
#7412=DIRECTION('',(1.,0.,0.));
#7413=DIRECTION('',(0.,0.,1.));
#7414=DIRECTION('',(1.,0.,0.));
#7415=DIRECTION('',(0.,0.,1.));
#7416=DIRECTION('',(1.,0.,0.));
#7417=DIRECTION('',(0.,0.,1.));
#7418=DIRECTION('',(1.,0.,0.));
#7419=DIRECTION('',(0.,0.,1.));
#7420=DIRECTION('',(1.,0.,0.));
#7421=DIRECTION('',(0.,0.,1.));
#7422=DIRECTION('',(1.,0.,0.));
#7423=DIRECTION('',(0.,0.,1.));
#7424=DIRECTION('',(1.,0.,0.));
#7425=DIRECTION('',(0.,0.,1.));
#7426=DIRECTION('',(1.,0.,0.));
#7427=DIRECTION('',(0.,0.,1.));
#7428=DIRECTION('',(1.,0.,0.));
#7429=DIRECTION('',(0.,0.,1.));
#7430=DIRECTION('',(1.,0.,0.));
#7431=DIRECTION('',(0.,0.,1.));
#7432=DIRECTION('',(1.,0.,0.));
#7433=DIRECTION('',(0.,0.,1.));
#7434=DIRECTION('',(1.,0.,0.));
#7435=DIRECTION('',(0.,0.,1.));
#7436=DIRECTION('',(1.,0.,0.));
#7437=DIRECTION('',(0.,0.,1.));
#7438=DIRECTION('',(1.,0.,0.));
#7439=DIRECTION('',(0.,0.,1.));
#7440=DIRECTION('',(1.,0.,0.));
#7441=DIRECTION('',(0.,0.,1.));
#7442=DIRECTION('',(1.,0.,0.));
#7443=DIRECTION('',(0.,0.,1.));
#7444=DIRECTION('',(1.,0.,0.));
#7445=DIRECTION('',(0.,0.,1.));
#7446=DIRECTION('',(1.,0.,0.));
#7447=DIRECTION('',(0.,0.,1.));
#7448=DIRECTION('',(1.,0.,0.));
#7449=DIRECTION('',(0.,0.,1.));
#7450=DIRECTION('',(1.,0.,0.));
#7451=DIRECTION('',(0.,0.,1.));
#7452=DIRECTION('',(1.,0.,0.));
#7453=DIRECTION('',(0.,0.,1.));
#7454=DIRECTION('',(1.,0.,0.));
#7455=DIRECTION('',(0.,0.,1.));
#7456=DIRECTION('',(1.,0.,0.));
#7457=DIRECTION('',(0.,0.,1.));
#7458=DIRECTION('',(1.,0.,0.));
#7459=DIRECTION('',(0.,0.,1.));
#7460=DIRECTION('',(1.,0.,0.));
#7461=DIRECTION('',(0.,0.,1.));
#7462=DIRECTION('',(1.,0.,0.));
#7463=DIRECTION('',(0.,0.,1.));
#7464=DIRECTION('',(1.,0.,0.));
#7465=DIRECTION('',(0.,0.,1.));
#7466=DIRECTION('',(1.,0.,0.));
#7467=DIRECTION('',(0.,0.,1.));
#7468=DIRECTION('',(1.,0.,0.));
#7469=DIRECTION('',(0.,0.,1.));
#7470=DIRECTION('',(1.,0.,0.));
#7471=DIRECTION('',(0.,0.,1.));
#7472=DIRECTION('',(1.,0.,0.));
#7473=DIRECTION('',(0.,0.,1.));
#7474=DIRECTION('',(1.,0.,0.));
#7475=DIRECTION('',(0.,0.,1.));
#7476=DIRECTION('',(1.,0.,0.));
#7477=DIRECTION('',(0.,0.,1.));
#7478=DIRECTION('',(1.,0.,0.));
#7479=DIRECTION('',(0.,0.,1.));
#7480=DIRECTION('',(1.,0.,0.));
#7481=DIRECTION('',(0.,0.,1.));
#7482=DIRECTION('',(1.,0.,0.));
#7483=DIRECTION('',(0.,0.,1.));
#7484=DIRECTION('',(1.,0.,0.));
#7485=DIRECTION('',(0.,0.,1.));
#7486=DIRECTION('',(1.,0.,0.));
#7487=DIRECTION('',(0.,0.,1.));
#7488=DIRECTION('',(1.,0.,0.));
#7489=DIRECTION('',(0.,0.,1.));
#7490=DIRECTION('',(1.,0.,0.));
#7491=DIRECTION('',(0.,0.,1.));
#7492=DIRECTION('',(1.,0.,0.));
#7493=DIRECTION('',(0.,0.,-1.));
#7494=DIRECTION('',(-1.,0.,0.));
#7495=DIRECTION('',(0.,0.,1.));
#7496=DIRECTION('',(1.,0.,0.));
#7497=DIRECTION('',(0.,0.,1.));
#7498=DIRECTION('',(1.,0.,0.));
#7499=DIRECTION('',(0.,0.,-1.));
#7500=DIRECTION('',(0.,0.,-1.));
#7501=DIRECTION('',(-1.,0.,0.));
#7502=DIRECTION('',(0.,0.,1.));
#7503=DIRECTION('',(1.,0.,0.));
#7504=DIRECTION('',(0.,0.,1.));
#7505=DIRECTION('',(1.,0.,0.));
#7506=DIRECTION('',(0.,0.,-1.));
#7507=DIRECTION('',(0.,0.,-1.));
#7508=DIRECTION('',(-1.,0.,0.));
#7509=DIRECTION('',(0.,0.,1.));
#7510=DIRECTION('',(1.,0.,0.));
#7511=DIRECTION('',(0.,0.,-1.));
#7512=DIRECTION('',(0.,0.,1.));
#7513=DIRECTION('',(1.,0.,0.));
#7514=DIRECTION('',(0.,0.,-1.));
#7515=DIRECTION('',(-1.,0.,0.));
#7516=DIRECTION('',(0.,0.,1.));
#7517=DIRECTION('',(1.,0.,0.));
#7518=DIRECTION('',(0.,0.,1.));
#7519=DIRECTION('',(1.,0.,0.));
#7520=DIRECTION('',(0.,0.,-1.));
#7521=DIRECTION('',(-1.,0.,0.));
#7522=DIRECTION('',(0.,0.,1.));
#7523=DIRECTION('',(1.,0.,0.));
#7524=DIRECTION('',(0.,0.,-1.));
#7525=DIRECTION('',(0.,0.,1.));
#7526=DIRECTION('',(1.,0.,0.));
#7527=DIRECTION('',(0.,0.,-1.));
#7528=DIRECTION('',(-1.,0.,0.));
#7529=DIRECTION('',(0.,0.,1.));
#7530=DIRECTION('',(1.,0.,0.));
#7531=DIRECTION('',(0.,0.,1.));
#7532=DIRECTION('',(1.,0.,0.));
#7533=DIRECTION('',(0.,0.,-1.));
#7534=DIRECTION('',(-1.,0.,0.));
#7535=DIRECTION('',(0.,0.,1.));
#7536=DIRECTION('',(1.,0.,0.));
#7537=DIRECTION('',(0.,0.,1.));
#7538=DIRECTION('',(1.,0.,0.));
#7539=DIRECTION('',(0.,0.,-1.));
#7540=DIRECTION('',(0.,0.,-1.));
#7541=DIRECTION('',(-1.,0.,0.));
#7542=DIRECTION('',(0.,0.,1.));
#7543=DIRECTION('',(1.,0.,0.));
#7544=DIRECTION('',(0.,0.,1.));
#7545=DIRECTION('',(1.,0.,0.));
#7546=DIRECTION('',(0.,0.,-1.));
#7547=DIRECTION('',(-1.,0.,0.));
#7548=DIRECTION('',(0.,0.,1.));
#7549=DIRECTION('',(1.,0.,0.));
#7550=DIRECTION('',(0.,0.,1.));
#7551=DIRECTION('',(1.,0.,0.));
#7552=DIRECTION('',(0.,0.,-1.));
#7553=DIRECTION('',(-1.,0.,0.));
#7554=DIRECTION('',(0.,0.,1.));
#7555=DIRECTION('',(1.,0.,0.));
#7556=DIRECTION('',(0.,0.,1.));
#7557=DIRECTION('',(1.,0.,0.));
#7558=DIRECTION('',(0.,0.,-1.));
#7559=DIRECTION('',(0.,0.,-1.));
#7560=DIRECTION('',(-1.,0.,0.));
#7561=DIRECTION('',(0.,0.,1.));
#7562=DIRECTION('',(1.,0.,0.));
#7563=DIRECTION('',(0.,0.,1.));
#7564=DIRECTION('',(1.,0.,0.));
#7565=DIRECTION('',(0.,0.,-1.));
#7566=DIRECTION('',(-1.,0.,0.));
#7567=DIRECTION('',(0.,0.,1.));
#7568=DIRECTION('',(1.,0.,0.));
#7569=DIRECTION('',(0.,0.,1.));
#7570=DIRECTION('',(1.,0.,0.));
#7571=DIRECTION('',(0.,0.,1.));
#7572=DIRECTION('',(1.,0.,0.));
#7573=DIRECTION('',(0.,0.,1.));
#7574=DIRECTION('',(1.,0.,0.));
#7575=DIRECTION('',(0.,0.,1.));
#7576=DIRECTION('',(1.,0.,0.));
#7577=DIRECTION('',(0.,0.,1.));
#7578=DIRECTION('',(1.,0.,0.));
#7579=DIRECTION('',(0.,0.,1.));
#7580=DIRECTION('',(1.,0.,0.));
#7581=DIRECTION('',(0.,0.,1.));
#7582=DIRECTION('',(1.,0.,0.));
#7583=DIRECTION('',(0.,0.,1.));
#7584=DIRECTION('',(1.,0.,0.));
#7585=DIRECTION('',(0.,0.,1.));
#7586=DIRECTION('',(1.,0.,0.));
#7587=DIRECTION('',(0.,0.,1.));
#7588=DIRECTION('',(1.,0.,0.));
#7589=DIRECTION('',(0.,0.,1.));
#7590=DIRECTION('',(1.,0.,0.));
#7591=DIRECTION('',(0.,0.,1.));
#7592=DIRECTION('',(1.,0.,0.));
#7593=DIRECTION('',(0.,0.,1.));
#7594=DIRECTION('',(1.,0.,0.));
#7595=DIRECTION('',(0.,0.,1.));
#7596=DIRECTION('',(1.,0.,0.));
#7597=DIRECTION('',(0.,0.,1.));
#7598=DIRECTION('',(1.,0.,0.));
#7599=DIRECTION('',(0.,0.,1.));
#7600=DIRECTION('',(1.,0.,0.));
#7601=DIRECTION('',(0.,0.,1.));
#7602=DIRECTION('',(1.,0.,0.));
#7603=DIRECTION('',(0.,0.,1.));
#7604=DIRECTION('',(1.,0.,0.));
#7605=DIRECTION('',(0.,0.,-1.));
#7606=DIRECTION('',(-1.,0.,0.));
#7607=DIRECTION('',(0.,0.,1.));
#7608=DIRECTION('',(1.,0.,0.));
#7609=DIRECTION('',(0.,0.,-1.));
#7610=DIRECTION('',(-1.,0.,0.));
#7611=DIRECTION('',(0.,0.,1.));
#7612=DIRECTION('',(1.,0.,0.));
#7613=DIRECTION('',(0.,0.,-1.));
#7614=DIRECTION('',(-1.,0.,0.));
#7615=DIRECTION('',(0.,0.,1.));
#7616=DIRECTION('',(1.,0.,0.));
#7617=DIRECTION('',(0.,0.,-1.));
#7618=DIRECTION('',(-1.,0.,0.));
#7619=DIRECTION('',(0.,0.,1.));
#7620=DIRECTION('',(1.,0.,0.));
#7621=DIRECTION('',(0.,0.,-1.));
#7622=DIRECTION('',(-1.,0.,0.));
#7623=DIRECTION('',(0.,0.,1.));
#7624=DIRECTION('',(1.,0.,0.));
#7625=DIRECTION('',(0.,0.,1.));
#7626=DIRECTION('',(1.,0.,0.));
#7627=DIRECTION('',(0.,0.,-1.));
#7628=DIRECTION('',(-1.,0.,0.));
#7629=DIRECTION('',(0.,0.,1.));
#7630=DIRECTION('',(1.,0.,0.));
#7631=DIRECTION('',(0.,0.,1.));
#7632=DIRECTION('',(1.,0.,0.));
#7633=DIRECTION('',(0.,0.,1.));
#7634=DIRECTION('',(1.,0.,0.));
#7635=DIRECTION('',(0.,0.,1.));
#7636=DIRECTION('',(1.,0.,0.));
#7637=DIRECTION('',(0.,0.,1.));
#7638=DIRECTION('',(1.,0.,0.));
#7639=DIRECTION('',(0.,0.,1.));
#7640=DIRECTION('',(1.,0.,0.));
#7641=DIRECTION('',(0.,0.,1.));
#7642=DIRECTION('',(1.,0.,0.));
#7643=DIRECTION('',(0.,0.,1.));
#7644=DIRECTION('',(1.,0.,0.));
#7645=DIRECTION('',(0.,0.,1.));
#7646=DIRECTION('',(1.,0.,0.));
#7647=DIRECTION('',(0.,0.,1.));
#7648=DIRECTION('',(1.,0.,0.));
#7649=DIRECTION('',(0.,0.,1.));
#7650=DIRECTION('',(1.,0.,0.));
#7651=DIRECTION('',(0.,0.,1.));
#7652=DIRECTION('',(1.,0.,0.));
#7653=DIRECTION('',(0.,0.,1.));
#7654=DIRECTION('',(1.,0.,0.));
#7655=DIRECTION('',(0.,0.,1.));
#7656=DIRECTION('',(1.,0.,0.));
#7657=DIRECTION('',(0.,0.,1.));
#7658=DIRECTION('',(1.,0.,0.));
#7659=DIRECTION('',(0.,0.,1.));
#7660=DIRECTION('',(1.,0.,0.));
#7661=DIRECTION('',(0.,0.,1.));
#7662=DIRECTION('',(1.,0.,0.));
#7663=DIRECTION('',(0.,0.,1.));
#7664=DIRECTION('',(1.,0.,0.));
#7665=DIRECTION('',(0.,0.,1.));
#7666=DIRECTION('',(1.,0.,0.));
#7667=DIRECTION('',(0.,0.,1.));
#7668=DIRECTION('',(1.,0.,0.));
#7669=DIRECTION('',(0.,0.,1.));
#7670=DIRECTION('',(1.,0.,0.));
#7671=DIRECTION('',(0.,0.,-1.));
#7672=DIRECTION('',(-1.,0.,0.));
#7673=DIRECTION('',(0.,0.,1.));
#7674=DIRECTION('',(1.,0.,0.));
#7675=DIRECTION('',(0.,0.,1.));
#7676=DIRECTION('',(1.,0.,0.));
#7677=DIRECTION('',(0.,0.,1.));
#7678=DIRECTION('',(1.,0.,0.));
#7679=DIRECTION('',(0.,0.,1.));
#7680=DIRECTION('',(1.,0.,0.));
#7681=DIRECTION('',(0.,0.,1.));
#7682=DIRECTION('',(1.,0.,0.));
#7683=DIRECTION('',(0.,0.,1.));
#7684=DIRECTION('',(1.,0.,0.));
#7685=DIRECTION('',(0.,0.,1.));
#7686=DIRECTION('',(1.,0.,0.));
#7687=DIRECTION('',(0.,0.,1.));
#7688=DIRECTION('',(1.,0.,0.));
#7689=DIRECTION('',(0.,0.,1.));
#7690=DIRECTION('',(1.,0.,0.));
#7691=DIRECTION('',(0.,0.,1.));
#7692=DIRECTION('',(1.,0.,0.));
#7693=DIRECTION('',(0.,0.,1.));
#7694=DIRECTION('',(1.,0.,0.));
#7695=DIRECTION('',(0.,0.,1.));
#7696=DIRECTION('',(1.,0.,0.));
#7697=DIRECTION('',(0.,0.,1.));
#7698=DIRECTION('',(1.,0.,0.));
#7699=DIRECTION('',(0.,0.,1.));
#7700=DIRECTION('',(1.,0.,0.));
#7701=DIRECTION('',(0.,0.,1.));
#7702=DIRECTION('',(1.,0.,0.));
#7703=DIRECTION('',(0.,0.,1.));
#7704=DIRECTION('',(1.,0.,0.));
#7705=DIRECTION('',(0.,0.,1.));
#7706=DIRECTION('',(1.,0.,0.));
#7707=DIRECTION('',(0.,0.,1.));
#7708=DIRECTION('',(1.,0.,0.));
#7709=DIRECTION('',(0.,0.,1.));
#7710=DIRECTION('',(1.,0.,0.));
#7711=DIRECTION('',(0.,0.,1.));
#7712=DIRECTION('',(1.,0.,0.));
#7713=DIRECTION('',(0.,0.,1.));
#7714=DIRECTION('',(1.,0.,0.));
#7715=DIRECTION('',(0.,0.,1.));
#7716=DIRECTION('',(1.,0.,0.));
#7717=DIRECTION('',(0.,0.,1.));
#7718=DIRECTION('',(1.,0.,0.));
#7719=DIRECTION('',(0.,0.,1.));
#7720=DIRECTION('',(1.,0.,0.));
#7721=DIRECTION('',(0.,0.,1.));
#7722=DIRECTION('',(1.,0.,0.));
#7723=DIRECTION('',(0.,0.,1.));
#7724=DIRECTION('',(1.,0.,0.));
#7725=DIRECTION('',(0.,0.,1.));
#7726=DIRECTION('',(1.,0.,0.));
#7727=DIRECTION('',(0.,0.,1.));
#7728=DIRECTION('',(1.,0.,0.));
#7729=DIRECTION('',(0.,0.,1.));
#7730=DIRECTION('',(1.,0.,0.));
#7731=DIRECTION('',(0.,0.,1.));
#7732=DIRECTION('',(1.,0.,0.));
#7733=DIRECTION('',(0.,0.,1.));
#7734=DIRECTION('',(1.,0.,0.));
#7735=DIRECTION('',(0.,0.,1.));
#7736=DIRECTION('',(1.,0.,0.));
#7737=DIRECTION('',(0.,0.,-1.));
#7738=DIRECTION('',(-1.,0.,0.));
#7739=DIRECTION('',(0.,0.,1.));
#7740=DIRECTION('',(1.,0.,0.));
#7741=DIRECTION('',(0.,0.,1.));
#7742=DIRECTION('',(1.,0.,0.));
#7743=DIRECTION('',(0.,0.,-1.));
#7744=DIRECTION('',(-1.,0.,0.));
#7745=DIRECTION('',(0.,0.,1.));
#7746=DIRECTION('',(1.,0.,0.));
#7747=DIRECTION('',(0.,0.,1.));
#7748=DIRECTION('',(1.,0.,0.));
#7749=DIRECTION('',(0.,0.,1.));
#7750=DIRECTION('',(1.,0.,0.));
#7751=DIRECTION('',(0.,0.,1.));
#7752=DIRECTION('',(1.,0.,0.));
#7753=DIRECTION('',(0.,0.,1.));
#7754=DIRECTION('',(1.,0.,0.));
#7755=DIRECTION('',(0.,0.,1.));
#7756=DIRECTION('',(1.,0.,0.));
#7757=DIRECTION('',(0.,0.,1.));
#7758=DIRECTION('',(1.,0.,0.));
#7759=DIRECTION('',(0.,0.,1.));
#7760=DIRECTION('',(1.,0.,0.));
#7761=DIRECTION('',(0.,0.,1.));
#7762=DIRECTION('',(1.,0.,0.));
#7763=DIRECTION('',(0.,0.,1.));
#7764=DIRECTION('',(1.,0.,0.));
#7765=DIRECTION('',(0.,0.,1.));
#7766=DIRECTION('',(1.,0.,0.));
#7767=DIRECTION('',(0.,0.,1.));
#7768=DIRECTION('',(1.,0.,0.));
#7769=DIRECTION('',(0.,0.,1.));
#7770=DIRECTION('',(1.,0.,0.));
#7771=DIRECTION('',(0.,0.,1.));
#7772=DIRECTION('',(1.,0.,0.));
#7773=DIRECTION('',(0.,0.,1.));
#7774=DIRECTION('',(1.,0.,0.));
#7775=DIRECTION('',(0.,0.,1.));
#7776=DIRECTION('',(1.,0.,0.));
#7777=DIRECTION('',(0.,0.,1.));
#7778=DIRECTION('',(1.,0.,0.));
#7779=DIRECTION('',(0.,0.,-1.));
#7780=DIRECTION('',(-1.,0.,0.));
#7781=DIRECTION('',(0.,0.,1.));
#7782=DIRECTION('',(1.,0.,0.));
#7783=DIRECTION('',(0.,0.,1.));
#7784=DIRECTION('',(1.,0.,0.));
#7785=DIRECTION('',(0.,0.,1.));
#7786=DIRECTION('',(1.,0.,0.));
#7787=DIRECTION('',(0.,0.,1.));
#7788=DIRECTION('',(1.,0.,0.));
#7789=DIRECTION('',(0.,0.,1.));
#7790=DIRECTION('',(1.,0.,0.));
#7791=DIRECTION('',(0.,0.,1.));
#7792=DIRECTION('',(1.,0.,0.));
#7793=DIRECTION('',(0.,0.,1.));
#7794=DIRECTION('',(1.,0.,0.));
#7795=DIRECTION('',(0.,0.,1.));
#7796=DIRECTION('',(1.,0.,0.));
#7797=DIRECTION('',(0.,0.,1.));
#7798=DIRECTION('',(1.,0.,0.));
#7799=DIRECTION('',(0.,0.,1.));
#7800=DIRECTION('',(1.,0.,0.));
#7801=DIRECTION('',(0.,0.,1.));
#7802=DIRECTION('',(1.,0.,0.));
#7803=DIRECTION('',(0.,0.,1.));
#7804=DIRECTION('',(1.,0.,0.));
#7805=DIRECTION('',(0.,0.,-1.));
#7806=DIRECTION('',(-1.,0.,0.));
#7807=DIRECTION('',(0.,0.,1.));
#7808=DIRECTION('',(1.,0.,0.));
#7809=DIRECTION('',(0.,0.,1.));
#7810=DIRECTION('',(1.,0.,0.));
#7811=DIRECTION('',(0.,0.,1.));
#7812=DIRECTION('',(1.,0.,0.));
#7813=DIRECTION('',(0.,0.,1.));
#7814=DIRECTION('',(1.,0.,0.));
#7815=DIRECTION('',(0.,0.,1.));
#7816=DIRECTION('',(1.,0.,0.));
#7817=DIRECTION('',(0.,0.,1.));
#7818=DIRECTION('',(1.,0.,0.));
#7819=DIRECTION('',(0.,0.,1.));
#7820=DIRECTION('',(1.,0.,0.));
#7821=DIRECTION('',(0.,0.,1.));
#7822=DIRECTION('',(1.,0.,0.));
#7823=DIRECTION('',(0.,0.,1.));
#7824=DIRECTION('',(1.,0.,0.));
#7825=DIRECTION('',(0.,0.,1.));
#7826=DIRECTION('',(1.,0.,0.));
#7827=DIRECTION('',(0.,0.,1.));
#7828=DIRECTION('',(1.,0.,0.));
#7829=DIRECTION('',(0.,0.,1.));
#7830=DIRECTION('',(1.,0.,0.));
#7831=DIRECTION('',(0.,0.,1.));
#7832=DIRECTION('',(1.,0.,0.));
#7833=DIRECTION('',(0.,0.,1.));
#7834=DIRECTION('',(1.,0.,0.));
#7835=DIRECTION('',(0.,0.,1.));
#7836=DIRECTION('',(1.,0.,0.));
#7837=DIRECTION('',(0.,0.,1.));
#7838=DIRECTION('',(1.,0.,0.));
#7839=DIRECTION('',(0.,0.,1.));
#7840=DIRECTION('',(1.,0.,0.));
#7841=DIRECTION('',(0.,0.,1.));
#7842=DIRECTION('',(1.,0.,0.));
#7843=DIRECTION('',(0.,0.,-1.));
#7844=DIRECTION('',(-1.,0.,0.));
#7845=DIRECTION('',(0.,0.,1.));
#7846=DIRECTION('',(1.,0.,0.));
#7847=DIRECTION('',(0.,0.,1.));
#7848=DIRECTION('',(1.,0.,0.));
#7849=DIRECTION('',(0.,0.,1.));
#7850=DIRECTION('',(1.,0.,0.));
#7851=DIRECTION('',(0.,0.,1.));
#7852=DIRECTION('',(1.,0.,0.));
#7853=DIRECTION('',(0.,0.,1.));
#7854=DIRECTION('',(1.,0.,0.));
#7855=DIRECTION('',(0.,0.,-1.));
#7856=DIRECTION('',(-1.,0.,0.));
#7857=DIRECTION('',(0.,0.,1.));
#7858=DIRECTION('',(1.,0.,0.));
#7859=DIRECTION('',(0.,0.,1.));
#7860=DIRECTION('',(1.,0.,0.));
#7861=DIRECTION('',(0.,0.,-1.));
#7862=DIRECTION('',(-1.,0.,0.));
#7863=DIRECTION('',(0.,0.,1.));
#7864=DIRECTION('',(1.,0.,0.));
#7865=DIRECTION('',(0.,0.,1.));
#7866=DIRECTION('',(1.,0.,0.));
#7867=DIRECTION('',(0.,0.,1.));
#7868=DIRECTION('',(1.,0.,0.));
#7869=DIRECTION('',(0.,0.,1.));
#7870=DIRECTION('',(1.,0.,0.));
#7871=DIRECTION('',(0.,0.,1.));
#7872=DIRECTION('',(1.,0.,0.));
#7873=DIRECTION('',(0.,0.,1.));
#7874=DIRECTION('',(1.,0.,0.));
#7875=DIRECTION('',(0.,0.,1.));
#7876=DIRECTION('',(1.,0.,0.));
#7877=DIRECTION('',(0.,0.,1.));
#7878=DIRECTION('',(1.,0.,0.));
#7879=DIRECTION('',(0.,0.,1.));
#7880=DIRECTION('',(1.,0.,0.));
#7881=DIRECTION('',(0.,0.,1.));
#7882=DIRECTION('',(1.,0.,0.));
#7883=DIRECTION('',(0.,0.,1.));
#7884=DIRECTION('',(1.,0.,0.));
#7885=DIRECTION('',(0.,0.,1.));
#7886=DIRECTION('',(1.,0.,0.));
#7887=DIRECTION('',(0.,0.,-1.));
#7888=DIRECTION('',(-1.,0.,0.));
#7889=DIRECTION('',(0.,0.,1.));
#7890=DIRECTION('',(1.,0.,0.));
#7891=DIRECTION('',(0.,0.,1.));
#7892=DIRECTION('',(1.,0.,0.));
#7893=DIRECTION('',(0.,0.,1.));
#7894=DIRECTION('',(1.,0.,0.));
#7895=DIRECTION('',(0.,0.,1.));
#7896=DIRECTION('',(1.,0.,0.));
#7897=DIRECTION('',(0.,0.,1.));
#7898=DIRECTION('',(1.,0.,0.));
#7899=DIRECTION('',(0.,0.,1.));
#7900=DIRECTION('',(1.,0.,0.));
#7901=DIRECTION('',(0.,0.,1.));
#7902=DIRECTION('',(1.,0.,0.));
#7903=DIRECTION('',(0.,0.,1.));
#7904=DIRECTION('',(1.,0.,0.));
#7905=DIRECTION('',(0.,0.,1.));
#7906=DIRECTION('',(1.,0.,0.));
#7907=DIRECTION('',(0.,0.,1.));
#7908=DIRECTION('',(1.,0.,0.));
#7909=DIRECTION('',(0.,0.,1.));
#7910=DIRECTION('',(1.,0.,0.));
#7911=DIRECTION('',(0.,0.,1.));
#7912=DIRECTION('',(1.,0.,0.));
#7913=DIRECTION('',(0.,0.,1.));
#7914=DIRECTION('',(1.,0.,0.));
#7915=DIRECTION('',(0.,0.,1.));
#7916=DIRECTION('',(1.,0.,0.));
#7917=DIRECTION('',(0.,0.,1.));
#7918=DIRECTION('',(1.,0.,0.));
#7919=DIRECTION('',(0.,0.,1.));
#7920=DIRECTION('',(1.,0.,0.));
#7921=DIRECTION('',(0.,0.,1.));
#7922=DIRECTION('',(1.,0.,0.));
#7923=DIRECTION('',(0.,0.,1.));
#7924=DIRECTION('',(1.,0.,0.));
#7925=DIRECTION('',(0.,0.,-1.));
#7926=DIRECTION('',(-1.,0.,0.));
#7927=DIRECTION('',(0.,0.,1.));
#7928=DIRECTION('',(1.,0.,0.));
#7929=DIRECTION('',(0.,0.,1.));
#7930=DIRECTION('',(1.,0.,0.));
#7931=DIRECTION('',(0.,0.,1.));
#7932=DIRECTION('',(1.,0.,0.));
#7933=DIRECTION('',(0.,0.,1.));
#7934=DIRECTION('',(1.,0.,0.));
#7935=DIRECTION('',(0.,0.,1.));
#7936=DIRECTION('',(1.,0.,0.));
#7937=DIRECTION('',(0.,0.,-1.));
#7938=DIRECTION('',(-1.,0.,0.));
#7939=DIRECTION('',(0.,0.,1.));
#7940=DIRECTION('',(1.,0.,0.));
#7941=DIRECTION('',(0.,0.,1.));
#7942=DIRECTION('',(1.,0.,0.));
#7943=DIRECTION('',(0.,0.,-1.));
#7944=DIRECTION('',(-1.,0.,0.));
#7945=DIRECTION('',(0.,0.,1.));
#7946=DIRECTION('',(1.,0.,0.));
#7947=DIRECTION('',(0.,0.,1.));
#7948=DIRECTION('',(1.,0.,0.));
#7949=DIRECTION('',(0.,0.,1.));
#7950=DIRECTION('',(1.,0.,0.));
#7951=DIRECTION('',(0.,0.,1.));
#7952=DIRECTION('',(1.,0.,0.));
#7953=DIRECTION('',(0.,0.,1.));
#7954=DIRECTION('',(1.,0.,0.));
#7955=DIRECTION('',(0.,0.,1.));
#7956=DIRECTION('',(1.,0.,0.));
#7957=DIRECTION('',(0.,0.,1.));
#7958=DIRECTION('',(1.,0.,0.));
#7959=DIRECTION('',(0.,0.,1.));
#7960=DIRECTION('',(1.,0.,0.));
#7961=DIRECTION('',(0.,0.,-1.));
#7962=DIRECTION('',(-1.,0.,0.));
#7963=DIRECTION('',(0.,0.,1.));
#7964=DIRECTION('',(1.,0.,0.));
#7965=DIRECTION('',(0.,0.,1.));
#7966=DIRECTION('',(1.,0.,0.));
#7967=DIRECTION('',(0.,0.,1.));
#7968=DIRECTION('',(1.,0.,0.));
#7969=DIRECTION('',(0.,0.,1.));
#7970=DIRECTION('',(1.,0.,0.));
#7971=DIRECTION('',(0.,0.,1.));
#7972=DIRECTION('',(1.,0.,0.));
#7973=DIRECTION('',(0.,0.,1.));
#7974=DIRECTION('',(1.,0.,0.));
#7975=DIRECTION('',(0.,0.,1.));
#7976=DIRECTION('',(1.,0.,0.));
#7977=DIRECTION('',(0.,0.,-1.));
#7978=DIRECTION('',(-1.,0.,0.));
#7979=DIRECTION('',(0.,0.,1.));
#7980=DIRECTION('',(1.,0.,0.));
#7981=DIRECTION('',(0.,0.,1.));
#7982=DIRECTION('',(1.,0.,0.));
#7983=DIRECTION('',(0.,0.,-1.));
#7984=DIRECTION('',(-1.,0.,0.));
#7985=DIRECTION('',(0.,0.,1.));
#7986=DIRECTION('',(1.,0.,0.));
#7987=DIRECTION('',(0.,0.,1.));
#7988=DIRECTION('',(1.,0.,0.));
#7989=DIRECTION('',(0.,0.,1.));
#7990=DIRECTION('',(1.,0.,0.));
#7991=DIRECTION('',(0.,0.,1.));
#7992=DIRECTION('',(1.,0.,0.));
#7993=DIRECTION('',(0.,0.,1.));
#7994=DIRECTION('',(1.,0.,0.));
#7995=DIRECTION('',(0.,0.,1.));
#7996=DIRECTION('',(1.,0.,0.));
#7997=DIRECTION('',(0.,0.,1.));
#7998=DIRECTION('',(1.,0.,0.));
#7999=DIRECTION('',(0.,0.,-1.));
#8000=DIRECTION('',(-1.,0.,0.));
#8001=DIRECTION('',(0.,0.,1.));
#8002=DIRECTION('',(1.,0.,0.));
#8003=DIRECTION('',(0.,0.,1.));
#8004=DIRECTION('',(1.,0.,0.));
#8005=DIRECTION('',(0.,0.,-1.));
#8006=DIRECTION('',(-1.,0.,0.));
#8007=DIRECTION('',(0.,0.,1.));
#8008=DIRECTION('',(1.,0.,0.));
#8009=DIRECTION('',(0.,0.,1.));
#8010=DIRECTION('',(1.,0.,0.));
#8011=DIRECTION('',(0.,0.,1.));
#8012=DIRECTION('',(1.,0.,0.));
#8013=DIRECTION('',(0.,0.,1.));
#8014=DIRECTION('',(1.,0.,0.));
#8015=DIRECTION('',(0.,0.,1.));
#8016=DIRECTION('',(1.,0.,0.));
#8017=DIRECTION('',(0.,0.,1.));
#8018=DIRECTION('',(1.,0.,0.));
#8019=DIRECTION('',(0.,0.,1.));
#8020=DIRECTION('',(1.,0.,0.));
#8021=DIRECTION('',(0.,0.,1.));
#8022=DIRECTION('',(1.,0.,0.));
#8023=DIRECTION('',(0.,0.,1.));
#8024=DIRECTION('',(1.,0.,0.));
#8025=DIRECTION('',(0.,0.,1.));
#8026=DIRECTION('',(1.,0.,0.));
#8027=DIRECTION('',(0.,0.,-1.));
#8028=DIRECTION('',(-1.,0.,0.));
#8029=DIRECTION('',(0.,0.,1.));
#8030=DIRECTION('',(1.,0.,0.));
#8031=DIRECTION('',(0.,0.,1.));
#8032=DIRECTION('',(1.,0.,0.));
#8033=DIRECTION('',(0.,0.,-1.));
#8034=DIRECTION('',(-1.,0.,0.));
#8035=DIRECTION('',(0.,0.,1.));
#8036=DIRECTION('',(1.,0.,0.));
#8037=DIRECTION('',(0.,0.,1.));
#8038=DIRECTION('',(1.,0.,0.));
#8039=DIRECTION('',(0.,0.,1.));
#8040=DIRECTION('',(1.,0.,0.));
#8041=DIRECTION('',(0.,0.,1.));
#8042=DIRECTION('',(1.,0.,0.));
#8043=DIRECTION('',(0.,0.,1.));
#8044=DIRECTION('',(1.,0.,0.));
#8045=DIRECTION('',(0.,0.,1.));
#8046=DIRECTION('',(1.,0.,0.));
#8047=DIRECTION('',(0.,0.,1.));
#8048=DIRECTION('',(1.,0.,0.));
#8049=DIRECTION('',(0.,0.,1.));
#8050=DIRECTION('',(1.,0.,0.));
#8051=DIRECTION('',(0.,0.,1.));
#8052=DIRECTION('',(1.,0.,0.));
#8053=DIRECTION('',(0.,0.,1.));
#8054=DIRECTION('',(1.,0.,0.));
#8055=DIRECTION('',(0.,0.,-1.));
#8056=DIRECTION('',(-1.,0.,0.));
#8057=DIRECTION('',(0.,0.,1.));
#8058=DIRECTION('',(1.,0.,0.));
#8059=DIRECTION('',(0.,0.,1.));
#8060=DIRECTION('',(1.,0.,0.));
#8061=DIRECTION('',(0.,0.,-1.));
#8062=DIRECTION('',(-1.,0.,0.));
#8063=DIRECTION('',(0.,0.,1.));
#8064=DIRECTION('',(1.,0.,0.));
#8065=DIRECTION('',(0.,0.,1.));
#8066=DIRECTION('',(1.,0.,0.));
#8067=DIRECTION('',(0.,0.,1.));
#8068=DIRECTION('',(1.,0.,0.));
#8069=DIRECTION('',(0.,0.,1.));
#8070=DIRECTION('',(1.,0.,0.));
#8071=DIRECTION('',(0.,0.,1.));
#8072=DIRECTION('',(1.,0.,0.));
#8073=DIRECTION('',(0.,0.,1.));
#8074=DIRECTION('',(1.,0.,0.));
#8075=DIRECTION('',(0.,0.,1.));
#8076=DIRECTION('',(1.,0.,0.));
#8077=DIRECTION('',(0.,0.,-1.));
#8078=DIRECTION('',(-1.,0.,0.));
#8079=DIRECTION('',(0.,0.,1.));
#8080=DIRECTION('',(1.,0.,0.));
#8081=DIRECTION('',(0.,0.,1.));
#8082=DIRECTION('',(1.,0.,0.));
#8083=DIRECTION('',(0.,0.,-1.));
#8084=DIRECTION('',(-1.,0.,0.));
#8085=DIRECTION('',(0.,0.,1.));
#8086=DIRECTION('',(1.,0.,0.));
#8087=DIRECTION('',(0.,0.,1.));
#8088=DIRECTION('',(1.,0.,0.));
#8089=DIRECTION('',(0.,0.,1.));
#8090=DIRECTION('',(1.,0.,0.));
#8091=DIRECTION('',(0.,0.,1.));
#8092=DIRECTION('',(1.,0.,0.));
#8093=DIRECTION('',(0.,0.,1.));
#8094=DIRECTION('',(1.,0.,0.));
#8095=DIRECTION('',(0.,0.,1.));
#8096=DIRECTION('',(1.,0.,0.));
#8097=DIRECTION('',(0.,0.,1.));
#8098=DIRECTION('',(1.,0.,0.));
#8099=DIRECTION('',(0.,0.,-1.));
#8100=DIRECTION('',(-1.,0.,0.));
#8101=DIRECTION('',(0.,0.,1.));
#8102=DIRECTION('',(1.,0.,0.));
#8103=DIRECTION('',(0.,0.,1.));
#8104=DIRECTION('',(1.,0.,0.));
#8105=DIRECTION('',(0.,0.,-1.));
#8106=DIRECTION('',(-1.,0.,0.));
#8107=DIRECTION('',(0.,0.,1.));
#8108=DIRECTION('',(1.,0.,0.));
#8109=DIRECTION('',(0.,0.,-1.));
#8110=DIRECTION('',(-1.,0.,0.));
#8111=DIRECTION('',(0.,0.,-1.));
#8112=DIRECTION('',(-1.,0.,0.));
#8113=DIRECTION('',(0.,0.,-1.));
#8114=DIRECTION('',(-1.,0.,0.));
#8115=DIRECTION('',(0.,0.,-1.));
#8116=DIRECTION('',(-1.,0.,0.));
#8117=DIRECTION('',(0.,0.,-1.));
#8118=DIRECTION('',(-1.,0.,0.));
#8119=DIRECTION('',(0.,0.,1.));
#8120=DIRECTION('',(1.,0.,0.));
#8121=DIRECTION('',(0.,0.,-1.));
#8122=DIRECTION('',(-1.,0.,0.));
#8123=DIRECTION('',(0.,0.,-1.));
#8124=DIRECTION('',(-1.,0.,0.));
#8125=DIRECTION('',(0.,0.,-1.));
#8126=DIRECTION('',(-1.,0.,0.));
#8127=DIRECTION('',(0.,0.,-1.));
#8128=DIRECTION('',(-1.,0.,0.));
#8129=DIRECTION('',(0.,0.,-1.));
#8130=DIRECTION('',(-1.,0.,0.));
#8131=DIRECTION('',(0.,0.,1.));
#8132=DIRECTION('',(1.,0.,0.));
#8133=DIRECTION('',(0.,0.,-1.));
#8134=DIRECTION('',(-1.,0.,0.));
#8135=DIRECTION('',(0.,0.,-1.));
#8136=DIRECTION('',(-1.,0.,0.));
#8137=DIRECTION('',(0.,0.,1.));
#8138=DIRECTION('',(1.,0.,0.));
#8139=DIRECTION('',(0.,0.,-1.));
#8140=DIRECTION('',(-1.,0.,0.));
#8141=DIRECTION('',(0.,0.,-1.));
#8142=DIRECTION('',(-1.,0.,0.));
#8143=DIRECTION('',(0.,0.,-1.));
#8144=DIRECTION('',(-1.,0.,0.));
#8145=DIRECTION('',(0.,0.,-1.));
#8146=DIRECTION('',(-1.,0.,0.));
#8147=DIRECTION('',(0.,0.,-1.));
#8148=DIRECTION('',(-1.,0.,0.));
#8149=DIRECTION('',(0.,0.,1.));
#8150=DIRECTION('',(1.,0.,0.));
#8151=DIRECTION('',(0.,0.,-1.));
#8152=DIRECTION('',(-1.,0.,0.));
#8153=DIRECTION('',(0.,0.,-1.));
#8154=DIRECTION('',(-1.,0.,0.));
#8155=DIRECTION('',(0.,0.,-1.));
#8156=DIRECTION('',(-1.,0.,0.));
#8157=DIRECTION('',(0.,0.,-1.));
#8158=DIRECTION('',(-1.,0.,0.));
#8159=DIRECTION('',(0.,0.,-1.));
#8160=DIRECTION('',(-1.,0.,0.));
#8161=DIRECTION('',(0.,0.,-1.));
#8162=DIRECTION('',(-1.,0.,0.));
#8163=DIRECTION('',(0.,0.,-1.));
#8164=DIRECTION('',(-1.,0.,0.));
#8165=DIRECTION('',(0.,0.,-1.));
#8166=DIRECTION('',(-1.,0.,0.));
#8167=DIRECTION('',(0.,0.,1.));
#8168=DIRECTION('',(1.,0.,0.));
#8169=DIRECTION('',(0.,0.,-1.));
#8170=DIRECTION('',(-1.,0.,0.));
#8171=DIRECTION('',(0.,0.,-1.));
#8172=DIRECTION('',(-1.,0.,0.));
#8173=DIRECTION('',(0.,0.,1.));
#8174=DIRECTION('',(1.,0.,0.));
#8175=DIRECTION('',(0.,0.,-1.));
#8176=DIRECTION('',(-1.,0.,0.));
#8177=DIRECTION('',(0.,0.,-1.));
#8178=DIRECTION('',(-1.,0.,0.));
#8179=DIRECTION('',(0.,0.,-1.));
#8180=DIRECTION('',(-1.,0.,0.));
#8181=DIRECTION('',(0.,0.,1.));
#8182=DIRECTION('',(1.,0.,0.));
#8183=DIRECTION('',(0.,0.,1.));
#8184=DIRECTION('',(1.,0.,0.));
#8185=DIRECTION('',(0.,0.,1.));
#8186=DIRECTION('',(1.,0.,0.));
#8187=DIRECTION('',(0.,0.,-1.));
#8188=DIRECTION('',(-1.,0.,0.));
#8189=DIRECTION('',(0.,0.,-1.));
#8190=DIRECTION('',(-1.,0.,0.));
#8191=DIRECTION('',(0.,0.,1.));
#8192=DIRECTION('',(1.,0.,0.));
#8193=DIRECTION('',(0.,0.,1.));
#8194=DIRECTION('',(1.,0.,0.));
#8195=DIRECTION('',(0.,0.,1.));
#8196=DIRECTION('',(1.,0.,0.));
#8197=DIRECTION('',(0.,0.,1.));
#8198=DIRECTION('',(1.,0.,0.));
#8199=DIRECTION('',(0.,0.,-1.));
#8200=DIRECTION('',(-1.,0.,0.));
#8201=DIRECTION('',(0.,0.,-1.));
#8202=DIRECTION('',(-1.,0.,0.));
#8203=DIRECTION('',(0.,0.,1.));
#8204=DIRECTION('',(1.,0.,0.));
#8205=DIRECTION('',(0.,0.,1.));
#8206=DIRECTION('',(1.,0.,0.));
#8207=DIRECTION('',(0.,0.,1.));
#8208=DIRECTION('',(1.,0.,0.));
#8209=DIRECTION('',(0.,0.,1.));
#8210=DIRECTION('',(1.,0.,0.));
#8211=DIRECTION('',(0.,0.,1.));
#8212=DIRECTION('',(1.,0.,0.));
#8213=DIRECTION('',(0.,0.,1.));
#8214=DIRECTION('',(1.,0.,0.));
#8215=DIRECTION('',(0.,0.,-1.));
#8216=DIRECTION('',(-1.,0.,0.));
#8217=DIRECTION('',(0.,0.,-1.));
#8218=DIRECTION('',(-1.,0.,0.));
#8219=DIRECTION('',(0.,0.,1.));
#8220=DIRECTION('',(1.,0.,0.));
#8221=DIRECTION('',(0.,0.,1.));
#8222=DIRECTION('',(1.,0.,0.));
#8223=DIRECTION('',(0.,0.,1.));
#8224=DIRECTION('',(1.,0.,0.));
#8225=DIRECTION('',(0.,0.,1.));
#8226=DIRECTION('',(1.,0.,0.));
#8227=DIRECTION('',(0.,0.,-1.));
#8228=DIRECTION('',(-1.,0.,0.));
#8229=DIRECTION('',(0.,0.,-1.));
#8230=DIRECTION('',(-1.,0.,0.));
#8231=DIRECTION('',(0.,0.,1.));
#8232=DIRECTION('',(1.,0.,0.));
#8233=DIRECTION('',(0.,0.,1.));
#8234=DIRECTION('',(1.,0.,0.));
#8235=DIRECTION('',(0.,0.,1.));
#8236=DIRECTION('',(1.,0.,0.));
#8237=DIRECTION('',(0.,0.,1.));
#8238=DIRECTION('',(1.,0.,0.));
#8239=DIRECTION('',(0.,0.,1.));
#8240=DIRECTION('',(1.,0.,0.));
#8241=DIRECTION('',(0.,0.,1.));
#8242=DIRECTION('',(1.,0.,0.));
#8243=DIRECTION('',(0.,0.,-1.));
#8244=DIRECTION('',(-1.,0.,0.));
#8245=DIRECTION('',(0.,0.,-1.));
#8246=DIRECTION('',(-1.,0.,0.));
#8247=DIRECTION('',(0.,0.,1.));
#8248=DIRECTION('',(1.,0.,0.));
#8249=DIRECTION('',(0.,0.,1.));
#8250=DIRECTION('',(1.,0.,0.));
#8251=DIRECTION('',(0.,0.,1.));
#8252=DIRECTION('',(1.,0.,0.));
#8253=DIRECTION('',(0.,0.,1.));
#8254=DIRECTION('',(1.,0.,0.));
#8255=DIRECTION('',(0.,0.,-1.));
#8256=DIRECTION('',(-1.,0.,0.));
#8257=DIRECTION('',(0.,0.,-1.));
#8258=DIRECTION('',(-1.,0.,0.));
#8259=DIRECTION('',(0.,0.,1.));
#8260=DIRECTION('',(1.,0.,0.));
#8261=DIRECTION('',(0.,0.,1.));
#8262=DIRECTION('',(1.,0.,0.));
#8263=DIRECTION('',(0.,0.,1.));
#8264=DIRECTION('',(1.,0.,0.));
#8265=DIRECTION('',(0.,0.,-1.));
#8266=DIRECTION('',(-1.,0.,0.));
#8267=DIRECTION('',(0.,0.,1.));
#8268=DIRECTION('',(1.,0.,0.));
#8269=DIRECTION('',(0.,0.,1.));
#8270=DIRECTION('',(1.,0.,0.));
#8271=DIRECTION('',(0.,0.,1.));
#8272=DIRECTION('',(1.,0.,0.));
#8273=DIRECTION('',(0.,0.,1.));
#8274=DIRECTION('',(1.,0.,0.));
#8275=DIRECTION('',(0.,0.,-1.));
#8276=DIRECTION('',(-1.,0.,0.));
#8277=DIRECTION('',(0.,0.,-1.));
#8278=DIRECTION('',(-1.,0.,0.));
#8279=DIRECTION('',(0.,0.,1.));
#8280=DIRECTION('',(1.,0.,0.));
#8281=DIRECTION('',(0.,0.,1.));
#8282=DIRECTION('',(1.,0.,0.));
#8283=DIRECTION('',(0.,0.,1.));
#8284=DIRECTION('',(1.,0.,0.));
#8285=DIRECTION('',(0.,0.,1.));
#8286=DIRECTION('',(1.,0.,0.));
#8287=DIRECTION('',(0.,0.,-1.));
#8288=DIRECTION('',(-1.,0.,0.));
#8289=DIRECTION('',(0.,0.,-1.));
#8290=DIRECTION('',(-1.,0.,0.));
#8291=DIRECTION('',(0.,0.,1.));
#8292=DIRECTION('',(1.,0.,0.));
#8293=DIRECTION('',(0.,0.,1.));
#8294=DIRECTION('',(1.,0.,0.));
#8295=DIRECTION('',(0.,0.,1.));
#8296=DIRECTION('',(1.,0.,0.));
#8297=DIRECTION('',(0.,0.,1.));
#8298=DIRECTION('',(1.,0.,0.));
#8299=DIRECTION('',(0.,0.,-1.));
#8300=DIRECTION('',(-1.,0.,0.));
#8301=DIRECTION('',(0.,0.,-1.));
#8302=DIRECTION('',(-1.,0.,0.));
#8303=DIRECTION('',(0.,0.,-1.));
#8304=DIRECTION('',(-1.,0.,0.));
#8305=DIRECTION('',(0.,0.,-1.));
#8306=DIRECTION('',(-1.,0.,0.));
#8307=DIRECTION('',(0.,0.,-1.));
#8308=DIRECTION('',(-1.,0.,0.));
#8309=DIRECTION('',(0.,0.,-1.));
#8310=DIRECTION('',(-1.,0.,0.));
#8311=DIRECTION('',(0.,0.,-1.));
#8312=DIRECTION('',(-1.,0.,0.));
#8313=DIRECTION('',(0.,0.,-1.));
#8314=DIRECTION('',(-1.,0.,0.));
#8315=DIRECTION('',(0.,0.,-1.));
#8316=DIRECTION('',(-1.,0.,0.));
#8317=DIRECTION('',(0.,0.,-1.));
#8318=DIRECTION('',(-1.,0.,0.));
#8319=DIRECTION('',(0.,0.,-1.));
#8320=DIRECTION('',(-1.,0.,0.));
#8321=DIRECTION('',(0.,0.,-1.));
#8322=DIRECTION('',(-1.,0.,0.));
#8323=DIRECTION('',(0.,0.,-1.));
#8324=DIRECTION('',(-1.,0.,0.));
#8325=DIRECTION('',(0.,0.,1.));
#8326=DIRECTION('',(1.,0.,0.));
#8327=DIRECTION('',(0.,0.,1.));
#8328=DIRECTION('',(1.,0.,0.));
#8329=DIRECTION('',(0.,0.,1.));
#8330=DIRECTION('',(1.,0.,0.));
#8331=DIRECTION('',(-0.866025403784439,0.5,0.));
#8332=DIRECTION('',(-0.5,-0.866025403784439,0.));
#8333=DIRECTION('',(0.,0.,1.));
#8334=DIRECTION('',(-0.5,-0.866025403784439,0.));
#8335=DIRECTION('',(0.,0.,-1.));
#8336=DIRECTION('',(7.20550648085563E-16,1.,0.));
#8337=DIRECTION('',(-1.,7.20550648085563E-16,0.));
#8338=DIRECTION('',(0.,0.,1.));
#8339=DIRECTION('',(-1.,7.20550648085563E-16,0.));
#8340=DIRECTION('',(0.,0.,-1.));
#8341=DIRECTION('',(-0.819152044288991,0.573576436351047,0.));
#8342=DIRECTION('',(-0.573576436351047,-0.819152044288991,0.));
#8343=DIRECTION('',(0.,0.,1.));
#8344=DIRECTION('',(-0.573576436351047,-0.819152044288991,0.));
#8345=DIRECTION('',(0.,0.,-1.));
#8346=DIRECTION('',(-0.0871557427476587,0.996194698091745,0.));
#8347=DIRECTION('',(-0.996194698091746,-0.0871557427476587,0.));
#8348=DIRECTION('',(0.,0.,1.));
#8349=DIRECTION('',(-0.996194698091746,-0.0871557427476587,0.));
#8350=DIRECTION('',(0.,0.,-1.));
#8351=DIRECTION('',(0.,0.,-1.));
#8352=DIRECTION('',(-1.,0.,0.));
#8353=DIRECTION('',(0.,0.,-1.));
#8354=DIRECTION('',(-1.,0.,0.));
#8355=DIRECTION('',(0.,0.,-1.));
#8356=DIRECTION('',(-1.,0.,0.));
#8357=DIRECTION('',(0.,0.,-1.));
#8358=DIRECTION('',(-1.,0.,0.));
#8359=DIRECTION('',(0.,0.,-1.));
#8360=DIRECTION('',(-1.,0.,0.));
#8361=DIRECTION('',(0.,0.,-1.));
#8362=DIRECTION('',(-1.,0.,0.));
#8363=DIRECTION('',(0.,0.,-1.));
#8364=DIRECTION('',(-1.,0.,0.));
#8365=DIRECTION('',(0.,0.,-1.));
#8366=DIRECTION('',(-1.,0.,0.));
#8367=DIRECTION('',(-0.173648177666931,0.984807753012208,0.));
#8368=DIRECTION('',(-0.984807753012208,-0.173648177666931,0.));
#8369=DIRECTION('',(0.,0.,1.));
#8370=DIRECTION('',(-0.984807753012208,-0.173648177666931,0.));
#8371=DIRECTION('',(0.,0.,-1.));
#8372=DIRECTION('',(-0.766044443118978,0.642787609686539,0.));
#8373=DIRECTION('',(-0.642787609686539,-0.766044443118978,0.));
#8374=DIRECTION('',(0.,0.,1.));
#8375=DIRECTION('',(-0.642787609686539,-0.766044443118978,0.));
#8376=DIRECTION('',(0.,0.,-1.));
#8377=DIRECTION('',(-0.258819045102522,0.965925826289068,0.));
#8378=DIRECTION('',(-0.965925826289068,-0.258819045102522,0.));
#8379=DIRECTION('',(0.,0.,1.));
#8380=DIRECTION('',(-0.965925826289068,-0.258819045102522,0.));
#8381=DIRECTION('',(0.,0.,-1.));
#8382=DIRECTION('',(-0.707106781186547,0.707106781186548,0.));
#8383=DIRECTION('',(-0.707106781186548,-0.707106781186547,0.));
#8384=DIRECTION('',(0.,0.,1.));
#8385=DIRECTION('',(-0.707106781186548,-0.707106781186547,0.));
#8386=DIRECTION('',(0.,0.,-1.));
#8387=DIRECTION('',(0.,0.,-1.));
#8388=DIRECTION('',(-1.,0.,0.));
#8389=DIRECTION('',(0.,0.,-1.));
#8390=DIRECTION('',(-1.,0.,0.));
#8391=DIRECTION('',(0.,0.,-1.));
#8392=DIRECTION('',(-1.,0.,0.));
#8393=DIRECTION('',(0.,0.,-1.));
#8394=DIRECTION('',(-1.,0.,0.));
#8395=DIRECTION('',(0.,0.,-1.));
#8396=DIRECTION('',(-1.,0.,0.));
#8397=DIRECTION('',(0.,0.,-1.));
#8398=DIRECTION('',(-1.,0.,0.));
#8399=DIRECTION('',(0.,0.,-1.));
#8400=DIRECTION('',(-1.,0.,0.));
#8401=DIRECTION('',(0.,0.,-1.));
#8402=DIRECTION('',(-1.,0.,0.));
#8403=DIRECTION('',(0.,0.,1.));
#8404=DIRECTION('',(1.,0.,0.));
#8405=DIRECTION('',(-0.5,-0.866025403784438,3.53683354619575E-13));
#8406=DIRECTION('',(0.866025403784438,-0.5,0.));
#8407=DIRECTION('',(0.5,0.866025403784439,0.));
#8408=DIRECTION('',(-0.866025403784439,0.5,0.));
#8409=DIRECTION('',(-0.5,-0.866025403784438,0.));
#8410=DIRECTION('',(0.866025403784438,-0.5,0.));
#8411=DIRECTION('',(0.642787609686235,0.766044443119234,0.));
#8412=DIRECTION('',(-0.766044443119234,0.642787609686235,0.));
#8413=DIRECTION('',(0.642787609686539,0.766044443118978,0.));
#8414=DIRECTION('',(-0.766044443118978,0.642787609686539,0.));
#8415=DIRECTION('',(0.642787609686539,0.766044443118978,2.23011751318051E-15));
#8416=DIRECTION('',(-0.766044443118979,0.642787609686539,0.));
#8417=DIRECTION('',(0.707106781186806,0.707106781186289,0.));
#8418=DIRECTION('',(-0.707106781186289,0.707106781186806,0.));
#8419=DIRECTION('',(-0.707106781186548,-0.707106781186547,0.));
#8420=DIRECTION('',(0.707106781186547,-0.707106781186548,0.));
#8421=DIRECTION('',(0.707106781186548,0.707106781186548,0.));
#8422=DIRECTION('',(-0.707106781186548,0.707106781186548,0.));
#8423=DIRECTION('',(0.573576436351153,0.819152044288917,0.));
#8424=DIRECTION('',(-0.819152044288917,0.573576436351153,0.));
#8425=DIRECTION('',(-0.573576436351047,-0.819152044288991,0.));
#8426=DIRECTION('',(0.819152044288991,-0.573576436351047,0.));
#8427=DIRECTION('',(0.573576436351049,0.81915204428899,0.));
#8428=DIRECTION('',(-0.81915204428899,0.573576436351049,0.));
#8429=DIRECTION('',(-0.984807753012208,-0.173648177666928,0.));
#8430=DIRECTION('',(0.173648177666928,-0.984807753012208,0.));
#8431=DIRECTION('',(-0.984807753012208,-0.173648177666931,0.));
#8432=DIRECTION('',(0.173648177666931,-0.984807753012208,0.));
#8433=DIRECTION('',(-0.984807753012208,-0.173648177666928,1.50615785179706E-16));
#8434=DIRECTION('',(0.173648177666928,-0.984807753012208,0.));
#8435=DIRECTION('',(-1.,0.,1.38777878078145E-14));
#8436=DIRECTION('',(1.38777878078145E-14,0.,1.));
#8437=DIRECTION('',(-1.,7.20550648085563E-16,0.));
#8438=DIRECTION('',(-7.20550648085563E-16,-1.,0.));
#8439=DIRECTION('',(-1.,0.,0.));
#8440=DIRECTION('',(0.,0.,1.));
#8441=DIRECTION('',(0.996194698091746,0.0871557427476535,0.));
#8442=DIRECTION('',(-0.0871557427476535,0.996194698091746,0.));
#8443=DIRECTION('',(0.996194698091746,0.0871557427476587,0.));
#8444=DIRECTION('',(-0.0871557427476587,0.996194698091745,0.));
#8445=DIRECTION('',(0.996194698091745,0.0871557427476605,0.));
#8446=DIRECTION('',(-0.0871557427476605,0.996194698091745,0.));
#8447=DIRECTION('',(0.965925826289069,0.25881904510252,4.48979473569241E-16));
#8448=DIRECTION('',(-0.25881904510252,0.965925826289069,0.));
#8449=DIRECTION('',(0.965925826289068,0.258819045102522,0.));
#8450=DIRECTION('',(-0.258819045102522,0.965925826289068,0.));
#8451=DIRECTION('',(0.965925826289069,0.25881904510252,-4.48979473569239E-16));
#8452=DIRECTION('',(-0.25881904510252,0.965925826289069,0.));
#8453=DIRECTION('',(0.,0.,1.));
#8454=DIRECTION('',(1.,0.,0.));
#8455=DIRECTION('',(0.,0.,1.));
#8456=DIRECTION('',(1.,0.,0.));
#8457=DIRECTION('',(0.,0.,-1.));
#8458=DIRECTION('',(-1.,0.,0.));
#8459=DIRECTION('',(0.,0.,1.));
#8460=DIRECTION('',(1.,0.,0.));
#8461=DIRECTION('',(0.,0.,1.));
#8462=DIRECTION('',(1.,0.,0.));
#8463=CARTESIAN_POINT('',(0.,0.,0.));
#8464=CARTESIAN_POINT('',(0.,0.,0.005));
#8465=CARTESIAN_POINT('',(0.,4.59242549680257E-18,0.005));
#8466=CARTESIAN_POINT('',(0.0699684785397815,0.020818549681189,0.005));
#8467=CARTESIAN_POINT('',(0.0530136321637489,0.0501852050390026,0.005));
#8468=CARTESIAN_POINT('',(0.00141421356237308,-0.00141421356237308,0.005));
#8469=CARTESIAN_POINT('',(0.052306256162371,0.0494778290376248,0.005));
#8470=CARTESIAN_POINT('',(0.,4.28626379701574E-18,0.005));
#8471=CARTESIAN_POINT('',(0.0690021849518719,0.0205596320946572,0.005));
#8472=CARTESIAN_POINT('',(0.0699684785397815,0.020818549681189,0.005));
#8473=CARTESIAN_POINT('',(0.,0.,0.005));
#8474=CARTESIAN_POINT('',(0.,4.59242549680257E-18,0.005));
#8475=CARTESIAN_POINT('',(0.072520603346252,0.00835237033994397,0.005));
#8476=CARTESIAN_POINT('',(0.0722112762259372,0.010701943086253,0.005));
#8477=CARTESIAN_POINT('',(0.000347296355333867,-0.00196961550602444,0.005));
#8478=CARTESIAN_POINT('',(0.071226093522297,0.0105282287946739,0.005));
#8479=CARTESIAN_POINT('',(0.,4.28626379701574E-18,0.005));
#8480=CARTESIAN_POINT('',(0.0715240293621255,0.00826518141396803,0.005));
#8481=CARTESIAN_POINT('',(0.072520603346252,0.00835237033994397,0.005));
#8482=CARTESIAN_POINT('',(0.,4.59242549680257E-18,0.003));
#8483=CARTESIAN_POINT('',(0.,4.59242549680257E-18,0.003));
#8484=CARTESIAN_POINT('',(0.0515601421633589,0.0544660604422076,0.003));
#8485=CARTESIAN_POINT('',(0.07294906306869,0.0174193627151022,0.003));
#8486=CARTESIAN_POINT('',(0.0530136321637489,0.0501852050390026,0.005));
#8487=CARTESIAN_POINT('',(0.0531686889738742,0.0503489873387441,0.005));
#8488=CARTESIAN_POINT('',(0.0533488300471554,0.0507695952389777,0.00492067274375981));
#8489=CARTESIAN_POINT('',(0.0533433365363736,0.051617026372193,0.00462694728484536));
#8490=CARTESIAN_POINT('',(0.0530112449720132,0.0525850841302937,0.00417326012399917));
#8491=CARTESIAN_POINT('',(0.0523790448052224,0.0536024611890652,0.00359398749906056));
#8492=CARTESIAN_POINT('',(0.0518480818102994,0.0541934831893242,0.00319817655940726));
#8493=CARTESIAN_POINT('',(0.0515601421633589,0.0544660604422076,0.003));
#8494=CARTESIAN_POINT('',(0.0699684785397815,0.020818549681189,0.005));
#8495=CARTESIAN_POINT('',(0.0701878465771106,0.0208709416679163,0.005));
#8496=CARTESIAN_POINT('',(0.0706421742403884,0.020816644463515,0.0049206727437824));
#8497=CARTESIAN_POINT('',(0.0713733243743039,0.0203881713770799,0.00462694728473289));
#8498=CARTESIAN_POINT('',(0.0720456412030874,0.0196165427664176,0.00417326012490146));
#8499=CARTESIAN_POINT('',(0.0726106154973285,0.0185603528343521,0.00359398749577067));
#8500=CARTESIAN_POINT('',(0.0728569740674915,0.0178050143871082,0.00319817656648901));
#8501=CARTESIAN_POINT('',(0.07294906306869,0.0174193627151022,0.003));
#8502=CARTESIAN_POINT('',(0.,4.59242549680257E-18,0.003));
#8503=CARTESIAN_POINT('',(0.,4.59242549680257E-18,0.003));
#8504=CARTESIAN_POINT('',(0.0734760447074686,0.0150423021557896,0.003));
#8505=CARTESIAN_POINT('',(0.0748656434766192,0.00448725158997635,0.003));
#8506=CARTESIAN_POINT('',(0.0722112762259372,0.010701943086253,0.005));
#8507=CARTESIAN_POINT('',(0.0724322329967553,0.0107471687593212,0.005));
#8508=CARTESIAN_POINT('',(0.0728210467057087,0.0109883859057998,0.00492067274378247));
#8509=CARTESIAN_POINT('',(0.0733026132145774,0.0116857117992381,0.00462694728473243));
#8510=CARTESIAN_POINT('',(0.0735858348497117,0.012669178187303,0.00417326012490498));
#8511=CARTESIAN_POINT('',(0.0736515102989021,0.0138651798014759,0.00359398749575765));
#8512=CARTESIAN_POINT('',(0.0735555671678398,0.0146538645487685,0.00319817656651693));
#8513=CARTESIAN_POINT('',(0.0734760447074686,0.0150423021557896,0.003));
#8514=CARTESIAN_POINT('',(0.0725206033462521,0.00835237033994397,0.005));
#8515=CARTESIAN_POINT('',(0.0727457364631964,0.00836587351474819,0.00499999999999999));
#8516=CARTESIAN_POINT('',(0.0731837332578037,0.00823350803609484,0.00492067274378238));
#8517=CARTESIAN_POINT('',(0.0738293720076607,0.00768458153026121,0.0046269472847327));
#8518=CARTESIAN_POINT('',(0.0743574829310501,0.00680792909990126,0.00417326012490257));
#8519=CARTESIAN_POINT('',(0.0747304685392979,0.00566967830952889,0.00359398749576637));
#8520=CARTESIAN_POINT('',(0.0748419212243301,0.00488303543376674,0.00319817656649816));
#8521=CARTESIAN_POINT('',(0.0748656434766192,0.00448725158997635,0.003));
#8522=CARTESIAN_POINT('',(0.,4.28626379701574E-18,0.003));
#8523=CARTESIAN_POINT('',(0.0523062561623711,0.0494778290376249,0.005));
#8524=CARTESIAN_POINT('',(0.0521539654300799,0.0493168463300242,0.00500000000000002));
#8525=CARTESIAN_POINT('',(0.0517471110998517,0.0491191535351638,0.00491999062854155));
#8526=CARTESIAN_POINT('',(0.0509191354896357,0.0491306009938657,0.00461482883984435));
#8527=CARTESIAN_POINT('',(0.0499828488519397,0.0494731609607499,0.00415665121652115));
#8528=CARTESIAN_POINT('',(0.0489850867612974,0.0500869933275134,0.00358330995528953));
#8529=CARTESIAN_POINT('',(0.0483867274681876,0.0505853403544173,0.00319489082410304));
#8530=CARTESIAN_POINT('',(0.0481034448976908,0.0508533046023051,0.003));
#8531=CARTESIAN_POINT('',(0.0481034448976908,0.0508533046023051,0.003));
#8532=CARTESIAN_POINT('',(0.,4.28626379701574E-18,0.003));
#8533=CARTESIAN_POINT('',(0.0540144229583776,0.0445246236645914,0.003));
#8534=CARTESIAN_POINT('',(0.,4.28626379701574E-18,0.003));
#8535=CARTESIAN_POINT('',(0.055256374681171,0.0429736321142866,0.003));
#8536=CARTESIAN_POINT('',(0.,4.28626379701574E-18,0.003));
#8537=CARTESIAN_POINT('',(0.064844444444438,0.0263666081377981,0.003));
#8538=CARTESIAN_POINT('',(0.,4.28626379701574E-18,0.003));
#8539=CARTESIAN_POINT('',(0.0655666666666667,0.0245155506204169,0.003));
#8540=CARTESIAN_POINT('',(0.,4.28626379701574E-18,0.003));
#8541=CARTESIAN_POINT('',(0.0680919761008297,0.0162321529897927,0.003));
#8542=CARTESIAN_POINT('',(0.0690021849518719,0.0205596320946572,0.005));
#8543=CARTESIAN_POINT('',(0.0687866244713741,0.0205082358055325,0.005));
#8544=CARTESIAN_POINT('',(0.0684119903237651,0.0202547360173486,0.00491999062853534));
#8545=CARTESIAN_POINT('',(0.0680079163087059,0.0195319643758185,0.00461482883987518));
#8546=CARTESIAN_POINT('',(0.0678364386234669,0.0185498363790432,0.00415665121627358));
#8547=CARTESIAN_POINT('',(0.0678691520015614,0.0173788328776729,0.00358330995619203));
#8548=CARTESIAN_POINT('',(0.068001553539876,0.0166114650171808,0.00319489082216003));
#8549=CARTESIAN_POINT('',(0.0680919761008297,0.0162321529897927,0.003));
#8550=CARTESIAN_POINT('',(0.,4.28626379701574E-18,0.003));
#8551=CARTESIAN_POINT('',(0.071226093522297,0.0105282287946739,0.005));
#8552=CARTESIAN_POINT('',(0.0710090083698747,0.0104837098561645,0.005));
#8553=CARTESIAN_POINT('',(0.0705623408847729,0.0105551314559564,0.00491999062853516));
#8554=CARTESIAN_POINT('',(0.0698906689636065,0.0110394159650661,0.00461482883987613));
#8555=CARTESIAN_POINT('',(0.0693201921753682,0.0118570566151431,0.00415665121626606));
#8556=CARTESIAN_POINT('',(0.0688549531004305,0.0129321714780852,0.00358330995621946));
#8557=CARTESIAN_POINT('',(0.0686506459743126,0.0136835982535029,0.00319489082210107));
#8558=CARTESIAN_POINT('',(0.0685722924557507,0.0140655859232027,0.003));
#8559=CARTESIAN_POINT('',(0.0685722924557507,0.0140655859232027,0.003));
#8560=CARTESIAN_POINT('',(0.,4.28626379701574E-18,0.003));
#8561=CARTESIAN_POINT('',(0.0698761897683074,0.00416150254877878,0.003));
#8562=CARTESIAN_POINT('',(0.0715240293621256,0.00826518141396804,0.005));
#8563=CARTESIAN_POINT('',(0.071302818857743,0.0082519976345774,0.00500000000000001));
#8564=CARTESIAN_POINT('',(0.0708898564683773,0.00806740361481076,0.00491999062853572));
#8565=CARTESIAN_POINT('',(0.0703664132671352,0.00742577921493333,0.00461482883987328));
#8566=CARTESIAN_POINT('',(0.070026995976368,0.00648834873680234,0.00415665121628888));
#8567=CARTESIAN_POINT('',(0.069855869740686,0.00532945479139253,0.00358330995613625));
#8568=CARTESIAN_POINT('',(0.0698530077715597,0.00455075368703105,0.00319489082228014));
#8569=CARTESIAN_POINT('',(0.0698761897683074,0.0041615025487788,0.003));
#8570=CARTESIAN_POINT('',(0.,0.,0.005));
#8571=CARTESIAN_POINT('',(0.,4.28626379701574E-18,0.005));
#8572=CARTESIAN_POINT('',(0.0719722168617863,-0.002,0.005));
#8573=CARTESIAN_POINT('',(0.0342540576233243,0.0633297681689896,0.005));
#8574=CARTESIAN_POINT('',(0.0347542479907475,0.0641961232988232,0.005));
#8575=CARTESIAN_POINT('',(0.0347542479907473,0.0641961232988227,0.005));
#8576=CARTESIAN_POINT('',(0.,4.59242549680257E-18,0.005));
#8577=CARTESIAN_POINT('',(0.0729725975966321,-0.002,0.005));
#8578=CARTESIAN_POINT('',(-1.44110129617109E-18,-0.00199999999999994,0.005));
#8579=CARTESIAN_POINT('',(0.,0.,0.005));
#8580=CARTESIAN_POINT('',(0.,4.28626379701574E-18,0.005));
#8581=CARTESIAN_POINT('',(0.0429198717524461,0.0578090357016408,0.005));
#8582=CARTESIAN_POINT('',(0.0447307603541909,0.0564194920052985,0.005));
#8583=CARTESIAN_POINT('',(0.04537379269552,0.0571858281082316,0.005));
#8584=CARTESIAN_POINT('',(0.045373792695519,0.0571858281082304,0.005));
#8585=CARTESIAN_POINT('',(0.,4.59242549680257E-18,0.005));
#8586=CARTESIAN_POINT('',(0.0434936665693332,0.0586284996256571,0.005));
#8587=CARTESIAN_POINT('',(0.00163830408857796,-0.00114715287270208,0.005));
#8588=CARTESIAN_POINT('',(0.,4.59242549680257E-18,0.003));
#8589=CARTESIAN_POINT('',(0.045373792695519,0.0571858281082304,0.005));
#8590=CARTESIAN_POINT('',(0.0455234376627082,0.0573545694483631,0.00499999999999999));
#8591=CARTESIAN_POINT('',(0.0459267446938545,0.0575706834244255,0.00492067274375781));
#8592=CARTESIAN_POINT('',(0.0467714298867783,0.0576390693079497,0.00462694728485527));
#8593=CARTESIAN_POINT('',(0.0477647475797635,0.0573926132452124,0.00417326012391977));
#8594=CARTESIAN_POINT('',(0.0488333530869117,0.056851489044012,0.00359398749935009));
#8595=CARTESIAN_POINT('',(0.049468402543878,0.0563740574853022,0.003198176558784));
#8596=CARTESIAN_POINT('',(0.0497650381520495,0.0561109702083742,0.003));
#8597=CARTESIAN_POINT('',(0.0497650381520495,0.0561109702083742,0.003));
#8598=CARTESIAN_POINT('',(0.,4.59242549680257E-18,0.003));
#8599=CARTESIAN_POINT('',(0.0413188956084013,0.0625919233264328,0.003));
#8600=CARTESIAN_POINT('',(0.0434936665693332,0.0586284996256571,0.005));
#8601=CARTESIAN_POINT('',(0.0436179272202176,0.0588167190367619,0.00499999999999999));
#8602=CARTESIAN_POINT('',(0.0437222937504269,0.0592622181269923,0.00492067274377421));
#8603=CARTESIAN_POINT('',(0.0435697288264725,0.0600958209389665,0.00462694728477357));
#8604=CARTESIAN_POINT('',(0.0430745810133398,0.0609915046297163,0.00417326012457491));
#8605=CARTESIAN_POINT('',(0.0422753197164885,0.0618836450373104,0.00359398749696114));
#8606=CARTESIAN_POINT('',(0.0416497933464596,0.0623734873307121,0.00319817656392622));
#8607=CARTESIAN_POINT('',(0.0413188956084013,0.0625919233264328,0.003));
#8608=CARTESIAN_POINT('',(0.,4.28626379701574E-18,0.003));
#8609=CARTESIAN_POINT('',(0.,4.28626379701574E-18,0.003));
#8610=CARTESIAN_POINT('',(0.0366704325929492,0.0596261634976289,0.003));
#8611=CARTESIAN_POINT('',(0.0115522437082888,0.0690401742850082,0.003));
#8612=CARTESIAN_POINT('',(0.0342540576233247,0.0633297681689903,0.005));
#8613=CARTESIAN_POINT('',(0.0341379760103768,0.0631410012269066,0.00500000000000008));
#8614=CARTESIAN_POINT('',(0.0340523210834017,0.0626968434614073,0.00491999062855656));
#8615=CARTESIAN_POINT('',(0.0342776743361735,0.0619000432563165,0.00461482883976927));
#8616=CARTESIAN_POINT('',(0.0348508906690385,0.0610843208554983,0.00415665121712351));
#8617=CARTESIAN_POINT('',(0.0357020470354559,0.0602794281914066,0.00358330995309323));
#8618=CARTESIAN_POINT('',(0.0363382800830149,0.0598304391966114,0.00319489082883102));
#8619=CARTESIAN_POINT('',(0.0366704325929492,0.0596261634976289,0.003));
#8620=CARTESIAN_POINT('',(0.0719722168617864,-0.002,0.005));
#8621=CARTESIAN_POINT('',(0.0717506990880732,-0.00200614615468329,0.00500000000000001));
#8622=CARTESIAN_POINT('',(0.0713232197163763,-0.00185824661466422,0.00491999062853595));
#8623=CARTESIAN_POINT('',(0.0707458471234104,-0.00126468487033114,0.0046148288398722));
#8624=CARTESIAN_POINT('',(0.0703260189683115,-0.000360403764260695,0.00415665121629773));
#8625=CARTESIAN_POINT('',(0.0700545396570434,0.000779165605612199,0.00358330995610403));
#8626=CARTESIAN_POINT('',(0.0699838203054431,0.0015546540801812,0.00319489082234968));
#8627=CARTESIAN_POINT('',(0.0699729886156256,0.00194444444444445,0.003));
#8628=CARTESIAN_POINT('',(0.0699729886156256,0.00194444444444445,0.003));
#8629=CARTESIAN_POINT('',(0.,4.28626379701574E-18,0.003));
#8630=CARTESIAN_POINT('',(0.0655666666666667,-0.0245155506204169,0.003));
#8631=CARTESIAN_POINT('',(0.,4.28626379701574E-18,0.003));
#8632=CARTESIAN_POINT('',(0.0648444444444444,-0.0263666081377821,0.003));
#8633=CARTESIAN_POINT('',(0.,4.28626379701574E-18,0.003));
#8634=CARTESIAN_POINT('',(0.0552563746811816,-0.0429736321142729,0.003));
#8635=CARTESIAN_POINT('',(0.,4.28626379701574E-18,0.003));
#8636=CARTESIAN_POINT('',(0.0540144229583777,-0.0445246236645913,0.003));
#8637=CARTESIAN_POINT('',(0.,4.28626379701574E-18,0.003));
#8638=CARTESIAN_POINT('',(0.0115522437082888,-0.0690401742850081,0.003));
#8639=CARTESIAN_POINT('',(0.,4.28626379701574E-18,0.003));
#8640=CARTESIAN_POINT('',(0.00958806976327325,-0.0693402402520687,0.003));
#8641=CARTESIAN_POINT('',(0.,4.28626379701574E-18,0.003));
#8642=CARTESIAN_POINT('',(-0.00958806976325617,-0.069340240252071,0.003));
#8643=CARTESIAN_POINT('',(0.,4.28626379701574E-18,0.003));
#8644=CARTESIAN_POINT('',(-0.0115522437082888,-0.0690401742850081,0.003));
#8645=CARTESIAN_POINT('',(0.,4.28626379701574E-18,0.003));
#8646=CARTESIAN_POINT('',(-0.0540144229583776,-0.0445246236645913,0.003));
#8647=CARTESIAN_POINT('',(0.,4.28626379701574E-18,0.003));
#8648=CARTESIAN_POINT('',(-0.055256374681171,-0.0429736321142866,0.003));
#8649=CARTESIAN_POINT('',(0.,4.28626379701574E-18,0.003));
#8650=CARTESIAN_POINT('',(-0.064844444444438,-0.0263666081377981,0.003));
#8651=CARTESIAN_POINT('',(0.,4.28626379701574E-18,0.003));
#8652=CARTESIAN_POINT('',(-0.0655666666666667,-0.0245155506204169,0.003));
#8653=CARTESIAN_POINT('',(0.,4.28626379701574E-18,0.003));
#8654=CARTESIAN_POINT('',(-0.0655666666666667,0.0245155506204169,0.003));
#8655=CARTESIAN_POINT('',(0.,4.28626379701574E-18,0.003));
#8656=CARTESIAN_POINT('',(-0.0648444444444444,0.0263666081377821,0.003));
#8657=CARTESIAN_POINT('',(0.,4.28626379701574E-18,0.003));
#8658=CARTESIAN_POINT('',(-0.0552563746811815,0.042973632114273,0.003));
#8659=CARTESIAN_POINT('',(0.,4.28626379701574E-18,0.003));
#8660=CARTESIAN_POINT('',(-0.0540144229583777,0.0445246236645913,0.003));
#8661=CARTESIAN_POINT('',(0.,4.28626379701574E-18,0.003));
#8662=CARTESIAN_POINT('',(-0.0115522437082888,0.0690401742850082,0.003));
#8663=CARTESIAN_POINT('',(0.,4.28626379701574E-18,0.003));
#8664=CARTESIAN_POINT('',(-0.00958806976327325,0.0693402402520687,0.003));
#8665=CARTESIAN_POINT('',(0.,4.28626379701574E-18,0.003));
#8666=CARTESIAN_POINT('',(0.0095880697632562,0.069340240252071,0.003));
#8667=CARTESIAN_POINT('',(0.,4.28626379701574E-18,0.003));
#8668=CARTESIAN_POINT('',(0.,4.28626379701574E-18,0.005));
#8669=CARTESIAN_POINT('',(-0.00584677769195062,0.069755395423013,0.00100000000000059));
#8670=CARTESIAN_POINT('',(-0.00584677769195083,0.069755395423013,0.00139369410621108));
#8671=CARTESIAN_POINT('',(-0.00629093888130397,0.0697186726676441,0.00209936613445474));
#8672=CARTESIAN_POINT('',(-0.00732393942660962,0.0696187465235406,0.00265182124035207));
#8673=CARTESIAN_POINT('',(-0.00844242055774205,0.069492152396999,0.00294275237764722));
#8674=CARTESIAN_POINT('',(-0.00920455457046541,0.0693932710810729,0.00299999999999999));
#8675=CARTESIAN_POINT('',(-0.00958806976327325,0.0693402402520687,0.003));
#8676=CARTESIAN_POINT('',(-0.00584677769195415,0.0697553954230151,0.001));
#8677=CARTESIAN_POINT('',(0.,4.28626379701574E-18,0.000999999999999987));
#8678=CARTESIAN_POINT('',(0.00584677769195045,0.069755395423013,0.000999999999999987));
#8679=CARTESIAN_POINT('',(0.00958806976325621,0.0693402402520711,0.003));
#8680=CARTESIAN_POINT('',(0.00920893167562491,0.0693926658338242,0.00299999999999913));
#8681=CARTESIAN_POINT('',(0.00845066426816315,0.0694911886527328,0.00294458661217815));
#8682=CARTESIAN_POINT('',(0.0073217503403974,0.0696189870025642,0.00265088887304339));
#8683=CARTESIAN_POINT('',(0.00629567098690252,0.0697182296911649,0.00210293902569041));
#8684=CARTESIAN_POINT('',(0.00584677769195028,0.0697553954230131,0.00139484366289684));
#8685=CARTESIAN_POINT('',(0.00584677769195028,0.0697553954230131,0.000999999999999996));
#8686=CARTESIAN_POINT('',(0.,4.28626379701574E-18,0.005));
#8687=CARTESIAN_POINT('',(-0.0552563746811815,0.0429736321142731,0.003));
#8688=CARTESIAN_POINT('',(-0.0554911318057819,0.0426717766043292,0.00299999999999914));
#8689=CARTESIAN_POINT('',(-0.0559574829360167,0.0420618390497497,0.00294397934684762));
#8690=CARTESIAN_POINT('',(-0.0566300398948952,0.0411515567151257,0.00265174453488097));
#8691=CARTESIAN_POINT('',(-0.0572325302980075,0.0403076383340121,0.00209965097199312));
#8692=CARTESIAN_POINT('',(-0.0574865556413851,0.0399411557230125,0.00139317680014562));
#8693=CARTESIAN_POINT('',(-0.0574865556413853,0.0399411557230123,0.00100000000000054));
#8694=CARTESIAN_POINT('',(-0.0574865556413827,0.039941155723016,0.000999999999999987));
#8695=CARTESIAN_POINT('',(-0.0633333333333334,0.0298142396999971,0.000999999999999955));
#8696=CARTESIAN_POINT('',(-0.0633333333333334,0.0298142396999971,0.00139369189540666));
#8697=CARTESIAN_POINT('',(-0.0635236105444387,0.0294112240908455,0.0020993608981742));
#8698=CARTESIAN_POINT('',(-0.0639535626304704,0.0284666795188184,0.00265181635344344));
#8699=CARTESIAN_POINT('',(-0.0644031911944664,0.0274346959418554,0.00294274838250559));
#8700=CARTESIAN_POINT('',(-0.0646985626624414,0.0267253809863457,0.00299999999999999));
#8701=CARTESIAN_POINT('',(-0.0648444444444445,0.0263666081377821,0.003));
#8702=CARTESIAN_POINT('',(-0.0633333333333333,0.0298142396999973,0.000999999999999987));
#8703=CARTESIAN_POINT('',(0.,4.28626379701574E-18,0.000999999999999987));
#8704=CARTESIAN_POINT('',(0.,4.28626379701574E-18,0.005));
#8705=CARTESIAN_POINT('',(-0.0115522437082888,0.0690401742850082,0.003));
#8706=CARTESIAN_POINT('',(-0.0119699923329335,0.0689702739122082,0.00300000000000002));
#8707=CARTESIAN_POINT('',(-0.0128015662146598,0.0688232524133608,0.00293573274902098));
#8708=CARTESIAN_POINT('',(-0.0140108788095243,0.0685871211505611,0.00264837086456878));
#8709=CARTESIAN_POINT('',(-0.0149688162740045,0.0683823702485222,0.00220370696582665));
#8710=CARTESIAN_POINT('',(-0.0155900829161628,0.0682421951945366,0.00162955223111326));
#8711=CARTESIAN_POINT('',(-0.0157569458055667,0.0682035091390497,0.00121649806140879));
#8712=CARTESIAN_POINT('',(-0.0157569458055667,0.0682035091390497,0.001));
#8713=CARTESIAN_POINT('',(-0.0157569458055664,0.0682035091390498,0.000999999999999987));
#8714=CARTESIAN_POINT('',(-0.051187498638878,0.0477476699232001,0.000999999999999983));
#8715=CARTESIAN_POINT('',(-0.051187498638878,0.0477476699232001,0.00121648521195388));
#8716=CARTESIAN_POINT('',(-0.0513028916734602,0.0476241718513189,0.0016265305011193));
#8717=CARTESIAN_POINT('',(-0.0517380223728913,0.0471528572771423,0.0022060931027082));
#8718=CARTESIAN_POINT('',(-0.0523913676256759,0.0464289173354062,0.00264738536395974));
#8719=CARTESIAN_POINT('',(-0.0532054764476036,0.0454939282388931,0.00293671492594326));
#8720=CARTESIAN_POINT('',(-0.0537445129083458,0.0448520612576176,0.003));
#8721=CARTESIAN_POINT('',(-0.0540144229583777,0.0445246236645913,0.003));
#8722=CARTESIAN_POINT('',(-0.0511874986388779,0.0477476699232001,0.000999999999999987));
#8723=CARTESIAN_POINT('',(0.,4.28626379701574E-18,0.000999999999999987));
#8724=CARTESIAN_POINT('',(0.,4.28626379701574E-18,0.005));
#8725=CARTESIAN_POINT('',(0.0574865556413827,0.039941155723016,0.000999999999999993));
#8726=CARTESIAN_POINT('',(0.0574865556413827,0.039941155723016,0.00139369574154857));
#8727=CARTESIAN_POINT('',(0.0572326719965351,0.0403074498066154,0.00209937000773568));
#8728=CARTESIAN_POINT('',(0.0566296218326266,0.0411521061816418,0.00265182485519645));
#8729=CARTESIAN_POINT('',(0.0559607737136983,0.0420574085355009,0.00294275533280616));
#8730=CARTESIAN_POINT('',(0.055493997801157,0.0426680914488865,0.003));
#8731=CARTESIAN_POINT('',(0.055256374681171,0.0429736321142866,0.003));
#8732=CARTESIAN_POINT('',(0.0574865556413827,0.0399411557230159,0.001));
#8733=CARTESIAN_POINT('',(0.,4.28626379701574E-18,0.000999999999999987));
#8734=CARTESIAN_POINT('',(0.0633333333333333,0.0298142396999972,0.000999999999999987));
#8735=CARTESIAN_POINT('',(0.064844444444438,0.026366608137798,0.00300000000000028));
#8736=CARTESIAN_POINT('',(0.0646996888360345,0.0267226113429915,0.00299999999999939));
#8737=CARTESIAN_POINT('',(0.0644038196601328,0.0274332957197523,0.00294332046259849));
#8738=CARTESIAN_POINT('',(0.0639527109962126,0.0284686033288654,0.00265108744616337));
#8739=CARTESIAN_POINT('',(0.0635232793560451,0.0294119181355935,0.00209867762210194));
#8740=CARTESIAN_POINT('',(0.0633333333333316,0.0298142397000009,0.00139282119213318));
#8741=CARTESIAN_POINT('',(0.0633333333333315,0.0298142397000011,0.00100000000000053));
#8742=CARTESIAN_POINT('',(0.,4.28626379701574E-18,0.005));
#8743=CARTESIAN_POINT('',(-0.0648444444444379,-0.0263666081377981,0.00300000000000028));
#8744=CARTESIAN_POINT('',(-0.0646996888360345,-0.0267226113429916,0.0029999999999994));
#8745=CARTESIAN_POINT('',(-0.0644038196601327,-0.0274332957197524,0.00294332046259851));
#8746=CARTESIAN_POINT('',(-0.0639527109962126,-0.0284686033288655,0.00265108744616342));
#8747=CARTESIAN_POINT('',(-0.0635232793560451,-0.0294119181355936,0.00209867762210201));
#8748=CARTESIAN_POINT('',(-0.0633333333333315,-0.029814239700001,0.00139282119213319));
#8749=CARTESIAN_POINT('',(-0.0633333333333315,-0.0298142397000012,0.00100000000000055));
#8750=CARTESIAN_POINT('',(-0.0633333333333333,-0.0298142396999971,0.000999999999999987));
#8751=CARTESIAN_POINT('',(-0.0574865556413827,-0.0399411557230159,0.000999999999999991));
#8752=CARTESIAN_POINT('',(-0.0574865556413827,-0.0399411557230159,0.00139369574154857));
#8753=CARTESIAN_POINT('',(-0.0572326719965351,-0.0403074498066154,0.00209937000773567));
#8754=CARTESIAN_POINT('',(-0.0566296218326266,-0.0411521061816418,0.00265182485519645));
#8755=CARTESIAN_POINT('',(-0.0559607737136983,-0.0420574085355008,0.00294275533280616));
#8756=CARTESIAN_POINT('',(-0.055493997801157,-0.0426680914488865,0.003));
#8757=CARTESIAN_POINT('',(-0.055256374681171,-0.0429736321142866,0.003));
#8758=CARTESIAN_POINT('',(-0.0574865556413827,-0.039941155723016,0.000999999999999987));
#8759=CARTESIAN_POINT('',(0.,4.28626379701574E-18,0.000999999999999987));
#8760=CARTESIAN_POINT('',(0.,4.28626379701574E-18,0.005));
#8761=CARTESIAN_POINT('',(-0.0655666666666667,0.0245155506204169,0.003));
#8762=CARTESIAN_POINT('',(-0.0657150054804102,0.0241188195126785,0.003));
#8763=CARTESIAN_POINT('',(-0.0660034680683691,0.0233251446565563,0.00293573274902095));
#8764=CARTESIAN_POINT('',(-0.0664036286935891,0.0221597835968873,0.00264837086456869));
#8765=CARTESIAN_POINT('',(-0.0667052779432157,0.0212278099663912,0.00220370696582654));
#8766=CARTESIAN_POINT('',(-0.0668945161065664,0.0206196897447656,0.0016295522311131));
#8767=CARTESIAN_POINT('',(-0.0669444444444445,0.0204558392158496,0.00121649806140878));
#8768=CARTESIAN_POINT('',(-0.0669444444444445,0.0204558392158496,0.000999999999999993));
#8769=CARTESIAN_POINT('',(-0.0669444444444444,0.0204558392158497,0.000999999999999987));
#8770=CARTESIAN_POINT('',(-0.0669444444444444,-0.0204558392158497,0.000999999999999996));
#8771=CARTESIAN_POINT('',(-0.0669444444444444,-0.0204558392158497,0.00121648521195389));
#8772=CARTESIAN_POINT('',(-0.066895188494168,-0.0206175215511582,0.00162653050111932));
#8773=CARTESIAN_POINT('',(-0.0667045834494727,-0.0212300130779204,0.0022060931027082));
#8774=CARTESIAN_POINT('',(-0.0664043056955074,-0.0221577966351418,0.00264738536395976));
#8775=CARTESIAN_POINT('',(-0.0660016357966295,-0.0233303301046328,0.00293671492594326));
#8776=CARTESIAN_POINT('',(-0.0657152809153656,-0.0241180828638394,0.003));
#8777=CARTESIAN_POINT('',(-0.0655666666666667,-0.0245155506204169,0.003));
#8778=CARTESIAN_POINT('',(-0.0669444444444444,-0.0204558392158497,0.000999999999999987));
#8779=CARTESIAN_POINT('',(0.,4.28626379701574E-18,0.000999999999999987));
#8780=CARTESIAN_POINT('',(0.,4.28626379701574E-18,0.005));
#8781=CARTESIAN_POINT('',(0.046467300956482,0.0523525543008151,0.08));
#8782=CARTESIAN_POINT('',(0.0464673009564819,0.0523525543008151,0.03));
#8783=CARTESIAN_POINT('',(0.046467300956482,0.0523525543008151,0.003));
#8784=CARTESIAN_POINT('',(0.,4.28626379701574E-18,0.003));
#8785=CARTESIAN_POINT('',(0.0385420618093099,0.058433804184627,0.003));
#8786=CARTESIAN_POINT('',(0.0385420618093106,0.0584338041846282,0.1));
#8787=CARTESIAN_POINT('',(0.0385420618093106,0.0584338041846282,0.03));
#8788=CARTESIAN_POINT('',(0.0385420618093106,0.0584338041846282,0.03));
#8789=CARTESIAN_POINT('',(0.0385420618093119,0.0584338041846273,0.0329470802782536));
#8790=CARTESIAN_POINT('',(0.0387144439636602,0.0583208154277097,0.0388053799968824));
#8791=CARTESIAN_POINT('',(0.0395966686348844,0.0577300664073334,0.0474722570952313));
#8792=CARTESIAN_POINT('',(0.0412153867632391,0.056598828897836,0.0559621752646012));
#8793=CARTESIAN_POINT('',(0.0437817559090303,0.0546620388150103,0.0643270710582808));
#8794=CARTESIAN_POINT('',(0.0466639318449919,0.0522316340768832,0.0706386964479134));
#8795=CARTESIAN_POINT('',(0.0494152790609551,0.0496101127910634,0.075257738328807));
#8796=CARTESIAN_POINT('',(0.0515989653784632,0.0473406731267694,0.0783554307572838));
#8797=CARTESIAN_POINT('',(0.0538642870812081,0.0447544043699961,0.0811004584806597));
#8798=CARTESIAN_POINT('',(0.0561884760272299,0.0418075819608553,0.0835142215547006));
#8799=CARTESIAN_POINT('',(0.05847252444789,0.038554385352386,0.0855538389660121));
#8800=CARTESIAN_POINT('',(0.0599202775486365,0.0362150348821355,0.0866719674036579));
#8801=CARTESIAN_POINT('',(0.0606217782649363,0.0349999999999561,0.0871791970393523));
#8802=CARTESIAN_POINT('',(0.0606217782649363,0.0349999999999561,0.0871791970393523));
#8803=CARTESIAN_POINT('',(0.0606217782649363,0.0349999999999561,0.0871791970393523));
#8804=CARTESIAN_POINT('',(0.0613232789812352,0.0337849651177783,0.0866719674036568));
#8805=CARTESIAN_POINT('',(0.0626253393664486,0.0313614989190005,0.0855538389660085));
#8806=CARTESIAN_POINT('',(0.0643006660625509,0.0277568566590036,0.0835142215546913));
#8807=CARTESIAN_POINT('',(0.0656905946562892,0.0242706387839905,0.0811004584806459));
#8808=CARTESIAN_POINT('',(0.0667977082492899,0.02101567826329,0.0783554307572655));
#8809=CARTESIAN_POINT('',(0.0676712574921649,0.0179898306062919,0.0752577383287842));
#8810=CARTESIAN_POINT('',(0.0685658879142588,0.0142963333797379,0.0706386964478878));
#8811=CARTESIAN_POINT('',(0.0692295921909692,0.0105850934319685,0.0643270710582547));
#8812=CARTESIAN_POINT('',(0.0696237170315955,0.0073941575148253,0.0559621752645794));
#8813=CARTESIAN_POINT('',(0.0697940383883552,0.00542668773936495,0.047472257095216));
#8814=CARTESIAN_POINT('',(0.0698645297116492,0.00436728425205874,0.0388053799968743));
#8815=CARTESIAN_POINT('',(0.0698761897683074,0.0041615025487788,0.0329470802782509));
#8816=CARTESIAN_POINT('',(0.0698761897683074,0.00416150254877877,0.03));
#8817=CARTESIAN_POINT('',(0.0698761897683074,0.00416150254877878,0.03));
#8818=CARTESIAN_POINT('',(0.0698761897683074,0.00416150254877878,0.1));
#8819=CARTESIAN_POINT('',(0.0685722924557507,0.0140655859232027,0.08));
#8820=CARTESIAN_POINT('',(0.0685722924557507,0.0140655859232027,0.03));
#8821=CARTESIAN_POINT('',(0.0685722924557507,0.0140655859232027,0.03));
#8822=CARTESIAN_POINT('',(0.0685722924557499,0.0140655859232065,0.0343464178496848));
#8823=CARTESIAN_POINT('',(0.0684947589783791,0.0144672790967755,0.040807860317637));
#8824=CARTESIAN_POINT('',(0.0681021018064341,0.0162196222636738,0.0492728185640135));
#8825=CARTESIAN_POINT('',(0.0676648935320482,0.0179674111074642,0.0544406914936275));
#8826=CARTESIAN_POINT('',(0.0671509510841494,0.0197874050871801,0.0583246863879549));
#8827=CARTESIAN_POINT('',(0.0666597234308021,0.0213910391508873,0.0611286242157825));
#8828=CARTESIAN_POINT('',(0.0660419803810403,0.023235030015072,0.0637736628359991));
#8829=CARTESIAN_POINT('',(0.0652950457924017,0.0252640193411924,0.066174041786988));
#8830=CARTESIAN_POINT('',(0.0643974736895431,0.0274786515573783,0.0683463910026068));
#8831=CARTESIAN_POINT('',(0.0629600058213833,0.0306880364848964,0.0709491611115036));
#8832=CARTESIAN_POINT('',(0.0616270539361541,0.0332588114617993,0.0724980141553486));
#8833=CARTESIAN_POINT('',(0.0606217782648618,0.035000000000085,0.073371031216919));
#8834=CARTESIAN_POINT('',(0.0606217782648618,0.035000000000085,0.073371031216919));
#8835=CARTESIAN_POINT('',(0.0606217782648618,0.035000000000085,0.073371031216919));
#8836=CARTESIAN_POINT('',(0.0596165025935735,0.0367411885383635,0.0724980141553425));
#8837=CARTESIAN_POINT('',(0.0580566220987767,0.0391809462214317,0.0709491611114847));
#8838=CARTESIAN_POINT('',(0.0559959471551121,0.0420305223761149,0.0683463910025763));
#8839=CARTESIAN_POINT('',(0.0545268054472925,0.0439151587269941,0.0661740417869493));
#8840=CARTESIAN_POINT('',(0.0531431164411928,0.0455765177187644,0.0637736628359538));
#8841=CARTESIAN_POINT('',(0.0518550450333523,0.0470334943249472,0.0611286242157318));
#8842=CARTESIAN_POINT('',(0.0507118710224922,0.0482607269836264,0.0583246863879051));
#8843=CARTESIAN_POINT('',(0.0493926812252852,0.0496158111894326,0.0544406914935792));
#8844=CARTESIAN_POINT('',(0.0480976558233185,0.0508683390836756,0.0492728185639712));
#8845=CARTESIAN_POINT('',(0.0467764107106262,0.0520845617529906,0.0408078603176123));
#8846=CARTESIAN_POINT('',(0.0464673009564814,0.0523525543008155,0.0343464178496745));
#8847=CARTESIAN_POINT('',(0.0464673009564819,0.0523525543008151,0.03));
#8848=CARTESIAN_POINT('',(0.0481034448976911,0.0508533046023054,0.08));
#8849=CARTESIAN_POINT('',(0.0481034448976911,0.0508533046023054,0.0299999999999987));
#8850=CARTESIAN_POINT('',(0.0481034448976911,0.0508533046023054,0.0299999999999987));
#8851=CARTESIAN_POINT('',(0.0481034448976893,0.0508533046023071,0.0338425504767753));
#8852=CARTESIAN_POINT('',(0.0483873736949476,0.050590054074504,0.0395476779765799));
#8853=CARTESIAN_POINT('',(0.0495647388019516,0.0494386306528916,0.0469425917207676));
#8854=CARTESIAN_POINT('',(0.050958763959774,0.0480107159797647,0.0524203348569904));
#8855=CARTESIAN_POINT('',(0.0528462087321853,0.0459439486614614,0.0574462876975462));
#8856=CARTESIAN_POINT('',(0.0552401446050825,0.0430599298981735,0.0619475386790434));
#8857=CARTESIAN_POINT('',(0.0578841940063613,0.0394616170080877,0.0655464448308165));
#8858=CARTESIAN_POINT('',(0.0597296800402995,0.0365451594503695,0.0673912025723996));
#8859=CARTESIAN_POINT('',(0.0606217782649163,0.0349999999999906,0.0681618077072875));
#8860=CARTESIAN_POINT('',(0.0606217782649163,0.0349999999999906,0.0681618077072875));
#8861=CARTESIAN_POINT('',(0.0606217782649163,0.0349999999999906,0.0681618077072874));
#8862=CARTESIAN_POINT('',(0.0615138764895327,0.0334548405496124,0.067391202572399));
#8863=CARTESIAN_POINT('',(0.0631168598066048,0.0303983739830346,0.0655464448308148));
#8864=CARTESIAN_POINT('',(0.0649110654795423,0.0263094035876258,0.0619475386790402));
#8865=CARTESIAN_POINT('',(0.0662117310570901,0.022794184925025,0.0574462876975422));
#8866=CARTESIAN_POINT('',(0.0670578816722451,0.0201262261447278,0.0524203348569866));
#8867=CARTESIAN_POINT('',(0.0675974794746973,0.018205007607978,0.0469425917207647));
#8868=CARTESIAN_POINT('',(0.0680059588548231,0.0166096678049801,0.0395476779765786));
#8869=CARTESIAN_POINT('',(0.0680919761008306,0.016232152989789,0.0338425504767754));
#8870=CARTESIAN_POINT('',(0.0680919761008297,0.0162321529897927,0.03));
#8871=CARTESIAN_POINT('',(0.0680919761008297,0.0162321529897927,0.03));
#8872=CARTESIAN_POINT('',(0.0680919761008297,0.0162321529897927,0.08));
#8873=CARTESIAN_POINT('',(0.0669444444444445,0.0204558392158497,0.001));
#8874=CARTESIAN_POINT('',(0.0669444444444445,0.0204558392158497,0.0012164852119539));
#8875=CARTESIAN_POINT('',(0.066895188494168,0.0206175215511583,0.00162653050111933));
#8876=CARTESIAN_POINT('',(0.0667045834494727,0.0212300130779204,0.00220609310270822));
#8877=CARTESIAN_POINT('',(0.0664043056955075,0.0221577966351418,0.00264738536395977));
#8878=CARTESIAN_POINT('',(0.0660016357966294,0.0233303301046328,0.00293671492594327));
#8879=CARTESIAN_POINT('',(0.0657152809153656,0.0241180828638394,0.003));
#8880=CARTESIAN_POINT('',(0.0655666666666667,0.0245155506204169,0.003));
#8881=CARTESIAN_POINT('',(0.0669444444444444,0.0204558392158497,0.001));
#8882=CARTESIAN_POINT('',(0.,4.28626379701574E-18,0.000999999999999987));
#8883=CARTESIAN_POINT('',(0.0669444444444444,-0.0204558392158497,0.000999999999999987));
#8884=CARTESIAN_POINT('',(0.0655666666666667,-0.0245155506204169,0.003));
#8885=CARTESIAN_POINT('',(0.0657150054804102,-0.0241188195126785,0.003));
#8886=CARTESIAN_POINT('',(0.0660034680683691,-0.0233251446565563,0.00293573274902095));
#8887=CARTESIAN_POINT('',(0.0664036286935891,-0.0221597835968873,0.00264837086456868));
#8888=CARTESIAN_POINT('',(0.0667052779432157,-0.0212278099663913,0.00220370696582653));
#8889=CARTESIAN_POINT('',(0.0668945161065664,-0.0206196897447656,0.00162955223111309));
#8890=CARTESIAN_POINT('',(0.0669444444444445,-0.0204558392158496,0.00121649806140878));
#8891=CARTESIAN_POINT('',(0.0669444444444445,-0.0204558392158496,0.000999999999999992));
#8892=CARTESIAN_POINT('',(0.0699729886156257,0.00194444444444443,0.1));
#8893=CARTESIAN_POINT('',(0.0699729886156257,0.00194444444444443,0.03));
#8894=CARTESIAN_POINT('',(0.0699729886156257,0.00194444444444443,0.03));
#8895=CARTESIAN_POINT('',(0.0699729886156257,0.00194444444444443,0.0331928168258041));
#8896=CARTESIAN_POINT('',(0.0699676240254304,0.00215881272971759,0.0395428776283979));
#8897=CARTESIAN_POINT('',(0.0699293518171693,0.00325752123844887,0.0489396303161295));
#8898=CARTESIAN_POINT('',(0.069833210329668,0.00497550047782624,0.056635541817161));
#8899=CARTESIAN_POINT('',(0.0696588563315154,0.00697204318145748,0.062691354024304));
#8900=CARTESIAN_POINT('',(0.0693804131122055,0.0094523502496174,0.0686550141875756));
#8901=CARTESIAN_POINT('',(0.0689032247091895,0.0125999146127546,0.0741648923236464));
#8902=CARTESIAN_POINT('',(0.0680373959963443,0.0165649086260458,0.0792219450163002));
#8903=CARTESIAN_POINT('',(0.0671628611593352,0.01983191129165,0.0826130615965128));
#8904=CARTESIAN_POINT('',(0.0660262056803697,0.0233575676843114,0.085613041122023));
#8905=CARTESIAN_POINT('',(0.0645676587203811,0.0271457292432073,0.0882494287938602));
#8906=CARTESIAN_POINT('',(0.0627842168832193,0.0310572299500687,0.0904708213518933));
#8907=CARTESIAN_POINT('',(0.061381361781706,0.0336843627563312,0.0916898722521792));
#8908=CARTESIAN_POINT('',(0.0606217782647702,0.0350000000002437,0.0922438061213536));
#8909=CARTESIAN_POINT('',(0.0606217782647703,0.0350000000002437,0.0922438061213536));
#8910=CARTESIAN_POINT('',(0.0606217782647702,0.0350000000002437,0.0922438061213536));
#8911=CARTESIAN_POINT('',(0.0598621947478393,0.0363156372441477,0.0916898722521723));
#8912=CARTESIAN_POINT('',(0.058288458549249,0.0388441118029874,0.0904708213518711));
#8913=CARTESIAN_POINT('',(0.0557927204887593,0.0423443680935286,0.0882494287938067));
#8914=CARTESIAN_POINT('',(0.0532413498251212,0.0455015875928816,0.0856130411219459));
#8915=CARTESIAN_POINT('',(0.0507563695635597,0.0482487883092969,0.0826130615964123));
#8916=CARTESIAN_POINT('',(0.0483643296794384,0.0506396590273989,0.0792219450161756));
#8917=CARTESIAN_POINT('',(0.0453634584945355,0.0533719856946342,0.0741648923235074));
#8918=CARTESIAN_POINT('',(0.0428761819975592,0.0553590251555602,0.068655014187436));
#8919=CARTESIAN_POINT('',(0.0408673946770383,0.0568403175910385,0.0626913540241706));
#8920=CARTESIAN_POINT('',(0.0392255149750665,0.0579895839344742,0.0566355418170505));
#8921=CARTESIAN_POINT('',(0.03778577205438,0.0589318345246689,0.0489396303160467));
#8922=CARTESIAN_POINT('',(0.0368533986786334,0.0595143334836227,0.039542877628355));
#8923=CARTESIAN_POINT('',(0.0366704325929403,0.059626163497636,0.0331928168257894));
#8924=CARTESIAN_POINT('',(0.0366704325929499,0.0596261634976301,0.03));
#8925=CARTESIAN_POINT('',(0.0366704325929499,0.0596261634976301,0.03));
#8926=CARTESIAN_POINT('',(0.0366704325929499,0.0596261634976301,0.1));
#8927=CARTESIAN_POINT('',(0.0157569458055665,0.0682035091390497,0.00100000000000003));
#8928=CARTESIAN_POINT('',(0.0157569458055665,0.0682035091390497,0.00121648521195392));
#8929=CARTESIAN_POINT('',(0.0155922968207078,0.0682416934024772,0.00162653050111941));
#8930=CARTESIAN_POINT('',(0.0149665610765813,0.0683828703550627,0.00220609310270829));
#8931=CARTESIAN_POINT('',(0.0140129380698314,0.068586713970548,0.0026473853639598));
#8932=CARTESIAN_POINT('',(0.0127961593490257,0.0688242583435259,0.00293671492594329));
#8933=CARTESIAN_POINT('',(0.0119707680070196,0.068970144121457,0.00300000000000001));
#8934=CARTESIAN_POINT('',(0.0115522437082888,0.0690401742850082,0.003));
#8935=CARTESIAN_POINT('',(0.0157569458055663,0.0682035091390498,0.001));
#8936=CARTESIAN_POINT('',(0.,4.28626379701574E-18,0.000999999999999987));
#8937=CARTESIAN_POINT('',(0.0511874986388779,0.0477476699232002,0.000999999999999987));
#8938=CARTESIAN_POINT('',(0.0540144229583776,0.0445246236645914,0.003));
#8939=CARTESIAN_POINT('',(0.0537469515204096,0.0448491028895821,0.00299999999999999));
#8940=CARTESIAN_POINT('',(0.0532094175133525,0.0454893845639967,0.00293808442713681));
#8941=CARTESIAN_POINT('',(0.0523891698792637,0.0464314156848485,0.00264618644027916));
#8942=CARTESIAN_POINT('',(0.0517387949157671,0.0471520088268962,0.00220724888586134));
#8943=CARTESIAN_POINT('',(0.0513018616419813,0.0476252857084712,0.0016246041226111));
#8944=CARTESIAN_POINT('',(0.0511874986388724,0.0477476699232061,0.00121617261622438));
#8945=CARTESIAN_POINT('',(0.0511874986388722,0.0477476699232063,0.00100000000000116));
#8946=CARTESIAN_POINT('',(0.,4.28626379701574E-18,0.005));
#8947=CARTESIAN_POINT('',(0.0633333333333334,-0.0298142396999971,0.000999999999999967));
#8948=CARTESIAN_POINT('',(0.0633333333333334,-0.0298142396999971,0.00139369189540668));
#8949=CARTESIAN_POINT('',(0.0635236105444387,-0.0294112240908455,0.00209936089817418));
#8950=CARTESIAN_POINT('',(0.0639535626304704,-0.0284666795188184,0.00265181635344342));
#8951=CARTESIAN_POINT('',(0.0644031911944663,-0.0274346959418554,0.00294274838250559));
#8952=CARTESIAN_POINT('',(0.0646985626624414,-0.0267253809863457,0.00299999999999999));
#8953=CARTESIAN_POINT('',(0.0648444444444444,-0.0263666081377821,0.003));
#8954=CARTESIAN_POINT('',(0.0633333333333333,-0.0298142396999972,0.001));
#8955=CARTESIAN_POINT('',(0.,4.28626379701574E-18,0.000999999999999987));
#8956=CARTESIAN_POINT('',(0.0574865556413827,-0.039941155723016,0.000999999999999987));
#8957=CARTESIAN_POINT('',(0.0552563746811816,-0.042973632114273,0.003));
#8958=CARTESIAN_POINT('',(0.055491131805782,-0.0426717766043291,0.00299999999999913));
#8959=CARTESIAN_POINT('',(0.0559574829360168,-0.0420618390497496,0.0029439793468476));
#8960=CARTESIAN_POINT('',(0.0566300398948953,-0.0411515567151257,0.00265174453488096));
#8961=CARTESIAN_POINT('',(0.0572325302980075,-0.0403076383340121,0.00209965097199309));
#8962=CARTESIAN_POINT('',(0.0574865556413851,-0.0399411557230125,0.00139317680014561));
#8963=CARTESIAN_POINT('',(0.0574865556413852,-0.0399411557230123,0.00100000000000054));
#8964=CARTESIAN_POINT('',(0.,4.28626379701574E-18,0.005));
#8965=CARTESIAN_POINT('',(-0.00958806976325617,-0.069340240252071,0.003));
#8966=CARTESIAN_POINT('',(-0.00920893167562489,-0.0693926658338242,0.00299999999999913));
#8967=CARTESIAN_POINT('',(-0.00845066426816313,-0.0694911886527328,0.00294458661217814));
#8968=CARTESIAN_POINT('',(-0.0073217503403974,-0.0696189870025642,0.00265088887304338));
#8969=CARTESIAN_POINT('',(-0.00629567098690255,-0.0697182296911649,0.0021029390256904));
#8970=CARTESIAN_POINT('',(-0.0058467776919503,-0.0697553954230131,0.00139484366289684));
#8971=CARTESIAN_POINT('',(-0.00584677769195031,-0.0697553954230131,0.000999999999999996));
#8972=CARTESIAN_POINT('',(-0.00584677769195048,-0.069755395423013,0.000999999999999987));
#8973=CARTESIAN_POINT('',(0.0058467776919504,-0.0697553954230131,0.000999999999999996));
#8974=CARTESIAN_POINT('',(0.0058467776919504,-0.0697553954230131,0.00139369410621056));
#8975=CARTESIAN_POINT('',(0.00629093888130347,-0.0697186726676442,0.0020993661344546));
#8976=CARTESIAN_POINT('',(0.00732393942660928,-0.0696187465235407,0.00265182124035202));
#8977=CARTESIAN_POINT('',(0.00844242055774189,-0.069492152396999,0.00294275237764725));
#8978=CARTESIAN_POINT('',(0.00920455457046536,-0.0693932710810729,0.003));
#8979=CARTESIAN_POINT('',(0.00958806976327325,-0.0693402402520687,0.003));
#8980=CARTESIAN_POINT('',(0.00584677769195045,-0.069755395423013,0.000999999999999987));
#8981=CARTESIAN_POINT('',(0.,4.28626379701574E-18,0.000999999999999987));
#8982=CARTESIAN_POINT('',(0.,4.28626379701574E-18,0.005));
#8983=CARTESIAN_POINT('',(-0.0540144229583776,-0.0445246236645913,0.003));
#8984=CARTESIAN_POINT('',(-0.0537469515204096,-0.044849102889582,0.00299999999999999));
#8985=CARTESIAN_POINT('',(-0.0532094175133525,-0.0454893845639966,0.00293808442713682));
#8986=CARTESIAN_POINT('',(-0.0523891698792637,-0.0464314156848485,0.00264618644027917));
#8987=CARTESIAN_POINT('',(-0.0517387949157671,-0.0471520088268961,0.00220724888586135));
#8988=CARTESIAN_POINT('',(-0.0513018616419813,-0.0476252857084712,0.0016246041226111));
#8989=CARTESIAN_POINT('',(-0.0511874986388724,-0.0477476699232061,0.0012161726162244));
#8990=CARTESIAN_POINT('',(-0.0511874986388722,-0.0477476699232063,0.00100000000000117));
#8991=CARTESIAN_POINT('',(-0.0511874986388779,-0.0477476699232001,0.000999999999999987));
#8992=CARTESIAN_POINT('',(-0.0157569458055666,-0.0682035091390497,0.00100000000000005));
#8993=CARTESIAN_POINT('',(-0.0157569458055666,-0.0682035091390497,0.00121648521195394));
#8994=CARTESIAN_POINT('',(-0.0155922968207079,-0.0682416934024771,0.00162653050111945));
#8995=CARTESIAN_POINT('',(-0.0149665610765814,-0.0683828703550626,0.00220609310270831));
#8996=CARTESIAN_POINT('',(-0.0140129380698315,-0.068586713970548,0.00264738536395982));
#8997=CARTESIAN_POINT('',(-0.0127961593490257,-0.0688242583435259,0.00293671492594331));
#8998=CARTESIAN_POINT('',(-0.0119707680070196,-0.068970144121457,0.00300000000000001));
#8999=CARTESIAN_POINT('',(-0.0115522437082888,-0.0690401742850082,0.003));
#9000=CARTESIAN_POINT('',(-0.0157569458055663,-0.0682035091390498,0.000999999999999987));
#9001=CARTESIAN_POINT('',(0.,4.28626379701574E-18,0.000999999999999987));
#9002=CARTESIAN_POINT('',(0.,4.28626379701574E-18,0.));
#9003=CARTESIAN_POINT('',(-0.0520751128189856,0.0482616061159377,5.24892369080411E-19));
#9004=CARTESIAN_POINT('',(-0.051779507919537,0.0480900343804248,0.000333436422656097));
#9005=CARTESIAN_POINT('',(-0.0514836430218797,0.0479187159867673,0.000666772268761723));
#9006=CARTESIAN_POINT('',(-0.051187498638878,0.0477476699232001,0.00100000000000002));
#9007=CARTESIAN_POINT('',(-0.0520751128189856,0.0482616061159378,0.));
#9008=CARTESIAN_POINT('',(0.,4.28626379701574E-18,0.));
#9009=CARTESIAN_POINT('',(-0.0157582205143476,0.0692291736641511,0.));
#9010=CARTESIAN_POINT('',(-0.0157569458055666,0.0682035091390498,0.000999999999999947));
#9011=CARTESIAN_POINT('',(-0.0157570038503322,0.0685455007297009,0.000666772268761667));
#9012=CARTESIAN_POINT('',(-0.0157574374825466,0.068887386443989,0.00033343642265606));
#9013=CARTESIAN_POINT('',(-0.0157582205143478,0.0692291736641511,-1.69583260624794E-17));
#9014=CARTESIAN_POINT('',(0.,4.28626379701574E-18,0.));
#9015=CARTESIAN_POINT('',(-0.0574865556413827,0.039941155723016,0.000999999999999988));
#9016=CARTESIAN_POINT('',(-0.0571069288147939,0.041096498239997,0.000652538904364213));
#9017=CARTESIAN_POINT('',(-0.0566834404374273,0.0422396284552257,0.000319009353990658));
#9018=CARTESIAN_POINT('',(-0.0562142372223335,0.0433700303609671,4.18362579611028E-18));
#9019=CARTESIAN_POINT('',(-0.0562142372223335,0.0433700303609671,0.));
#9020=CARTESIAN_POINT('',(-0.0656666666666699,0.0269979423084179,-1.3663715058304E-15));
#9021=CARTESIAN_POINT('',(-0.0649223115073573,0.0279694851650987,0.000319009353989717));
#9022=CARTESIAN_POINT('',(-0.0641440758898179,0.0289078019657214,0.000652538904363754));
#9023=CARTESIAN_POINT('',(-0.0633333333333333,0.0298142396999972,0.00100000000000005));
#9024=CARTESIAN_POINT('',(-0.0656666666666689,0.0269979423084166,0.));
#9025=CARTESIAN_POINT('',(0.,4.28626379701574E-18,0.));
#9026=CARTESIAN_POINT('',(0.,4.28626379701574E-18,0.));
#9027=CARTESIAN_POINT('',(-0.0094524294443382,0.0703679726693898,-1.3276053006975E-15));
#9028=CARTESIAN_POINT('',(-0.00823887106993231,0.0702091136203278,0.000319009353989421));
#9029=CARTESIAN_POINT('',(-0.0070371470750269,0.0700043002057204,0.000652538904363082));
#9030=CARTESIAN_POINT('',(-0.00584677769195409,0.0697553954230138,0.000999999999998979));
#9031=CARTESIAN_POINT('',(-0.00945242944433881,0.0703679726693884,0.));
#9032=CARTESIAN_POINT('',(0.,4.28626379701574E-18,0.));
#9033=CARTESIAN_POINT('',(0.0094524294443329,0.0703679726693892,0.));
#9034=CARTESIAN_POINT('',(0.00584677769195044,0.0697553954230131,0.000999999999999992));
#9035=CARTESIAN_POINT('',(0.00703714707502271,0.0700043002057196,0.000652538904364216));
#9036=CARTESIAN_POINT('',(0.00823887106992757,0.0702091136203271,0.000319009353990663));
#9037=CARTESIAN_POINT('',(0.0094524294443329,0.0703679726693892,8.02000256437187E-18));
#9038=CARTESIAN_POINT('',(0.,4.28626379701574E-18,0.));
#9039=CARTESIAN_POINT('',(-0.0669444444444444,0.0204558392158497,0.00100000000000001));
#9040=CARTESIAN_POINT('',(-0.0672406468722118,0.0206267847429336,0.000666772268761714));
#9041=CARTESIAN_POINT('',(-0.0675369454020835,0.0207973520635642,0.000333436422656094));
#9042=CARTESIAN_POINT('',(-0.0678333333333333,0.0209675675482134,4.12960653809299E-18));
#9043=CARTESIAN_POINT('',(-0.0678333333333333,0.0209675675482134,0.));
#9044=CARTESIAN_POINT('',(-0.0678333333333333,-0.0209675675482134,1.70862998988305E-17));
#9045=CARTESIAN_POINT('',(-0.0675369454020835,-0.0207973520635642,0.0003334364226561));
#9046=CARTESIAN_POINT('',(-0.0672406468722118,-0.0206267847429336,0.000666772268761709));
#9047=CARTESIAN_POINT('',(-0.0669444444444444,-0.0204558392158497,0.000999999999999994));
#9048=CARTESIAN_POINT('',(-0.0678333333333333,-0.0209675675482133,0.));
#9049=CARTESIAN_POINT('',(0.,4.28626379701574E-18,0.));
#9050=CARTESIAN_POINT('',(0.,4.28626379701574E-18,0.));
#9051=CARTESIAN_POINT('',(0.0157582205143477,0.0692291736641511,-7.27025480587531E-18));
#9052=CARTESIAN_POINT('',(0.0157574374825464,0.068887386443989,0.000333436422656072));
#9053=CARTESIAN_POINT('',(0.0157570038503321,0.0685455007297009,0.00066677226876168));
#9054=CARTESIAN_POINT('',(0.0157569458055665,0.0682035091390498,0.000999999999999963));
#9055=CARTESIAN_POINT('',(0.0157582205143475,0.0692291736641511,0.));
#9056=CARTESIAN_POINT('',(0.,4.28626379701574E-18,0.));
#9057=CARTESIAN_POINT('',(0.0520751128189856,0.0482616061159378,0.));
#9058=CARTESIAN_POINT('',(0.051187498638878,0.0477476699232001,0.001));
#9059=CARTESIAN_POINT('',(0.0514836430218797,0.0479187159867673,0.00066677226876171));
#9060=CARTESIAN_POINT('',(0.051779507919537,0.0480900343804248,0.00033343642265609));
#9061=CARTESIAN_POINT('',(0.0520751128189856,0.0482616061159377,2.84393542843346E-18));
#9062=CARTESIAN_POINT('',(0.,4.28626379701574E-18,0.));
#9063=CARTESIAN_POINT('',(-0.0633333333333333,-0.0298142396999971,0.00100000000000003));
#9064=CARTESIAN_POINT('',(-0.0641440758898168,-0.0289078019657226,0.000652538904364244));
#9065=CARTESIAN_POINT('',(-0.0649223115073551,-0.0279694851651014,0.000319009353990693));
#9066=CARTESIAN_POINT('',(-0.0656666666666667,-0.0269979423084221,3.49744551304539E-17));
#9067=CARTESIAN_POINT('',(-0.0656666666666667,-0.0269979423084221,0.));
#9068=CARTESIAN_POINT('',(-0.0562142372223313,-0.043370030360972,-1.22752038618542E-15));
#9069=CARTESIAN_POINT('',(-0.0566834404374259,-0.042239628455229,0.000319009353989847));
#9070=CARTESIAN_POINT('',(-0.0571069288147932,-0.0410964982399987,0.000652538904363867));
#9071=CARTESIAN_POINT('',(-0.0574865556413825,-0.0399411557230159,0.00100000000000015));
#9072=CARTESIAN_POINT('',(-0.0562142372223299,-0.0433700303609719,0.));
#9073=CARTESIAN_POINT('',(0.,4.28626379701574E-18,0.));
#9074=CARTESIAN_POINT('',(0.,4.28626379701574E-18,0.));
#9075=CARTESIAN_POINT('',(0.0562142372223315,0.043370030360972,-1.38353776469825E-15));
#9076=CARTESIAN_POINT('',(0.0566834404374261,0.042239628455229,0.000319009353989695));
#9077=CARTESIAN_POINT('',(0.0571069288147934,0.0410964982399987,0.000652538904363712));
#9078=CARTESIAN_POINT('',(0.0574865556413827,0.0399411557230159,0.000999999999999996));
#9079=CARTESIAN_POINT('',(0.0562142372223299,0.0433700303609719,0.));
#9080=CARTESIAN_POINT('',(0.,4.28626379701574E-18,0.));
#9081=CARTESIAN_POINT('',(0.0656666666666666,0.0269979423084221,0.));
#9082=CARTESIAN_POINT('',(0.0633333333333333,0.0298142396999971,0.00100000000000008));
#9083=CARTESIAN_POINT('',(0.0641440758898168,0.0289078019657226,0.000652538904364304));
#9084=CARTESIAN_POINT('',(0.064922311507355,0.0279694851651014,0.000319009353990745));
#9085=CARTESIAN_POINT('',(0.0656666666666666,0.0269979423084221,8.7334392910835E-17));
#9086=CARTESIAN_POINT('',(0.,4.28626379701574E-18,0.));
#9087=CARTESIAN_POINT('',(-0.051187498638878,-0.0477476699232001,0.00100000000000002));
#9088=CARTESIAN_POINT('',(-0.0514836430218797,-0.0479187159867672,0.000666772268761723));
#9089=CARTESIAN_POINT('',(-0.051779507919537,-0.0480900343804248,0.000333436422656092));
#9090=CARTESIAN_POINT('',(-0.0520751128189856,-0.0482616061159377,-4.50658838954793E-18));
#9091=CARTESIAN_POINT('',(-0.0520751128189856,-0.0482616061159378,0.));
#9092=CARTESIAN_POINT('',(-0.0157582205143478,-0.0692291736641511,-1.9592154642644E-17));
#9093=CARTESIAN_POINT('',(-0.0157574374825466,-0.068887386443989,0.000333436422656058));
#9094=CARTESIAN_POINT('',(-0.0157570038503322,-0.0685455007297009,0.000666772268761667));
#9095=CARTESIAN_POINT('',(-0.0157569458055666,-0.0682035091390498,0.000999999999999948));
#9096=CARTESIAN_POINT('',(-0.0157582205143476,-0.0692291736641511,0.));
#9097=CARTESIAN_POINT('',(0.,4.28626379701574E-18,0.));
#9098=CARTESIAN_POINT('',(0.,4.28626379701574E-18,0.));
#9099=CARTESIAN_POINT('',(0.0669444444444444,-0.0204558392158497,0.00100000000000001));
#9100=CARTESIAN_POINT('',(0.0672406468722118,-0.0206267847429337,0.000666772268761716));
#9101=CARTESIAN_POINT('',(0.0675369454020835,-0.0207973520635642,0.000333436422656104));
#9102=CARTESIAN_POINT('',(0.0678333333333333,-0.0209675675482134,1.74841328668023E-17));
#9103=CARTESIAN_POINT('',(0.0678333333333333,-0.0209675675482133,0.));
#9104=CARTESIAN_POINT('',(0.0678333333333333,0.0209675675482134,2.85138928218014E-18));
#9105=CARTESIAN_POINT('',(0.0675369454020835,0.0207973520635642,0.000333436422656096));
#9106=CARTESIAN_POINT('',(0.0672406468722118,0.0206267847429336,0.000666772268761721));
#9107=CARTESIAN_POINT('',(0.0669444444444444,0.0204558392158496,0.00100000000000002));
#9108=CARTESIAN_POINT('',(0.0678333333333333,0.0209675675482134,0.));
#9109=CARTESIAN_POINT('',(0.,4.28626379701574E-18,0.));
#9110=CARTESIAN_POINT('',(0.,4.28626379701574E-18,0.));
#9111=CARTESIAN_POINT('',(-0.00584677769195047,-0.0697553954230131,0.000999999999999991));
#9112=CARTESIAN_POINT('',(-0.00703714707502275,-0.0700043002057196,0.000652538904364214));
#9113=CARTESIAN_POINT('',(-0.00823887106992762,-0.0702091136203271,0.000319009353990657));
#9114=CARTESIAN_POINT('',(-0.00945242944433295,-0.0703679726693892,9.71763900250168E-19));
#9115=CARTESIAN_POINT('',(-0.00945242944433295,-0.0703679726693892,0.));
#9116=CARTESIAN_POINT('',(0.0094524294443329,-0.0703679726693892,8.54000511443052E-19));
#9117=CARTESIAN_POINT('',(0.00823887106992757,-0.0702091136203271,0.000319009353990655));
#9118=CARTESIAN_POINT('',(0.00703714707502271,-0.0700043002057197,0.000652538904364212));
#9119=CARTESIAN_POINT('',(0.00584677769195044,-0.0697553954230131,0.000999999999999988));
#9120=CARTESIAN_POINT('',(0.0094524294443329,-0.0703679726693892,0.));
#9121=CARTESIAN_POINT('',(0.,4.28626379701574E-18,0.));
#9122=CARTESIAN_POINT('',(0.,4.28626379701574E-18,0.));
#9123=CARTESIAN_POINT('',(0.0656666666666666,-0.0269979423084221,4.57756594833271E-17));
#9124=CARTESIAN_POINT('',(0.0649223115073551,-0.0279694851651014,0.000319009353990702));
#9125=CARTESIAN_POINT('',(0.0641440758898168,-0.0289078019657227,0.000652538904364256));
#9126=CARTESIAN_POINT('',(0.0633333333333333,-0.0298142396999972,0.00100000000000004));
#9127=CARTESIAN_POINT('',(0.0656666666666666,-0.0269979423084221,0.));
#9128=CARTESIAN_POINT('',(0.,4.28626379701574E-18,0.));
#9129=CARTESIAN_POINT('',(0.0562142372223335,-0.0433700303609671,0.));
#9130=CARTESIAN_POINT('',(0.0574865556413827,-0.039941155723016,0.000999999999999982));
#9131=CARTESIAN_POINT('',(0.0571069288147939,-0.041096498239997,0.000652538904364206));
#9132=CARTESIAN_POINT('',(0.0566834404374273,-0.0422396284552257,0.000319009353990651));
#9133=CARTESIAN_POINT('',(0.0562142372223335,-0.0433700303609671,-2.26640340519653E-18));
#9134=CARTESIAN_POINT('',(0.,4.28626379701574E-18,0.005));
#9135=CARTESIAN_POINT('',(0.051187498638878,-0.0477476699232001,0.00099999999999999));
#9136=CARTESIAN_POINT('',(0.051187498638878,-0.0477476699232001,0.00121648521195389));
#9137=CARTESIAN_POINT('',(0.0513028916734602,-0.0476241718513189,0.00162653050111931));
#9138=CARTESIAN_POINT('',(0.0517380223728913,-0.0471528572771422,0.00220609310270819));
#9139=CARTESIAN_POINT('',(0.0523913676256759,-0.0464289173354062,0.00264738536395976));
#9140=CARTESIAN_POINT('',(0.0532054764476036,-0.0454939282388931,0.00293671492594326));
#9141=CARTESIAN_POINT('',(0.0537445129083458,-0.0448520612576176,0.003));
#9142=CARTESIAN_POINT('',(0.0540144229583777,-0.0445246236645913,0.003));
#9143=CARTESIAN_POINT('',(0.0511874986388779,-0.0477476699232001,0.001));
#9144=CARTESIAN_POINT('',(0.,4.28626379701574E-18,0.000999999999999987));
#9145=CARTESIAN_POINT('',(0.0157569458055664,-0.0682035091390498,0.000999999999999987));
#9146=CARTESIAN_POINT('',(0.0115522437082888,-0.0690401742850082,0.003));
#9147=CARTESIAN_POINT('',(0.0119699923329336,-0.0689702739122082,0.00300000000000002));
#9148=CARTESIAN_POINT('',(0.0128015662146599,-0.0688232524133608,0.002935732749021));
#9149=CARTESIAN_POINT('',(0.0140108788095244,-0.0685871211505611,0.00264837086456879));
#9150=CARTESIAN_POINT('',(0.0149688162740045,-0.0683823702485222,0.00220370696582664));
#9151=CARTESIAN_POINT('',(0.0155900829161629,-0.0682421951945366,0.00162955223111329));
#9152=CARTESIAN_POINT('',(0.0157569458055668,-0.0682035091390497,0.00121649806140879));
#9153=CARTESIAN_POINT('',(0.0157569458055668,-0.0682035091390497,0.00100000000000001));
#9154=CARTESIAN_POINT('',(0.,4.59242549680257E-18,0.005));
#9155=CARTESIAN_POINT('',(0.05156014216336,0.0544660604422086,0.08));
#9156=CARTESIAN_POINT('',(0.05156014216336,0.0544660604422086,0.03));
#9157=CARTESIAN_POINT('',(0.07294906306869,0.0174193627151022,0.08));
#9158=CARTESIAN_POINT('',(0.07294906306869,0.0174193627151022,0.0299999999999983));
#9159=CARTESIAN_POINT('',(0.07294906306869,0.0174193627151021,0.0299999999999983));
#9160=CARTESIAN_POINT('',(0.0729490630686908,0.0174193627150987,0.0339292333725863));
#9161=CARTESIAN_POINT('',(0.0728539508861824,0.0178365829875454,0.0397533516114139));
#9162=CARTESIAN_POINT('',(0.0724012499362583,0.0195981760779464,0.0472762521531588));
#9163=CARTESIAN_POINT('',(0.0718017986954191,0.0217190128435108,0.0528268536211682));
#9164=CARTESIAN_POINT('',(0.0708692674652865,0.0246323677806665,0.0578503500889161));
#9165=CARTESIAN_POINT('',(0.0694569916807674,0.0284103503776091,0.0622797263938339));
#9166=CARTESIAN_POINT('',(0.0675464246068127,0.0327268637861215,0.0657662104530651));
#9167=CARTESIAN_POINT('',(0.0658742402531286,0.0359024689715826,0.0675347568986556));
#9168=CARTESIAN_POINT('',(0.0649519052838382,0.0374999999999917,0.0682731591783318));
#9169=CARTESIAN_POINT('',(0.0649519052838382,0.0374999999999917,0.0682731591783318));
#9170=CARTESIAN_POINT('',(0.0649519052838382,0.0374999999999917,0.0682731591783318));
#9171=CARTESIAN_POINT('',(0.0640295703145475,0.0390975310284014,0.0675347568986562));
#9172=CARTESIAN_POINT('',(0.0621155077283906,0.0421334877512352,0.0657662104530671));
#9173=CARTESIAN_POINT('',(0.0593325809978194,0.0459463440771736,0.0622797263938378));
#9174=CARTESIAN_POINT('',(0.0567668899860698,0.049058402082191,0.0578503500889211));
#9175=CARTESIAN_POINT('',(0.0547101162153171,0.0513226752858887,0.0528268536211735));
#9176=CARTESIAN_POINT('',(0.0531731433194763,0.0529022336715697,0.0472762521531636));
#9177=CARTESIAN_POINT('',(0.0518739094270181,0.054175080739724,0.0397533516114176));
#9178=CARTESIAN_POINT('',(0.0515601421633582,0.0544660604422103,0.0339292333725889));
#9179=CARTESIAN_POINT('',(0.05156014216336,0.0544660604422086,0.03));
#9180=CARTESIAN_POINT('',(0.,4.59242549680257E-18,0.001));
#9181=CARTESIAN_POINT('',(0.075,4.59242549680257E-18,0.001));
#9182=CARTESIAN_POINT('',(0.0497650381520506,0.0561109702083753,0.08));
#9183=CARTESIAN_POINT('',(0.0497650381520506,0.0561109702083753,0.03));
#9184=CARTESIAN_POINT('',(0.0497650381520506,0.0561109702083753,0.03));
#9185=CARTESIAN_POINT('',(0.0497650381520503,0.0561109702083756,0.0344481570741696));
#9186=CARTESIAN_POINT('',(0.0501074243650625,0.0558143907064199,0.041055125173187));
#9187=CARTESIAN_POINT('',(0.051388515636509,0.0546350821581057,0.0485992997570565));
#9188=CARTESIAN_POINT('',(0.0524340334875508,0.0536297633430644,0.0528375962785608));
#9189=CARTESIAN_POINT('',(0.0533656901180917,0.0527046494369061,0.0558899518134753));
#9190=CARTESIAN_POINT('',(0.0544508946274815,0.0515854320655455,0.0588183356949771));
#9191=CARTESIAN_POINT('',(0.0557018527930629,0.0502354840078852,0.0616244503172206));
#9192=CARTESIAN_POINT('',(0.0570888885731444,0.0486568838401474,0.0642301405544427));
#9193=CARTESIAN_POINT('',(0.0585687439645646,0.0468685706531186,0.0665820675928941));
#9194=CARTESIAN_POINT('',(0.060127260255132,0.044856358655877,0.0686956702353988));
#9195=CARTESIAN_POINT('',(0.0622958835787469,0.0418395334315802,0.0712112263047426));
#9196=CARTESIAN_POINT('',(0.0639114127636622,0.0393021859098265,0.0726882953958903));
#9197=CARTESIAN_POINT('',(0.0649519052837843,0.0375000000000849,0.0735228311334795));
#9198=CARTESIAN_POINT('',(0.0649519052837843,0.0375000000000849,0.0735228311334796));
#9199=CARTESIAN_POINT('',(0.0649519052837843,0.0375000000000849,0.0735228311334796));
#9200=CARTESIAN_POINT('',(0.0659923978039105,0.0356978140903362,0.0726882953958966));
#9201=CARTESIAN_POINT('',(0.0673820406235331,0.0330300510147602,0.0712112263047614));
#9202=CARTESIAN_POINT('',(0.068910376244762,0.0296435555131017,0.0686956702354305));
#9203=CARTESIAN_POINT('',(0.0698737448069007,0.0272877348146218,0.0665820675929343));
#9204=CARTESIAN_POINT('',(0.0706825417610901,0.0251119858581941,0.0642301405544895));
#9205=CARTESIAN_POINT('',(0.0713561317187364,0.0231214775528021,0.0616244503172742));
#9206=CARTESIAN_POINT('',(0.0718997419476765,0.0213631419734895,0.0588183356950298));
#9207=CARTESIAN_POINT('',(0.0723264103689421,0.0198637186143622,0.0558899518135268));
#9208=CARTESIAN_POINT('',(0.0726617541978032,0.0185943233516179,0.0528375962786096));
#9209=CARTESIAN_POINT('',(0.0730096269050149,0.0171862189249702,0.0485992997570994));
#9210=CARTESIAN_POINT('',(0.073390392431037,0.0154871070651536,0.0410551251732131));
#9211=CARTESIAN_POINT('',(0.0734760447074679,0.015042302155793,0.0344481570741806));
#9212=CARTESIAN_POINT('',(0.0734760447074686,0.0150423021557896,0.03));
#9213=CARTESIAN_POINT('',(0.0734760447074686,0.0150423021557896,0.03));
#9214=CARTESIAN_POINT('',(0.0734760447074686,0.0150423021557896,0.08));
#9215=CARTESIAN_POINT('',(0.0748656434766192,0.00448725158997635,0.1));
#9216=CARTESIAN_POINT('',(0.0748656434766192,0.00448725158997635,0.03));
#9217=CARTESIAN_POINT('',(0.0748656434766192,0.00448725158997634,0.03));
#9218=CARTESIAN_POINT('',(0.0748656434766192,0.00448725158997637,0.0360452542866429));
#9219=CARTESIAN_POINT('',(0.0748382685655666,0.00515226595017818,0.0450157662451083));
#9220=CARTESIAN_POINT('',(0.0745742445142182,0.00815156536567733,0.0567695138676408));
#9221=CARTESIAN_POINT('',(0.0741203072584467,0.0117062698822662,0.0651707311492865));
#9222=CARTESIAN_POINT('',(0.073368533429473,0.0157710219971913,0.0714238647759217));
#9223=CARTESIAN_POINT('',(0.0723771256584914,0.0197492018106702,0.0759342312309373));
#9224=CARTESIAN_POINT('',(0.0714267048256359,0.0229620347166875,0.0789233321442324));
#9225=CARTESIAN_POINT('',(0.0702370662210814,0.0263921929109264,0.0815603457712346));
#9226=CARTESIAN_POINT('',(0.0682696071980308,0.0312534000021581,0.0846354414916174));
#9227=CARTESIAN_POINT('',(0.0663928908575072,0.0350041397734184,0.0863781012434277));
#9228=CARTESIAN_POINT('',(0.0649519052838595,0.0374999999999541,0.0873411914753175));
#9229=CARTESIAN_POINT('',(0.0649519052838596,0.0374999999999541,0.0873411914753176));
#9230=CARTESIAN_POINT('',(0.0649519052838595,0.0374999999999541,0.0873411914753176));
#9231=CARTESIAN_POINT('',(0.0635068877500893,0.0400028437862762,0.0863754064618316));
#9232=CARTESIAN_POINT('',(0.0611899203068232,0.0435128742857708,0.0846268534406924));
#9233=CARTESIAN_POINT('',(0.0579546372942692,0.0476557848911037,0.0815399269595217));
#9234=CARTESIAN_POINT('',(0.0555727340023542,0.0504055156604137,0.0788921827818013));
#9235=CARTESIAN_POINT('',(0.0532600259013975,0.052838049597564,0.0758900258471469));
#9236=CARTESIAN_POINT('',(0.0503055381702406,0.055686878291002,0.0713598219557262));
#9237=CARTESIAN_POINT('',(0.0471594541490415,0.0583681667219847,0.065084003620352));
#9238=CARTESIAN_POINT('',(0.0443155550878321,0.060529303135396,0.0566422738221161));
#9239=CARTESIAN_POINT('',(0.0425033541368525,0.0618004596634041,0.047973392130673));
#9240=CARTESIAN_POINT('',(0.0415121331017146,0.0624651968300724,0.0390749347133429));
#9241=CARTESIAN_POINT('',(0.0413188956084028,0.0625919233264324,0.033022009657212));
#9242=CARTESIAN_POINT('',(0.0413188956084016,0.0625919233264332,0.03));
#9243=CARTESIAN_POINT('',(0.0413188956084016,0.0625919233264332,0.03));
#9244=CARTESIAN_POINT('',(0.0413188956084016,0.0625919233264332,0.1));
#9245=CARTESIAN_POINT('',(0.,4.59242549680257E-18,0.003));
#9246=CARTESIAN_POINT('',(0.0749718468458549,0.00205479452054795,0.003));
#9247=CARTESIAN_POINT('',(0.0392654276772791,0.0639001266768726,0.003));
#9248=CARTESIAN_POINT('',(0.0392654276772794,0.0639001266768731,0.1));
#9249=CARTESIAN_POINT('',(0.0392654276772794,0.0639001266768731,0.03));
#9250=CARTESIAN_POINT('',(0.0392654276772794,0.0639001266768731,0.03));
#9251=CARTESIAN_POINT('',(0.0392654276772703,0.0639001266768787,0.0332760104055586));
#9252=CARTESIAN_POINT('',(0.0394693550413695,0.0637756101829777,0.0397989387270956));
#9253=CARTESIAN_POINT('',(0.0405127493655771,0.0631239643400768,0.0494566365410388));
#9254=CARTESIAN_POINT('',(0.0424727695464655,0.0618387761585043,0.0590134118550989));
#9255=CARTESIAN_POINT('',(0.0455334018869874,0.0596508198316939,0.0681975112329814));
#9256=CARTESIAN_POINT('',(0.0489446454558806,0.0568949305662407,0.0750425997635298));
#9257=CARTESIAN_POINT('',(0.0521736555240483,0.0539159286207644,0.0799871599617944));
#9258=CARTESIAN_POINT('',(0.0547081050408201,0.0513488829536923,0.0832605379559233));
#9259=CARTESIAN_POINT('',(0.0573209745060249,0.0484243810118554,0.086143241057114));
#9260=CARTESIAN_POINT('',(0.0608683578208531,0.0439856311397119,0.089500353959361));
#9261=CARTESIAN_POINT('',(0.0633896694235314,0.0402058718834245,0.0913947151796427));
#9262=CARTESIAN_POINT('',(0.0649519052836882,0.0375000000002509,0.0924459154401522));
#9263=CARTESIAN_POINT('',(0.0649519052836882,0.0375000000002509,0.0924459154401522));
#9264=CARTESIAN_POINT('',(0.0649519052836882,0.0375000000002509,0.0924459154401522));
#9265=CARTESIAN_POINT('',(0.066518023592108,0.0347874035194281,0.091392102750433));
#9266=CARTESIAN_POINT('',(0.0685350295341109,0.0307035425876115,0.0894920772095992));
#9267=CARTESIAN_POINT('',(0.0706077826124646,0.0254003316707564,0.0861234195126918));
#9268=CARTESIAN_POINT('',(0.0718344735906419,0.0216681577125373,0.0832303112732676));
#9269=CARTESIAN_POINT('',(0.0727899590119082,0.0181837528181746,0.0799440142204864));
#9270=CARTESIAN_POINT('',(0.073753541764401,0.0138937966281066,0.0749808494455325));
#9271=CARTESIAN_POINT('',(0.0744318308979514,0.00956004783050284,0.0681090149204645));
#9272=CARTESIAN_POINT('',(0.074792202525547,0.00583302257625468,0.058905324742919));
#9273=CARTESIAN_POINT('',(0.0749227197197409,0.0035330576572811,0.0494890569861281));
#9274=CARTESIAN_POINT('',(0.0749660329597236,0.00229443226421664,0.0398342023535622));
#9275=CARTESIAN_POINT('',(0.0749718468458549,0.00205479452054795,0.0332753573156977));
#9276=CARTESIAN_POINT('',(0.0749718468458549,0.00205479452054795,0.03));
#9277=CARTESIAN_POINT('',(0.0749718468458549,0.00205479452054795,0.03));
#9278=CARTESIAN_POINT('',(0.0749718468458549,0.00205479452054795,0.1));
#9279=CARTESIAN_POINT('',(0.,0.,0.));
#9280=CARTESIAN_POINT('',(0.0225,0.0389711431702998,0.));
#9281=CARTESIAN_POINT('',(0.00216666666666669,0.0623710482033455,0.));
#9282=CARTESIAN_POINT('',(-0.0225,0.0389711431702998,0.));
#9283=CARTESIAN_POINT('',(0.00943945305923389,0.0506275293288397,0.));
#9284=CARTESIAN_POINT('',(-2.86229373536173E-17,-5.20417042793042E-17,0.));
#9285=CARTESIAN_POINT('',(0.039125,0.033488570811547,0.));
#9286=CARTESIAN_POINT('',(0.045,0.,0.));
#9287=CARTESIAN_POINT('',(0.0529315788714275,0.033061912476539,0.));
#9288=CARTESIAN_POINT('',(0.0225,0.0389711431702998,0.));
#9289=CARTESIAN_POINT('',(0.,4.59242549680257E-18,0.));
#9290=CARTESIAN_POINT('',(0.074,4.59242549680257E-18,0.));
#9291=CARTESIAN_POINT('',(0.045,2.42861286636753E-17,0.));
#9292=CARTESIAN_POINT('',(0.0550982455380942,0.0293091357268064,0.));
#9293=CARTESIAN_POINT('',(0.0225,0.0389711431702998,0.));
#9294=CARTESIAN_POINT('',(0.0485644530592338,0.0171389585172927,0.));
#9295=CARTESIAN_POINT('',(-1.38777878078145E-17,-5.20417042793042E-18,0.));
#9296=CARTESIAN_POINT('',(0.0485644530592338,-0.0171389585172927,0.));
#9297=CARTESIAN_POINT('',(0.0225,-0.0389711431702999,0.));
#9298=CARTESIAN_POINT('',(0.0550982455380942,-0.0293091357268064,0.));
#9299=CARTESIAN_POINT('',(0.045,-4.59701721133854E-17,0.));
#9300=CARTESIAN_POINT('',(0.045,-2.09901540593193E-16,0.));
#9301=CARTESIAN_POINT('',(0.05582515571859,0.0322306686816808,0.));
#9302=CARTESIAN_POINT('',(0.0224999999999996,0.0389711431702999,0.));
#9303=CARTESIAN_POINT('',(0.0225000000000003,0.0389711431702991,0.));
#9304=CARTESIAN_POINT('',(-8.28604052682214E-18,0.0644613373633616,0.));
#9305=CARTESIAN_POINT('',(-0.0225,0.0389711431702997,0.));
#9306=CARTESIAN_POINT('',(-0.0225,0.0389711431702997,0.));
#9307=CARTESIAN_POINT('',(-0.00216666666666667,0.0623710482033455,0.));
#9308=CARTESIAN_POINT('',(-0.0225,0.0389711431702998,0.));
#9309=CARTESIAN_POINT('',(-0.0529315788714275,0.033061912476539,0.));
#9310=CARTESIAN_POINT('',(-0.045,1.04083408558608E-17,0.));
#9311=CARTESIAN_POINT('',(-0.039125,0.033488570811547,0.));
#9312=CARTESIAN_POINT('',(6.59194920871187E-17,-1.07552855510562E-16,0.));
#9313=CARTESIAN_POINT('',(-0.00943945305923387,0.0506275293288397,0.));
#9314=CARTESIAN_POINT('',(0.0225,0.0389711431702998,0.));
#9315=CARTESIAN_POINT('',(-0.0224999999999996,0.0389711431702998,0.));
#9316=CARTESIAN_POINT('',(-0.05582515571859,0.0322306686816808,0.));
#9317=CARTESIAN_POINT('',(-0.045,-6.41847686111419E-17,0.));
#9318=CARTESIAN_POINT('',(-0.045,3.20923843055709E-17,0.));
#9319=CARTESIAN_POINT('',(-0.0550982455380941,0.0293091357268064,0.));
#9320=CARTESIAN_POINT('',(-0.045,-3.12250225675825E-17,0.));
#9321=CARTESIAN_POINT('',(-0.0550982455380942,-0.0293091357268064,0.));
#9322=CARTESIAN_POINT('',(-0.0225,-0.0389711431702998,0.));
#9323=CARTESIAN_POINT('',(-0.0485644530592338,-0.0171389585172927,0.));
#9324=CARTESIAN_POINT('',(0.,6.93889390390723E-18,0.));
#9325=CARTESIAN_POINT('',(-0.0485644530592338,0.0171389585172927,0.));
#9326=CARTESIAN_POINT('',(-0.0225,0.0389711431702998,0.));
#9327=CARTESIAN_POINT('',(-0.045,9.8879238130678E-17,0.));
#9328=CARTESIAN_POINT('',(-0.05582515571859,-0.0322306686816808,0.));
#9329=CARTESIAN_POINT('',(-0.0224999999999996,-0.0389711431702998,0.));
#9330=CARTESIAN_POINT('',(-0.0225,-0.0389711431702998,0.));
#9331=CARTESIAN_POINT('',(-0.0529315788714275,-0.033061912476539,0.));
#9332=CARTESIAN_POINT('',(-0.0225,-0.0389711431702997,0.));
#9333=CARTESIAN_POINT('',(-0.00216666666666668,-0.0623710482033455,0.));
#9334=CARTESIAN_POINT('',(0.0225,-0.0389711431702998,0.));
#9335=CARTESIAN_POINT('',(-0.00943945305923388,-0.0506275293288397,0.));
#9336=CARTESIAN_POINT('',(6.50521303491303E-17,1.00613961606655E-16,0.));
#9337=CARTESIAN_POINT('',(-0.039125,-0.033488570811547,0.));
#9338=CARTESIAN_POINT('',(-0.045,-1.04083408558608E-16,0.));
#9339=CARTESIAN_POINT('',(-0.0225000000000002,-0.0389711431702993,0.));
#9340=CARTESIAN_POINT('',(-5.32588395833594E-18,-0.0644613373633616,0.));
#9341=CARTESIAN_POINT('',(0.0225000000000003,-0.0389711431702992,0.));
#9342=CARTESIAN_POINT('',(0.0225,-0.0389711431702996,0.));
#9343=CARTESIAN_POINT('',(0.00216666666666667,-0.0623710482033455,0.));
#9344=CARTESIAN_POINT('',(0.0157582205143476,-0.0692291736641511,0.));
#9345=CARTESIAN_POINT('',(0.,4.28626379701574E-18,0.));
#9346=CARTESIAN_POINT('',(0.0520751128189856,-0.0482616061159378,0.));
#9347=CARTESIAN_POINT('',(0.0225,-0.0389711431702998,0.));
#9348=CARTESIAN_POINT('',(0.0529315788714275,-0.033061912476539,0.));
#9349=CARTESIAN_POINT('',(0.045,2.1163626406917E-16,0.));
#9350=CARTESIAN_POINT('',(0.039125,-0.033488570811547,0.));
#9351=CARTESIAN_POINT('',(-3.81639164714897E-17,5.89805981832114E-17,0.));
#9352=CARTESIAN_POINT('',(0.00943945305923386,-0.0506275293288397,0.));
#9353=CARTESIAN_POINT('',(-0.0225,-0.0389711431702998,0.));
#9354=CARTESIAN_POINT('',(0.0224999999999995,-0.0389711431702998,0.));
#9355=CARTESIAN_POINT('',(0.05582515571859,-0.0322306686816808,0.));
#9356=CARTESIAN_POINT('',(0.045,9.19403442267708E-17,0.));
#9357=CARTESIAN_POINT('',(-0.0225,0.0389711431702998,0.));
#9358=CARTESIAN_POINT('',(-0.0465964949241791,0.0194683502326457,0.));
#9359=CARTESIAN_POINT('',(-0.0169646940869749,0.00846933357727349,0.));
#9360=CARTESIAN_POINT('',(-0.00866025403784439,0.005,0.));
#9361=CARTESIAN_POINT('',(-0.0158170050745308,0.0104571892581152,0.));
#9362=CARTESIAN_POINT('',(-0.045,-9.54097911787244E-18,0.));
#9363=CARTESIAN_POINT('',(-0.0401583333333334,0.0306195732153289,0.));
#9364=CARTESIAN_POINT('',(-5.86336534880161E-16,2.81025203108243E-16,0.));
#9365=CARTESIAN_POINT('',(-0.045,-8.67361737988404E-19,0.));
#9366=CARTESIAN_POINT('',(-0.0379916666666667,0.0332698551828662,0.));
#9367=CARTESIAN_POINT('',(-0.013432987376039,0.0126302697516199,0.));
#9368=CARTESIAN_POINT('',(-0.00866025403784439,0.005,0.));
#9369=CARTESIAN_POINT('',(-0.00807178440569614,0.0139807406984079,0.));
#9370=CARTESIAN_POINT('',(1.7347234759768E-18,0.01,0.));
#9371=CARTESIAN_POINT('',(-0.00422164077353296,0.0179484431921757,0.));
#9372=CARTESIAN_POINT('',(0.0225,0.0389711431702998,0.));
#9373=CARTESIAN_POINT('',(-0.00981670643525827,0.0495366760568769,0.));
#9374=CARTESIAN_POINT('',(-4.5102810375397E-17,5.55111512312578E-17,0.));
#9375=CARTESIAN_POINT('',(0.0225,0.0389711431702998,0.));
#9376=CARTESIAN_POINT('',(-0.00643816159084585,0.0500879234479745,0.));
#9377=CARTESIAN_POINT('',(-0.00114768901244485,0.0189265228353886,0.));
#9378=CARTESIAN_POINT('',(1.7347234759768E-18,0.01,0.));
#9379=CARTESIAN_POINT('',(0.00114768901244486,0.0189265228353886,0.));
#9380=CARTESIAN_POINT('',(-0.0225,0.0389711431702998,0.));
#9381=CARTESIAN_POINT('',(0.00643816159084586,0.0500879234479745,0.));
#9382=CARTESIAN_POINT('',(3.68628738645072E-17,-8.46545056276682E-16,0.));
#9383=CARTESIAN_POINT('',(-0.0225,0.0389711431702998,0.));
#9384=CARTESIAN_POINT('',(0.00981670643525829,0.0495366760568768,0.));
#9385=CARTESIAN_POINT('',(0.00422164077353358,0.0179484431921753,0.));
#9386=CARTESIAN_POINT('',(1.7347234759768E-18,0.01,0.));
#9387=CARTESIAN_POINT('',(0.00807178440569614,0.0139807406984079,0.));
#9388=CARTESIAN_POINT('',(0.00866025403784439,0.005,0.));
#9389=CARTESIAN_POINT('',(0.013432987376039,0.0126302697516199,0.));
#9390=CARTESIAN_POINT('',(0.045,1.04083408558608E-17,0.));
#9391=CARTESIAN_POINT('',(0.0379916666666667,0.0332698551828662,0.));
#9392=CARTESIAN_POINT('',(4.68375338513738E-17,5.55111512312578E-17,0.));
#9393=CARTESIAN_POINT('',(0.045,8.67361737988404E-18,0.));
#9394=CARTESIAN_POINT('',(0.0401583333333333,0.0306195732153289,0.));
#9395=CARTESIAN_POINT('',(0.0158170050745308,0.0104571892581152,0.));
#9396=CARTESIAN_POINT('',(0.00866025403784439,0.005,0.));
#9397=CARTESIAN_POINT('',(0.0169646940869749,0.00846933357727349,0.));
#9398=CARTESIAN_POINT('',(0.0225,0.0389711431702998,0.));
#9399=CARTESIAN_POINT('',(0.0465964949241791,0.0194683502326457,0.));
#9400=CARTESIAN_POINT('',(3.01841884819965E-16,1.61329283265843E-16,0.));
#9401=CARTESIAN_POINT('',(0.0225,0.0389711431702998,0.));
#9402=CARTESIAN_POINT('',(0.0478083731019248,0.0162668208740108,0.));
#9403=CARTESIAN_POINT('',(0.0176546281495725,0.00531817344055548,0.));
#9404=CARTESIAN_POINT('',(0.00866025403784439,0.005,0.));
#9405=CARTESIAN_POINT('',(0.0161435688113923,1.04435516135252E-17,0.));
#9406=CARTESIAN_POINT('',(0.00866025403784438,-0.005,0.));
#9407=CARTESIAN_POINT('',(0.0176546281495725,-0.00531817344055617,0.));
#9408=CARTESIAN_POINT('',(0.0225,-0.0389711431702998,0.));
#9409=CARTESIAN_POINT('',(0.0478083731019248,-0.0162668208740108,0.));
#9410=CARTESIAN_POINT('',(2.77555756156289E-17,0.,0.));
#9411=CARTESIAN_POINT('',(0.0225,-0.0389711431702998,0.));
#9412=CARTESIAN_POINT('',(0.0465964949241791,-0.0194683502326457,0.));
#9413=CARTESIAN_POINT('',(0.0169646940869751,-0.0084693335772728,0.));
#9414=CARTESIAN_POINT('',(0.00866025403784438,-0.005,0.));
#9415=CARTESIAN_POINT('',(0.0158170050745303,-0.0104571892581158,0.));
#9416=CARTESIAN_POINT('',(0.045,6.93889390390723E-18,0.));
#9417=CARTESIAN_POINT('',(0.0401583333333333,-0.0306195732153289,0.));
#9418=CARTESIAN_POINT('',(5.79397640976254E-16,-2.84494650060197E-16,0.));
#9419=CARTESIAN_POINT('',(0.045,9.54097911787244E-18,0.));
#9420=CARTESIAN_POINT('',(0.0379916666666667,-0.0332698551828662,0.));
#9421=CARTESIAN_POINT('',(0.013432987376039,-0.0126302697516199,0.));
#9422=CARTESIAN_POINT('',(0.00866025403784438,-0.005,0.));
#9423=CARTESIAN_POINT('',(0.00807178440569614,-0.0139807406984078,0.));
#9424=CARTESIAN_POINT('',(1.7347234759768E-18,-0.01,0.));
#9425=CARTESIAN_POINT('',(0.00422164077353358,-0.0179484431921753,0.));
#9426=CARTESIAN_POINT('',(-0.0225,-0.0389711431702998,0.));
#9427=CARTESIAN_POINT('',(0.00981670643525829,-0.0495366760568769,0.));
#9428=CARTESIAN_POINT('',(6.15826833971767E-17,-1.00613961606655E-16,0.));
#9429=CARTESIAN_POINT('',(-0.0225,-0.0389711431702998,0.));
#9430=CARTESIAN_POINT('',(0.00643816159084585,-0.0500879234479745,0.));
#9431=CARTESIAN_POINT('',(0.00114768901244486,-0.0189265228353886,0.));
#9432=CARTESIAN_POINT('',(1.7347234759768E-18,-0.01,0.));
#9433=CARTESIAN_POINT('',(-0.00114768901244487,-0.0189265228353886,0.));
#9434=CARTESIAN_POINT('',(0.0225,-0.0389711431702998,0.));
#9435=CARTESIAN_POINT('',(-0.00643816159084584,-0.0500879234479745,0.));
#9436=CARTESIAN_POINT('',(-9.54097911787244E-18,8.67361737988404E-16,0.));
#9437=CARTESIAN_POINT('',(0.0225,-0.0389711431702998,0.));
#9438=CARTESIAN_POINT('',(-0.00981670643525828,-0.0495366760568768,0.));
#9439=CARTESIAN_POINT('',(-0.00422164077353358,-0.0179484431921753,0.));
#9440=CARTESIAN_POINT('',(1.7347234759768E-18,-0.01,0.));
#9441=CARTESIAN_POINT('',(-0.00807178440569614,-0.0139807406984078,0.));
#9442=CARTESIAN_POINT('',(-0.00866025403784438,-0.005,0.));
#9443=CARTESIAN_POINT('',(-0.0134329873760395,-0.0126302697516195,0.));
#9444=CARTESIAN_POINT('',(-0.045,3.46944695195361E-18,0.));
#9445=CARTESIAN_POINT('',(-0.0379916666666667,-0.0332698551828662,0.));
#9446=CARTESIAN_POINT('',(-7.02563007770607E-17,-1.04083408558608E-16,0.));
#9447=CARTESIAN_POINT('',(-0.045,4.33680868994202E-18,0.));
#9448=CARTESIAN_POINT('',(-0.0401583333333333,-0.0306195732153289,0.));
#9449=CARTESIAN_POINT('',(-0.0158170050745303,-0.0104571892581158,0.));
#9450=CARTESIAN_POINT('',(-0.00866025403784438,-0.005,0.));
#9451=CARTESIAN_POINT('',(-0.0169646940869751,-0.00846933357727281,0.));
#9452=CARTESIAN_POINT('',(-0.0225,-0.0389711431702998,0.));
#9453=CARTESIAN_POINT('',(-0.046596494924179,-0.0194683502326457,0.));
#9454=CARTESIAN_POINT('',(-1.76941794549634E-16,-9.19403442267708E-17,0.));
#9455=CARTESIAN_POINT('',(-0.00866025403784439,0.005,0.));
#9456=CARTESIAN_POINT('',(-0.0161435688113923,3.86241779892868E-18,0.));
#9457=CARTESIAN_POINT('',(-0.0176546281495725,0.00531817344055548,0.));
#9458=CARTESIAN_POINT('',(-0.0225,0.0389711431702998,0.));
#9459=CARTESIAN_POINT('',(-0.0478083731019248,0.0162668208740108,0.));
#9460=CARTESIAN_POINT('',(-2.77555756156289E-17,-4.33680868994202E-18,0.));
#9461=CARTESIAN_POINT('',(-0.0478083731019248,-0.0162668208740108,0.));
#9462=CARTESIAN_POINT('',(-0.0225,-0.0389711431702998,0.));
#9463=CARTESIAN_POINT('',(-0.0176546281495725,-0.00531817344055547,0.));
#9464=CARTESIAN_POINT('',(-0.00866025403784438,-0.005,0.));
#9465=CARTESIAN_POINT('',(0.045,2.20309881449055E-16,0.));
#9466=CARTESIAN_POINT('',(0.0522178775174625,0.0301480056412179,0.));
#9467=CARTESIAN_POINT('',(0.0412916666666667,0.0307773985887191,0.));
#9468=CARTESIAN_POINT('',(1.83880688453541E-16,1.45716771982052E-16,0.));
#9469=CARTESIAN_POINT('',(0.0472998423735634,0.020370933003573,0.));
#9470=CARTESIAN_POINT('',(0.0225000000000003,0.0389711431702996,0.));
#9471=CARTESIAN_POINT('',(0.0225,0.0389711431702999,0.));
#9472=CARTESIAN_POINT('',(2.27129948156015E-18,0.060296011282436,0.));
#9473=CARTESIAN_POINT('',(-0.00600817570689684,0.051148331592292,0.));
#9474=CARTESIAN_POINT('',(-2.16840434497101E-18,4.09394740330527E-16,0.));
#9475=CARTESIAN_POINT('',(0.00600817570689684,0.051148331592292,0.));
#9476=CARTESIAN_POINT('',(-0.0225,0.0389711431702999,0.));
#9477=CARTESIAN_POINT('',(-0.0225,0.0389711431702998,0.));
#9478=CARTESIAN_POINT('',(-0.0522178775174625,0.0301480056412179,0.));
#9479=CARTESIAN_POINT('',(-0.0472998423735634,0.020370933003573,0.));
#9480=CARTESIAN_POINT('',(-2.98372437868011E-16,1.7347234759768E-16,0.));
#9481=CARTESIAN_POINT('',(-0.0412916666666667,0.0307773985887191,0.));
#9482=CARTESIAN_POINT('',(-0.045,3.72965547335014E-16,0.));
#9483=CARTESIAN_POINT('',(-0.045,-2.27248775352962E-16,0.));
#9484=CARTESIAN_POINT('',(-0.0522178775174625,-0.0301480056412179,0.));
#9485=CARTESIAN_POINT('',(-0.0412916666666667,-0.0307773985887191,0.));
#9486=CARTESIAN_POINT('',(1.12063136548102E-15,5.759281940243E-16,0.));
#9487=CARTESIAN_POINT('',(-0.0472998423735634,-0.020370933003573,0.));
#9488=CARTESIAN_POINT('',(-0.0225000000000002,-0.0389711431702996,0.));
#9489=CARTESIAN_POINT('',(-0.0224999999999997,-0.0389711431703,0.));
#9490=CARTESIAN_POINT('',(7.44410197135812E-18,-0.060296011282436,0.));
#9491=CARTESIAN_POINT('',(0.00600817570689682,-0.051148331592292,0.));
#9492=CARTESIAN_POINT('',(-9.10729824887824E-18,-5.48172618408671E-16,0.));
#9493=CARTESIAN_POINT('',(-0.00600817570689684,-0.051148331592292,0.));
#9494=CARTESIAN_POINT('',(0.0225,-0.0389711431702997,0.));
#9495=CARTESIAN_POINT('',(0.0225,-0.0389711431702997,0.));
#9496=CARTESIAN_POINT('',(0.0522178775174625,-0.0301480056412179,0.));
#9497=CARTESIAN_POINT('',(0.0472998423735634,-0.020370933003573,0.));
#9498=CARTESIAN_POINT('',(3.12250225675826E-16,-1.61329283265843E-16,0.));
#9499=CARTESIAN_POINT('',(0.0412916666666667,-0.0307773985887191,0.));
#9500=CARTESIAN_POINT('',(0.045,-2.37657116208822E-16,0.));
#9501=CARTESIAN_POINT('',(0.,4.59242549680257E-18,0.003));
#9502=CARTESIAN_POINT('',(0.0347542479907473,0.0641961232988227,0.005));
#9503=CARTESIAN_POINT('',(0.0348723178884234,0.0643882866546884,0.00499999999999999));
#9504=CARTESIAN_POINT('',(0.0352319699814358,0.0646711509048435,0.0049206727437737));
#9505=CARTESIAN_POINT('',(0.0360519474241892,0.0648851758976129,0.00462694728477611));
#9506=CARTESIAN_POINT('',(0.0370729710359185,0.0648149518632967,0.00417326012455445));
#9507=CARTESIAN_POINT('',(0.0382193072544435,0.0644676099543446,0.00359398749703562));
#9508=CARTESIAN_POINT('',(0.0389276140064479,0.0641077068328165,0.00319817656376575));
#9509=CARTESIAN_POINT('',(0.0392654276772791,0.0639001266768726,0.003));
#9510=CARTESIAN_POINT('',(0.0729725975966321,-0.002,0.005));
#9511=CARTESIAN_POINT('',(0.0731980508933264,-0.00199383014712301,0.005));
#9512=CARTESIAN_POINT('',(0.0736228445662891,-0.0018237944231232,0.00492067274378232));
#9513=CARTESIAN_POINT('',(0.0742181843684496,-0.00122068562357891,0.00462694728473333));
#9514=CARTESIAN_POINT('',(0.0746678803766349,-0.000301341220606491,0.00417326012489804));
#9515=CARTESIAN_POINT('',(0.0749402415689676,0.000865086019592924,0.00359398749578319));
#9516=CARTESIAN_POINT('',(0.0749827096987713,0.00165844922323776,0.00319817656646227));
#9517=CARTESIAN_POINT('',(0.0749718468458549,0.00205479452054795,0.003));
#9518=CARTESIAN_POINT('',(0.,4.28626379701574E-18,0.003));
#9519=CARTESIAN_POINT('',(0.0447307603541911,0.0564194920052987,0.005));
#9520=CARTESIAN_POINT('',(0.0445836632462813,0.0562537502177713,0.00500000000000003));
#9521=CARTESIAN_POINT('',(0.0444221824235318,0.0558312140287299,0.00491999062854236));
#9522=CARTESIAN_POINT('',(0.0445057491504808,0.0550073868274508,0.00461482883984028));
#9523=CARTESIAN_POINT('',(0.0449286083306161,0.0541045191114211,0.00415665121655388));
#9524=CARTESIAN_POINT('',(0.0456270655759417,0.0531640528226646,0.00358330995517021));
#9525=CARTESIAN_POINT('',(0.0461756666907146,0.0526114042724658,0.00319489082436));
#9526=CARTESIAN_POINT('',(0.0464673009564817,0.0523525543008148,0.003));
#9527=CARTESIAN_POINT('',(0.0429198717524465,0.0578090357016413,0.005));
#9528=CARTESIAN_POINT('',(0.0427978490123849,0.0576240536749573,0.00500000000000007));
#9529=CARTESIAN_POINT('',(0.0424315047071888,0.0573587147648475,0.00491999062855489));
#9530=CARTESIAN_POINT('',(0.0416141200766342,0.0572262118550411,0.00461482883977768));
#9531=CARTESIAN_POINT('',(0.0406325728225473,0.0574009830980559,0.00415665121705622));
#9532=CARTESIAN_POINT('',(0.0395433781091769,0.0578322304024255,0.00358330995333873));
#9533=CARTESIAN_POINT('',(0.0388675721826019,0.0582191024190643,0.00319489082830258));
#9534=CARTESIAN_POINT('',(0.0385420618093099,0.0584338041846271,0.003));
#9535=CARTESIAN_POINT('',(0.,4.28626379701574E-18,0.));
#9536=CARTESIAN_POINT('',(0.0157569458055667,-0.0682035091390498,0.000999999999999934));
#9537=CARTESIAN_POINT('',(0.0157570038503323,-0.0685455007297009,0.000666772268761656));
#9538=CARTESIAN_POINT('',(0.0157574374825467,-0.068887386443989,0.000333436422656053));
#9539=CARTESIAN_POINT('',(0.0157582205143479,-0.0692291736641511,-2.27886369684635E-17));
#9540=CARTESIAN_POINT('',(0.0520751128189857,-0.0482616061159377,-3.37006801267072E-18));
#9541=CARTESIAN_POINT('',(0.051779507919537,-0.0480900343804248,0.000333436422656095));
#9542=CARTESIAN_POINT('',(0.0514836430218797,-0.0479187159867672,0.000666772268761726));
#9543=CARTESIAN_POINT('',(0.051187498638878,-0.0477476699232,0.00100000000000003));
#9544=CARTESIAN_POINT('',(0.,4.59242549680257E-18,0.001));
#9545=CARTESIAN_POINT('',(0.,0.,0.003));
#9546=CARTESIAN_POINT('',(0.045,2.42861286636753E-17,0.003));
#9547=CARTESIAN_POINT('',(0.0544161916649108,0.0305832525171811,0.003));
#9548=CARTESIAN_POINT('',(0.045,-2.09901540593193E-16,0.003));
#9549=CARTESIAN_POINT('',(0.0546560397971495,0.0315556792897232,0.003));
#9550=CARTESIAN_POINT('',(0.0224999999999996,0.0389711431702999,0.003));
#9551=CARTESIAN_POINT('',(0.0225,0.0389711431702998,0.003));
#9552=CARTESIAN_POINT('',(0.0536939694426886,0.0318341781004253,0.003));
#9553=CARTESIAN_POINT('',(0.045,0.,0.003));
#9554=CARTESIAN_POINT('',(0.0398694444444445,0.0325987330994834,0.003));
#9555=CARTESIAN_POINT('',(0.045,1.04083408558608E-17,0.003));
#9556=CARTESIAN_POINT('',(0.0387361111111111,0.0324000570367963,0.003));
#9557=CARTESIAN_POINT('',(0.045,1.04083408558608E-17,0.003));
#9558=CARTESIAN_POINT('',(0.0146664918801555,0.0129953178161715,0.003));
#9559=CARTESIAN_POINT('',(0.00866025403784439,0.005,0.003));
#9560=CARTESIAN_POINT('',(0.0154685235285501,0.0123244430874931,0.003));
#9561=CARTESIAN_POINT('',(0.045,8.67361737988404E-18,0.003));
#9562=CARTESIAN_POINT('',(0.0394583333333334,0.031516502511471,0.003));
#9563=CARTESIAN_POINT('',(0.045,8.67361737988404E-18,0.003));
#9564=CARTESIAN_POINT('',(0.0405916666666667,0.0316948985993365,0.003));
#9565=CARTESIAN_POINT('',(0.045,2.20309881449055E-16,0.003));
#9566=CARTESIAN_POINT('',(0.0534556463989385,0.0308626318381326,0.003));
#9567=CARTESIAN_POINT('',(0.0225000000000003,0.0389711431702996,0.003));
#9568=CARTESIAN_POINT('',(0.0477444206907305,0.0193059652156152,0.003));
#9569=CARTESIAN_POINT('',(0.0225,0.0389711431702998,0.003));
#9570=CARTESIAN_POINT('',(0.0470232584800365,0.0184136678019255,0.003));
#9571=CARTESIAN_POINT('',(0.0225,0.0389711431702998,0.003));
#9572=CARTESIAN_POINT('',(0.0184075425655393,0.00723391279101647,0.003));
#9573=CARTESIAN_POINT('',(0.00866025403784439,0.005,0.003));
#9574=CARTESIAN_POINT('',(0.0185875212991348,0.00620389564452675,0.003));
#9575=CARTESIAN_POINT('',(0.0225,0.0389711431702998,0.003));
#9576=CARTESIAN_POINT('',(0.0474273280334859,0.0173464277476408,0.003));
#9577=CARTESIAN_POINT('',(0.0225,0.0389711431702998,0.003));
#9578=CARTESIAN_POINT('',(0.0481660532175635,0.0182285851739196,0.003));
#9579=CARTESIAN_POINT('',(0.0225,0.0389711431702998,0.003));
#9580=CARTESIAN_POINT('',(0.,0.,0.003));
#9581=CARTESIAN_POINT('',(0.0225,0.0389711431702998,0.003));
#9582=CARTESIAN_POINT('',(0.000722222222222237,0.0624174306176065,0.003));
#9583=CARTESIAN_POINT('',(0.0225000000000003,0.0389711431702991,0.003));
#9584=CARTESIAN_POINT('',(-5.90437837390388E-18,0.0631113585794465,0.003));
#9585=CARTESIAN_POINT('',(-0.0225,0.0389711431702997,0.003));
#9586=CARTESIAN_POINT('',(-0.0225,0.0389711431702997,0.003));
#9587=CARTESIAN_POINT('',(-0.000722222222222229,0.0624174306176065,0.003));
#9588=CARTESIAN_POINT('',(0.0225,0.0389711431702998,0.003));
#9589=CARTESIAN_POINT('',(-0.00829660877311917,0.050827318273403,0.003));
#9590=CARTESIAN_POINT('',(0.0225,0.0389711431702998,0.003));
#9591=CARTESIAN_POINT('',(-0.00869121692237491,0.049746484784437,0.003));
#9592=CARTESIAN_POINT('',(0.0225,0.0389711431702998,0.003));
#9593=CARTESIAN_POINT('',(-0.00392102941897929,0.0191992134606986,0.003));
#9594=CARTESIAN_POINT('',(1.7347234759768E-18,0.01,0.003));
#9595=CARTESIAN_POINT('',(-0.00293901903698949,0.0195583558785082,0.003));
#9596=CARTESIAN_POINT('',(0.0225,0.0389711431702998,0.003));
#9597=CARTESIAN_POINT('',(-0.00756492514670335,0.0499301703133964,0.003));
#9598=CARTESIAN_POINT('',(0.0225,0.0389711431702998,0.003));
#9599=CARTESIAN_POINT('',(-0.00715275402406397,0.0510008638149516,0.003));
#9600=CARTESIAN_POINT('',(0.0225,0.0389711431702999,0.003));
#9601=CARTESIAN_POINT('',(4.4601002388767E-18,0.0617252636762654,0.003));
#9602=CARTESIAN_POINT('',(-0.0225,0.0389711431702999,0.003));
#9603=CARTESIAN_POINT('',(0.00715275402406399,0.0510008638149516,0.003));
#9604=CARTESIAN_POINT('',(-0.0225,0.0389711431702998,0.003));
#9605=CARTESIAN_POINT('',(0.00756492514670335,0.0499301703133964,0.003));
#9606=CARTESIAN_POINT('',(-0.0225,0.0389711431702998,0.003));
#9607=CARTESIAN_POINT('',(0.00293901903698701,0.019558355878509,0.003));
#9608=CARTESIAN_POINT('',(1.7347234759768E-18,0.01,0.003));
#9609=CARTESIAN_POINT('',(0.00392102941897969,0.0191992134606985,0.003));
#9610=CARTESIAN_POINT('',(-0.0225,0.0389711431702998,0.003));
#9611=CARTESIAN_POINT('',(0.00869121692237491,0.049746484784437,0.003));
#9612=CARTESIAN_POINT('',(-0.0225,0.0389711431702998,0.003));
#9613=CARTESIAN_POINT('',(0.00829660877311918,0.0508273182734029,0.003));
#9614=CARTESIAN_POINT('',(-0.0225,0.0389711431702998,0.003));
#9615=CARTESIAN_POINT('',(0.,0.,0.003));
#9616=CARTESIAN_POINT('',(-0.0225,-0.0389711431702997,0.003));
#9617=CARTESIAN_POINT('',(-0.000722222222222236,-0.0624174306176065,0.003));
#9618=CARTESIAN_POINT('',(-0.0225000000000002,-0.0389711431702993,0.003));
#9619=CARTESIAN_POINT('',(-4.86470761590412E-18,-0.0631113585794465,0.003));
#9620=CARTESIAN_POINT('',(0.0225000000000003,-0.0389711431702992,0.003));
#9621=CARTESIAN_POINT('',(0.0225,-0.0389711431702996,0.003));
#9622=CARTESIAN_POINT('',(0.000722222222222232,-0.0624174306176065,0.003));
#9623=CARTESIAN_POINT('',(-0.0225,-0.0389711431702998,0.003));
#9624=CARTESIAN_POINT('',(0.00829660877311917,-0.050827318273403,0.003));
#9625=CARTESIAN_POINT('',(-0.0225,-0.0389711431702998,0.003));
#9626=CARTESIAN_POINT('',(0.0086912169223749,-0.049746484784437,0.003));
#9627=CARTESIAN_POINT('',(-0.0225,-0.0389711431702998,0.003));
#9628=CARTESIAN_POINT('',(0.00392102941897929,-0.0191992134606986,0.003));
#9629=CARTESIAN_POINT('',(1.7347234759768E-18,-0.01,0.003));
#9630=CARTESIAN_POINT('',(0.00293901903698951,-0.0195583558785082,0.003));
#9631=CARTESIAN_POINT('',(-0.0225,-0.0389711431702998,0.003));
#9632=CARTESIAN_POINT('',(0.00756492514670334,-0.0499301703133964,0.003));
#9633=CARTESIAN_POINT('',(-0.0225,-0.0389711431702998,0.003));
#9634=CARTESIAN_POINT('',(0.00715275402406397,-0.0510008638149516,0.003));
#9635=CARTESIAN_POINT('',(-0.0224999999999997,-0.0389711431703,0.003));
#9636=CARTESIAN_POINT('',(7.72050109160093E-18,-0.0617252636762653,0.003));
#9637=CARTESIAN_POINT('',(0.0225,-0.0389711431702997,0.003));
#9638=CARTESIAN_POINT('',(-0.007152754024064,-0.0510008638149516,0.003));
#9639=CARTESIAN_POINT('',(0.0225,-0.0389711431702998,0.003));
#9640=CARTESIAN_POINT('',(-0.00756492514670333,-0.0499301703133964,0.003));
#9641=CARTESIAN_POINT('',(0.0225,-0.0389711431702998,0.003));
#9642=CARTESIAN_POINT('',(-0.00293901903698701,-0.019558355878509,0.003));
#9643=CARTESIAN_POINT('',(1.7347234759768E-18,-0.01,0.003));
#9644=CARTESIAN_POINT('',(-0.00392102941897969,-0.0191992134606985,0.003));
#9645=CARTESIAN_POINT('',(0.0225,-0.0389711431702998,0.003));
#9646=CARTESIAN_POINT('',(-0.00869121692237491,-0.049746484784437,0.003));
#9647=CARTESIAN_POINT('',(0.0225,-0.0389711431702998,0.003));
#9648=CARTESIAN_POINT('',(-0.00829660877311919,-0.0508273182734029,0.003));
#9649=CARTESIAN_POINT('',(0.0225,-0.0389711431702998,0.003));
#9650=CARTESIAN_POINT('',(0.,0.,0.003));
#9651=CARTESIAN_POINT('',(0.0225,-0.0389711431702998,0.003));
#9652=CARTESIAN_POINT('',(0.0536939694426886,-0.0318341781004253,0.003));
#9653=CARTESIAN_POINT('',(0.0224999999999995,-0.0389711431702998,0.003));
#9654=CARTESIAN_POINT('',(0.0546560397971495,-0.0315556792897232,0.003));
#9655=CARTESIAN_POINT('',(0.045,9.19403442267708E-17,0.003));
#9656=CARTESIAN_POINT('',(0.045,-4.59701721133854E-17,0.003));
#9657=CARTESIAN_POINT('',(0.0544161916649108,-0.0305832525171811,0.003));
#9658=CARTESIAN_POINT('',(0.0225,-0.0389711431702999,0.003));
#9659=CARTESIAN_POINT('',(0.0481660532175635,-0.0182285851739196,0.003));
#9660=CARTESIAN_POINT('',(0.0225,-0.0389711431702998,0.003));
#9661=CARTESIAN_POINT('',(0.0474273280334859,-0.0173464277476408,0.003));
#9662=CARTESIAN_POINT('',(0.0225,-0.0389711431702998,0.003));
#9663=CARTESIAN_POINT('',(0.0185875212991348,-0.00620389564452718,0.003));
#9664=CARTESIAN_POINT('',(0.00866025403784438,-0.005,0.003));
#9665=CARTESIAN_POINT('',(0.0184075425655372,-0.00723391279102584,0.003));
#9666=CARTESIAN_POINT('',(0.0225,-0.0389711431702998,0.003));
#9667=CARTESIAN_POINT('',(0.0470232584800366,-0.0184136678019255,0.003));
#9668=CARTESIAN_POINT('',(0.0225,-0.0389711431702998,0.003));
#9669=CARTESIAN_POINT('',(0.0477444206907304,-0.0193059652156151,0.003));
#9670=CARTESIAN_POINT('',(0.0225,-0.0389711431702997,0.003));
#9671=CARTESIAN_POINT('',(0.0534556463989385,-0.0308626318381326,0.003));
#9672=CARTESIAN_POINT('',(0.045,-2.37657116208822E-16,0.003));
#9673=CARTESIAN_POINT('',(0.0405916666666665,-0.0316948985993364,0.003));
#9674=CARTESIAN_POINT('',(0.045,6.93889390390723E-18,0.003));
#9675=CARTESIAN_POINT('',(0.0394583333333333,-0.031516502511471,0.003));
#9676=CARTESIAN_POINT('',(0.045,6.93889390390723E-18,0.003));
#9677=CARTESIAN_POINT('',(0.0154685235285641,-0.01232444308748,0.003));
#9678=CARTESIAN_POINT('',(0.00866025403784438,-0.005,0.003));
#9679=CARTESIAN_POINT('',(0.0146664918801552,-0.0129953178161717,0.003));
#9680=CARTESIAN_POINT('',(0.045,9.54097911787244E-18,0.003));
#9681=CARTESIAN_POINT('',(0.0387361111111111,-0.0324000570367963,0.003));
#9682=CARTESIAN_POINT('',(0.045,9.54097911787244E-18,0.003));
#9683=CARTESIAN_POINT('',(0.0398694444444445,-0.0325987330994834,0.003));
#9684=CARTESIAN_POINT('',(0.045,2.1163626406917E-16,0.003));
#9685=CARTESIAN_POINT('',(0.,0.,0.003));
#9686=CARTESIAN_POINT('',(-0.045,-3.12250225675825E-17,0.003));
#9687=CARTESIAN_POINT('',(-0.0544161916649108,-0.0305832525171811,0.003));
#9688=CARTESIAN_POINT('',(-0.045,9.8879238130678E-17,0.003));
#9689=CARTESIAN_POINT('',(-0.0546560397971495,-0.0315556792897232,0.003));
#9690=CARTESIAN_POINT('',(-0.0224999999999996,-0.0389711431702998,0.003));
#9691=CARTESIAN_POINT('',(-0.0225,-0.0389711431702998,0.003));
#9692=CARTESIAN_POINT('',(-0.0536939694426886,-0.0318341781004253,0.003));
#9693=CARTESIAN_POINT('',(-0.045,-1.04083408558608E-16,0.003));
#9694=CARTESIAN_POINT('',(-0.0398694444444445,-0.0325987330994834,0.003));
#9695=CARTESIAN_POINT('',(-0.045,3.46944695195361E-18,0.003));
#9696=CARTESIAN_POINT('',(-0.0387361111111111,-0.0324000570367963,0.003));
#9697=CARTESIAN_POINT('',(-0.045,3.46944695195361E-18,0.003));
#9698=CARTESIAN_POINT('',(-0.0146664918801555,-0.0129953178161715,0.003));
#9699=CARTESIAN_POINT('',(-0.00866025403784438,-0.005,0.003));
#9700=CARTESIAN_POINT('',(-0.0154685235285501,-0.0123244430874931,0.003));
#9701=CARTESIAN_POINT('',(-0.045,4.33680868994202E-18,0.003));
#9702=CARTESIAN_POINT('',(-0.0394583333333334,-0.031516502511471,0.003));
#9703=CARTESIAN_POINT('',(-0.045,4.33680868994202E-18,0.003));
#9704=CARTESIAN_POINT('',(-0.0405916666666667,-0.0316948985993365,0.003));
#9705=CARTESIAN_POINT('',(-0.045,-2.27248775352962E-16,0.003));
#9706=CARTESIAN_POINT('',(-0.0534556463989385,-0.0308626318381326,0.003));
#9707=CARTESIAN_POINT('',(-0.0225000000000002,-0.0389711431702996,0.003));
#9708=CARTESIAN_POINT('',(-0.0477444206907304,-0.0193059652156151,0.003));
#9709=CARTESIAN_POINT('',(-0.0225,-0.0389711431702998,0.003));
#9710=CARTESIAN_POINT('',(-0.0470232584800366,-0.0184136678019255,0.003));
#9711=CARTESIAN_POINT('',(-0.0225,-0.0389711431702998,0.003));
#9712=CARTESIAN_POINT('',(-0.0184075425655393,-0.00723391279101645,0.003));
#9713=CARTESIAN_POINT('',(-0.00866025403784438,-0.005,0.003));
#9714=CARTESIAN_POINT('',(-0.0185875212991348,-0.00620389564452675,0.003));
#9715=CARTESIAN_POINT('',(-0.0225,-0.0389711431702998,0.003));
#9716=CARTESIAN_POINT('',(-0.0474273280334859,-0.0173464277476408,0.003));
#9717=CARTESIAN_POINT('',(-0.0225,-0.0389711431702998,0.003));
#9718=CARTESIAN_POINT('',(-0.0481660532175635,-0.0182285851739196,0.003));
#9719=CARTESIAN_POINT('',(-0.0225,-0.0389711431702998,0.003));
#9720=CARTESIAN_POINT('',(0.,0.,0.003));
#9721=CARTESIAN_POINT('',(-0.0225,0.0389711431702998,0.003));
#9722=CARTESIAN_POINT('',(-0.0536939694426886,0.0318341781004253,0.003));
#9723=CARTESIAN_POINT('',(-0.0224999999999996,0.0389711431702998,0.003));
#9724=CARTESIAN_POINT('',(-0.0546560397971495,0.0315556792897232,0.003));
#9725=CARTESIAN_POINT('',(-0.045,-6.41847686111419E-17,0.003));
#9726=CARTESIAN_POINT('',(-0.045,3.20923843055709E-17,0.003));
#9727=CARTESIAN_POINT('',(-0.0544161916649108,0.0305832525171811,0.003));
#9728=CARTESIAN_POINT('',(-0.0225,0.0389711431702998,0.003));
#9729=CARTESIAN_POINT('',(-0.0481660532175635,0.0182285851739196,0.003));
#9730=CARTESIAN_POINT('',(-0.0225,0.0389711431702998,0.003));
#9731=CARTESIAN_POINT('',(-0.0474273280334859,0.0173464277476408,0.003));
#9732=CARTESIAN_POINT('',(-0.0225,0.0389711431702998,0.003));
#9733=CARTESIAN_POINT('',(-0.0185875212991348,0.00620389564452718,0.003));
#9734=CARTESIAN_POINT('',(-0.00866025403784439,0.005,0.003));
#9735=CARTESIAN_POINT('',(-0.0184075425655372,0.00723391279102585,0.003));
#9736=CARTESIAN_POINT('',(-0.0225,0.0389711431702998,0.003));
#9737=CARTESIAN_POINT('',(-0.0470232584800365,0.0184136678019255,0.003));
#9738=CARTESIAN_POINT('',(-0.0225,0.0389711431702998,0.003));
#9739=CARTESIAN_POINT('',(-0.0477444206907305,0.0193059652156152,0.003));
#9740=CARTESIAN_POINT('',(-0.0225,0.0389711431702998,0.003));
#9741=CARTESIAN_POINT('',(-0.0534556463989385,0.0308626318381326,0.003));
#9742=CARTESIAN_POINT('',(-0.045,3.72965547335014E-16,0.003));
#9743=CARTESIAN_POINT('',(-0.0405916666666665,0.0316948985993365,0.003));
#9744=CARTESIAN_POINT('',(-0.045,-9.54097911787244E-18,0.003));
#9745=CARTESIAN_POINT('',(-0.0394583333333333,0.031516502511471,0.003));
#9746=CARTESIAN_POINT('',(-0.045,-9.54097911787244E-18,0.003));
#9747=CARTESIAN_POINT('',(-0.015468523528552,0.0123244430874913,0.003));
#9748=CARTESIAN_POINT('',(-0.00866025403784439,0.005,0.003));
#9749=CARTESIAN_POINT('',(-0.0146664918801552,0.0129953178161718,0.003));
#9750=CARTESIAN_POINT('',(-0.045,-8.67361737988404E-19,0.003));
#9751=CARTESIAN_POINT('',(-0.0387361111111111,0.0324000570367964,0.003));
#9752=CARTESIAN_POINT('',(-0.045,-8.67361737988404E-19,0.003));
#9753=CARTESIAN_POINT('',(-0.0398694444444445,0.0325987330994834,0.003));
#9754=CARTESIAN_POINT('',(-0.045,1.04083408558608E-17,0.003));
#9755=CARTESIAN_POINT('',(1.7347234759768E-18,0.01,0.005));
#9756=CARTESIAN_POINT('',(1.7347234759768E-18,0.01,0.003));
#9757=CARTESIAN_POINT('',(-0.00866025403784439,0.015,0.003));
#9758=CARTESIAN_POINT('',(-0.00392102941897928,0.0191992134606986,0.00300000000000007));
#9759=CARTESIAN_POINT('',(-0.00440512919320063,0.0189928730529505,0.00300000000000016));
#9760=CARTESIAN_POINT('',(-0.00533270513164283,0.0184871242896641,0.00257734570056702));
#9761=CARTESIAN_POINT('',(-0.00568828432444443,0.0182245620822193,0.00153166614497314));
#9762=CARTESIAN_POINT('',(-0.00568828432444443,0.0182245620822193,0.00100000000000001));
#9763=CARTESIAN_POINT('',(-0.00568828432444423,0.0182245620822193,0.001));
#9764=CARTESIAN_POINT('',(1.7347234759768E-18,0.01,0.001));
#9765=CARTESIAN_POINT('',(-0.00866025403784439,0.015,0.001));
#9766=CARTESIAN_POINT('',(-0.00866025403784439,0.015,0.005));
#9767=CARTESIAN_POINT('',(1.7347234759768E-18,0.01,0.005));
#9768=CARTESIAN_POINT('',(1.7347234759768E-18,0.01,0.001));
#9769=CARTESIAN_POINT('',(0.00866025403784439,0.015,0.001));
#9770=CARTESIAN_POINT('',(0.00568828432444427,0.0182245620822194,0.001));
#9771=CARTESIAN_POINT('',(0.00568828432444422,0.0182245620822195,0.000999999999999991));
#9772=CARTESIAN_POINT('',(0.00568828432444422,0.0182245620822195,0.00153204270888153));
#9773=CARTESIAN_POINT('',(0.00533338601101513,0.0184867269292918,0.00257647438513174));
#9774=CARTESIAN_POINT('',(0.00440495189199201,0.0189929486249825,0.00299999999999997));
#9775=CARTESIAN_POINT('',(0.0039210294189797,0.0191992134606985,0.003));
#9776=CARTESIAN_POINT('',(1.7347234759768E-18,0.01,0.003));
#9777=CARTESIAN_POINT('',(0.00866025403784439,0.015,0.003));
#9778=CARTESIAN_POINT('',(0.00866025403784439,0.015,0.005));
#9779=CARTESIAN_POINT('',(-0.00866025403784439,0.005,0.005));
#9780=CARTESIAN_POINT('',(-0.0186270758982708,0.00418608231219222,0.001));
#9781=CARTESIAN_POINT('',(-0.0186270758982708,0.00418608231219222,0.00153204270888161));
#9782=CARTESIAN_POINT('',(-0.0186766681591002,0.00462451569091837,0.00257647438513201));
#9783=CARTESIAN_POINT('',(-0.0186508519480036,0.00568167407157827,0.00300000000000011));
#9784=CARTESIAN_POINT('',(-0.0185875212991348,0.00620389564452718,0.003));
#9785=CARTESIAN_POINT('',(-0.0186270758982708,0.00418608231219223,0.001));
#9786=CARTESIAN_POINT('',(-0.00866025403784439,0.005,0.001));
#9787=CARTESIAN_POINT('',(-0.0173205080756888,7.80625564189563E-18,0.001));
#9788=CARTESIAN_POINT('',(-0.0173205080756888,7.80625564189563E-18,0.005));
#9789=CARTESIAN_POINT('',(-0.0173205080756888,7.80625564189563E-18,0.003));
#9790=CARTESIAN_POINT('',(-0.00866025403784439,0.005,0.003));
#9791=CARTESIAN_POINT('',(-0.00866025403784439,0.005,0.005));
#9792=CARTESIAN_POINT('',(-0.0146664918801552,0.0129953178161718,0.00300000000000007));
#9793=CARTESIAN_POINT('',(-0.0142457459581074,0.0133113903147396,0.00300000000000007));
#9794=CARTESIAN_POINT('',(-0.0133439667119479,0.0138618202597264,0.00257734570056683));
#9795=CARTESIAN_POINT('',(-0.0129387915738263,0.0140384797700274,0.00153166614497307));
#9796=CARTESIAN_POINT('',(-0.0129387915738263,0.0140384797700274,0.00100000000000002));
#9797=CARTESIAN_POINT('',(-0.0129387915738265,0.0140384797700272,0.001));
#9798=CARTESIAN_POINT('',(-0.00866025403784439,0.005,0.003));
#9799=CARTESIAN_POINT('',(-0.00866025403784439,0.005,0.001));
#9800=CARTESIAN_POINT('',(-0.00866025403784438,-0.005,0.005));
#9801=CARTESIAN_POINT('',(-0.0129387915738265,-0.0140384797700272,0.000999999999999999));
#9802=CARTESIAN_POINT('',(-0.0129387915738265,-0.0140384797700272,0.00153204270888161));
#9803=CARTESIAN_POINT('',(-0.0133432821480851,-0.0138622112383735,0.00257647438513199));
#9804=CARTESIAN_POINT('',(-0.0142459000560119,-0.0133112745534045,0.0030000000000001));
#9805=CARTESIAN_POINT('',(-0.0146664918801555,-0.0129953178161715,0.003));
#9806=CARTESIAN_POINT('',(-0.0129387915738265,-0.0140384797700272,0.001));
#9807=CARTESIAN_POINT('',(-0.00866025403784438,-0.005,0.001));
#9808=CARTESIAN_POINT('',(-0.0086602540378444,-0.015,0.001));
#9809=CARTESIAN_POINT('',(-0.0086602540378444,-0.015,0.005));
#9810=CARTESIAN_POINT('',(-0.0086602540378444,-0.015,0.003));
#9811=CARTESIAN_POINT('',(-0.00866025403784438,-0.005,0.003));
#9812=CARTESIAN_POINT('',(-0.00866025403784438,-0.005,0.005));
#9813=CARTESIAN_POINT('',(-0.0185875212991349,-0.00620389564452676,0.00300000000000007));
#9814=CARTESIAN_POINT('',(-0.0186508751513083,-0.00568148273821072,0.00300000000000006));
#9815=CARTESIAN_POINT('',(-0.0186766718435908,-0.00462530402993763,0.00257734570056682));
#9816=CARTESIAN_POINT('',(-0.0186270758982708,-0.004186082312192,0.00153166614497307));
#9817=CARTESIAN_POINT('',(-0.0186270758982708,-0.00418608231219199,0.00100000000000002));
#9818=CARTESIAN_POINT('',(-0.0186270758982708,-0.00418608231219223,0.001));
#9819=CARTESIAN_POINT('',(-0.00866025403784438,-0.005,0.003));
#9820=CARTESIAN_POINT('',(-0.00866025403784438,-0.005,0.001));
#9821=CARTESIAN_POINT('',(1.7347234759768E-18,-0.01,0.005));
#9822=CARTESIAN_POINT('',(1.7347234759768E-18,-0.01,0.003));
#9823=CARTESIAN_POINT('',(0.00866025403784436,-0.015,0.003));
#9824=CARTESIAN_POINT('',(0.00392102941897928,-0.0191992134606986,0.00300000000000007));
#9825=CARTESIAN_POINT('',(0.00440512919320063,-0.0189928730529505,0.00300000000000016));
#9826=CARTESIAN_POINT('',(0.00533270513164283,-0.0184871242896641,0.00257734570056702));
#9827=CARTESIAN_POINT('',(0.00568828432444444,-0.0182245620822193,0.00153166614497314));
#9828=CARTESIAN_POINT('',(0.00568828432444444,-0.0182245620822193,0.00100000000000002));
#9829=CARTESIAN_POINT('',(0.00568828432444423,-0.0182245620822193,0.001));
#9830=CARTESIAN_POINT('',(1.7347234759768E-18,-0.01,0.001));
#9831=CARTESIAN_POINT('',(0.00866025403784436,-0.015,0.001));
#9832=CARTESIAN_POINT('',(0.00866025403784436,-0.015,0.005));
#9833=CARTESIAN_POINT('',(1.7347234759768E-18,-0.01,0.005));
#9834=CARTESIAN_POINT('',(1.7347234759768E-18,-0.01,0.001));
#9835=CARTESIAN_POINT('',(-0.00568828432444428,-0.0182245620822194,0.001));
#9836=CARTESIAN_POINT('',(-0.00568828432444422,-0.0182245620822195,0.00099999999999999));
#9837=CARTESIAN_POINT('',(-0.00568828432444422,-0.0182245620822195,0.00153204270888153));
#9838=CARTESIAN_POINT('',(-0.00533338601101513,-0.0184867269292918,0.00257647438513174));
#9839=CARTESIAN_POINT('',(-0.00440495189199201,-0.0189929486249825,0.00299999999999997));
#9840=CARTESIAN_POINT('',(-0.0039210294189797,-0.0191992134606985,0.003));
#9841=CARTESIAN_POINT('',(1.7347234759768E-18,-0.01,0.003));
#9842=CARTESIAN_POINT('',(0.00866025403784438,-0.005,0.005));
#9843=CARTESIAN_POINT('',(0.00866025403784438,-0.005,0.001));
#9844=CARTESIAN_POINT('',(0.0169386958922385,-0.0106095811308346,0.001));
#9845=CARTESIAN_POINT('',(0.0176575147289341,-0.00936455038424036,0.001));
#9846=CARTESIAN_POINT('',(0.0176575147289337,-0.009364550384241,0.00100000000000013));
#9847=CARTESIAN_POINT('',(0.0176575147289338,-0.00936455038424096,0.00156195847376875));
#9848=CARTESIAN_POINT('',(0.0179329345022368,-0.0088238431514705,0.0026017095260792));
#9849=CARTESIAN_POINT('',(0.0182829251898582,-0.00777765895747704,0.003));
#9850=CARTESIAN_POINT('',(0.0184075425655372,-0.00723391279102584,0.00300000000000001));
#9851=CARTESIAN_POINT('',(0.00866025403784438,-0.005,0.003));
#9852=CARTESIAN_POINT('',(0.0154685235285642,-0.01232444308748,0.00300000000000002));
#9853=CARTESIAN_POINT('',(0.0158762304007642,-0.011945468436984,0.00299999999999799));
#9854=CARTESIAN_POINT('',(0.0166092059794459,-0.0111172534829395,0.00260070289960725));
#9855=CARTESIAN_POINT('',(0.0169386958922389,-0.0106095811308341,0.0015622946118784));
#9856=CARTESIAN_POINT('',(0.0169386958922389,-0.010609581130834,0.00100000000000011));
#9857=CARTESIAN_POINT('',(0.00866025403784438,-0.005,0.005));
#9858=CARTESIAN_POINT('',(0.00866025403784438,-0.005,0.003));
#9859=CARTESIAN_POINT('',(0.0173205080756888,3.46944695195361E-18,0.003));
#9860=CARTESIAN_POINT('',(0.0185875212991348,-0.00620389564452719,0.00300000000000007));
#9861=CARTESIAN_POINT('',(0.0186508751513083,-0.00568148273821109,0.00300000000000017));
#9862=CARTESIAN_POINT('',(0.0186766718435909,-0.00462530402993776,0.00257734570056703));
#9863=CARTESIAN_POINT('',(0.0186270758982708,-0.004186082312192,0.00153166614497314));
#9864=CARTESIAN_POINT('',(0.0186270758982708,-0.004186082312192,0.00100000000000002));
#9865=CARTESIAN_POINT('',(0.0186270758982707,-0.00418608231219224,0.001));
#9866=CARTESIAN_POINT('',(0.00866025403784438,-0.005,0.001));
#9867=CARTESIAN_POINT('',(0.0173205080756888,3.46944695195361E-18,0.001));
#9868=CARTESIAN_POINT('',(0.0173205080756888,3.46944695195361E-18,0.005));
#9869=CARTESIAN_POINT('',(0.00866025403784439,0.005,0.005));
#9870=CARTESIAN_POINT('',(0.00866025403784439,0.005,0.003));
#9871=CARTESIAN_POINT('',(0.0146664918801556,0.0129953178161715,0.00300000000000007));
#9872=CARTESIAN_POINT('',(0.0142457459581077,0.0133113903147394,0.00300000000000018));
#9873=CARTESIAN_POINT('',(0.013343966711948,0.0138618202597264,0.00257734570056704));
#9874=CARTESIAN_POINT('',(0.0129387915738263,0.0140384797700274,0.00153166614497314));
#9875=CARTESIAN_POINT('',(0.0129387915738263,0.0140384797700274,0.00100000000000002));
#9876=CARTESIAN_POINT('',(0.0129387915738265,0.0140384797700272,0.001));
#9877=CARTESIAN_POINT('',(0.00866025403784439,0.005,0.001));
#9878=CARTESIAN_POINT('',(0.00866025403784439,0.005,0.005));
#9879=CARTESIAN_POINT('',(0.00866025403784439,0.005,0.001));
#9880=CARTESIAN_POINT('',(0.0186270758982708,0.00418608231219224,0.001));
#9881=CARTESIAN_POINT('',(0.0186270758982708,0.00418608231219227,0.000999999999999997));
#9882=CARTESIAN_POINT('',(0.0186270758982708,0.00418608231219226,0.00153204270888154));
#9883=CARTESIAN_POINT('',(0.0186766681591001,0.00462451569091827,0.00257647438513177));
#9884=CARTESIAN_POINT('',(0.0186508519480036,0.00568167407157793,0.00299999999999999));
#9885=CARTESIAN_POINT('',(0.0185875212991349,0.00620389564452675,0.003));
#9886=CARTESIAN_POINT('',(0.00866025403784439,0.005,0.003));
#9887=CARTESIAN_POINT('',(1.7347234759768E-18,-0.01,0.001));
#9888=CARTESIAN_POINT('',(-0.00114768901244501,-0.0189265228353889,-2.99858199004763E-16));
#9889=CARTESIAN_POINT('',(-0.00101093836504229,-0.019279198025766,0.000332357324989449));
#9890=CARTESIAN_POINT('',(-0.000867733670538006,-0.0196282621803331,0.000665729655587622));
#9891=CARTESIAN_POINT('',(-0.000718818836695719,-0.0199741315150753,0.000999999999999721));
#9892=CARTESIAN_POINT('',(-0.000718818836695616,-0.019974131515075,0.001));
#9893=CARTESIAN_POINT('',(0.000718818836695692,-0.0199741315150753,0.000999999999999715));
#9894=CARTESIAN_POINT('',(0.000867733670537978,-0.0196282621803331,0.000665729655587616));
#9895=CARTESIAN_POINT('',(0.00101093836504226,-0.019279198025766,0.000332357324989443));
#9896=CARTESIAN_POINT('',(0.00114768901244498,-0.0189265228353889,-3.05302656301654E-16));
#9897=CARTESIAN_POINT('',(0.000718818836695611,-0.019974131515075,0.001));
#9898=CARTESIAN_POINT('',(1.7347234759768E-18,-0.01,0.001));
#9899=CARTESIAN_POINT('',(1.7347234759768E-18,-0.01,0.001));
#9900=CARTESIAN_POINT('',(-0.00568828432444425,-0.0182245620822195,0.00100000000000003));
#9901=CARTESIAN_POINT('',(-0.00520350983649629,-0.0181435327730335,0.000657603429543579));
#9902=CARTESIAN_POINT('',(-0.00471502796309337,-0.0180525637199788,0.000323388841885509));
#9903=CARTESIAN_POINT('',(-0.00422164077353355,-0.0179484431921754,3.00973683606218E-17));
#9904=CARTESIAN_POINT('',(-0.00807178440569614,-0.0139807406984078,0.));
#9905=CARTESIAN_POINT('',(-0.00826971674348869,-0.0143235695639254,0.000329153330570183));
#9906=CARTESIAN_POINT('',(-0.00846566868278754,-0.0146629682786327,0.0006629682786327));
#9907=CARTESIAN_POINT('',(-0.00866025403784439,-0.015,0.001));
#9908=CARTESIAN_POINT('',(0.00866025403784438,-0.005,0.001));
#9909=CARTESIAN_POINT('',(0.0158170050745306,-0.0104571892581161,-2.91822121259235E-16));
#9910=CARTESIAN_POINT('',(0.016190806072383,-0.01051509731867,0.000332357324989461));
#9911=CARTESIAN_POINT('',(0.0165647068450408,-0.0105656104925716,0.000665729655587639));
#9912=CARTESIAN_POINT('',(0.0169386958922387,-0.0106095811308349,0.000999999999999742));
#9913=CARTESIAN_POINT('',(0.0176575147289344,-0.00936455038424038,0.00099999999999974));
#9914=CARTESIAN_POINT('',(0.0174324405155788,-0.00906265168776151,0.000665729655587637));
#9915=CARTESIAN_POINT('',(0.0172017444374253,-0.0087641007070961,0.000332357324989459));
#9916=CARTESIAN_POINT('',(0.0169646940869756,-0.00846933357727279,-2.93767864609931E-16));
#9917=CARTESIAN_POINT('',(0.00866025403784438,-0.005,0.001));
#9918=CARTESIAN_POINT('',(0.0176546281495723,-0.00531817344055578,-2.20338892080144E-16));
#9919=CARTESIAN_POINT('',(0.0179914927664854,-0.00494294786439679,0.000323388841885321));
#9920=CARTESIAN_POINT('',(0.0183145152140905,-0.00456539467926891,0.000657603429543459));
#9921=CARTESIAN_POINT('',(0.0186270758982708,-0.0041860823121923,0.000999999999999985));
#9922=CARTESIAN_POINT('',(0.0161435688113923,1.04435516135252E-17,0.));
#9923=CARTESIAN_POINT('',(0.0165394334869773,9.92933886288495E-18,0.000329153330570179));
#9924=CARTESIAN_POINT('',(0.0169313373655751,9.51695013784204E-18,0.000662968278632704));
#9925=CARTESIAN_POINT('',(0.0173205080756888,8.78243745694952E-18,0.001));
#9926=CARTESIAN_POINT('',(-0.00866025403784438,-0.005,0.));
#9927=CARTESIAN_POINT('',(-0.0169646940869755,-0.00846933357727285,-3.02334005482248E-16));
#9928=CARTESIAN_POINT('',(-0.0172017444374253,-0.00876410070709615,0.00033235732498945));
#9929=CARTESIAN_POINT('',(-0.0174324405155787,-0.00906265168776155,0.000665729655587627));
#9930=CARTESIAN_POINT('',(-0.0176575147289344,-0.00936455038424042,0.00099999999999973));
#9931=CARTESIAN_POINT('',(-0.0176575147289341,-0.00936455038424036,0.001));
#9932=CARTESIAN_POINT('',(-0.0169386958922387,-0.0106095811308349,0.000999999999999746));
#9933=CARTESIAN_POINT('',(-0.0165647068450408,-0.0105656104925716,0.000665729655587642));
#9934=CARTESIAN_POINT('',(-0.016190806072383,-0.01051509731867,0.000332357324989463));
#9935=CARTESIAN_POINT('',(-0.0158170050745306,-0.0104571892581161,-2.91414894246615E-16));
#9936=CARTESIAN_POINT('',(-0.0169386958922385,-0.0106095811308346,0.001));
#9937=CARTESIAN_POINT('',(-0.00866025403784438,-0.005,0.001));
#9938=CARTESIAN_POINT('',(-0.00866025403784438,-0.005,0.));
#9939=CARTESIAN_POINT('',(-0.0186270758982708,-0.00418608231219225,0.00100000000000002));
#9940=CARTESIAN_POINT('',(-0.0183145152140906,-0.00456539467926878,0.000657603429543564));
#9941=CARTESIAN_POINT('',(-0.0179914927664856,-0.00494294786439658,0.000323388841885489));
#9942=CARTESIAN_POINT('',(-0.0176546281495725,-0.00531817344055549,9.24579283444184E-18));
#9943=CARTESIAN_POINT('',(-0.0161435688113923,4.82615306336024E-18,0.));
#9944=CARTESIAN_POINT('',(-0.0165394334869773,4.03505652391365E-18,0.000329153330570179));
#9945=CARTESIAN_POINT('',(-0.0169313373655751,5.49232460156259E-18,0.000662968278632705));
#9946=CARTESIAN_POINT('',(-0.0173205080756888,4.49857215094329E-18,0.001));
#9947=CARTESIAN_POINT('',(0.00866025403784439,0.005,0.001));
#9948=CARTESIAN_POINT('',(0.0169646940869757,0.00846933357727301,-1.12844280051432E-16));
#9949=CARTESIAN_POINT('',(0.0172017444374254,0.0087641007070963,0.00033235732498963));
#9950=CARTESIAN_POINT('',(0.0174324405155789,0.00906265168776171,0.000665729655587796));
#9951=CARTESIAN_POINT('',(0.0176575147289345,0.00936455038424057,0.000999999999999888));
#9952=CARTESIAN_POINT('',(0.0176575147289337,0.00936455038424101,0.001));
#9953=CARTESIAN_POINT('',(0.0169386958922389,0.0106095811308349,0.0009999999999999));
#9954=CARTESIAN_POINT('',(0.016564706845041,0.0105656104925716,0.000665729655587805));
#9955=CARTESIAN_POINT('',(0.0161908060723832,0.01051509731867,0.000332357324989635));
#9956=CARTESIAN_POINT('',(0.0158170050745308,0.0104571892581162,-1.08381670218415E-16));
#9957=CARTESIAN_POINT('',(0.0169386958922389,0.010609581130834,0.001));
#9958=CARTESIAN_POINT('',(0.00866025403784439,0.005,0.001));
#9959=CARTESIAN_POINT('',(0.00866025403784439,0.005,0.001));
#9960=CARTESIAN_POINT('',(0.013432987376039,0.0126302697516199,-7.84903796674148E-18));
#9961=CARTESIAN_POINT('',(0.0132764648033922,0.0131096158555822,0.000323388841885467));
#9962=CARTESIAN_POINT('',(0.0131110053775943,0.0135781380937647,0.000657603429543534));
#9963=CARTESIAN_POINT('',(0.0129387915738265,0.0140384797700272,0.000999999999999984));
#9964=CARTESIAN_POINT('',(0.00807178440569614,0.0139807406984079,0.));
#9965=CARTESIAN_POINT('',(0.00826971674348868,0.0143235695639254,0.000329153330570179));
#9966=CARTESIAN_POINT('',(0.00846566868278754,0.0146629682786327,0.000662968278632704));
#9967=CARTESIAN_POINT('',(0.00866025403784439,0.015,0.001));
#9968=CARTESIAN_POINT('',(-0.00866025403784439,0.005,0.));
#9969=CARTESIAN_POINT('',(-0.0158170050745308,0.0104571892581162,-1.08528234111853E-16));
#9970=CARTESIAN_POINT('',(-0.0161908060723832,0.01051509731867,0.000332357324989635));
#9971=CARTESIAN_POINT('',(-0.016564706845041,0.0105656104925716,0.000665729655587804));
#9972=CARTESIAN_POINT('',(-0.0169386958922389,0.0106095811308349,0.000999999999999898));
#9973=CARTESIAN_POINT('',(-0.0169386958922389,0.010609581130834,0.001));
#9974=CARTESIAN_POINT('',(-0.0176575147289345,0.00936455038424057,0.000999999999999888));
#9975=CARTESIAN_POINT('',(-0.0174324405155789,0.00906265168776171,0.000665729655587796));
#9976=CARTESIAN_POINT('',(-0.0172017444374254,0.0087641007070963,0.00033235732498963));
#9977=CARTESIAN_POINT('',(-0.0169646940869757,0.008469333577273,-1.12058053564597E-16));
#9978=CARTESIAN_POINT('',(-0.0176575147289337,0.00936455038424101,0.001));
#9979=CARTESIAN_POINT('',(-0.00866025403784439,0.005,0.001));
#9980=CARTESIAN_POINT('',(-0.00866025403784439,0.005,0.));
#9981=CARTESIAN_POINT('',(-0.0129387915738265,0.0140384797700272,0.000999999999999999));
#9982=CARTESIAN_POINT('',(-0.0131110053775943,0.0135781380937647,0.000657603429543546));
#9983=CARTESIAN_POINT('',(-0.0132764648033922,0.0131096158555822,0.000323388841885471));
#9984=CARTESIAN_POINT('',(-0.013432987376039,0.0126302697516199,-7.14903916884353E-18));
#9985=CARTESIAN_POINT('',(-0.00866025403784439,0.015,0.001));
#9986=CARTESIAN_POINT('',(-0.00846566868278754,0.0146629682786327,0.000662968278632704));
#9987=CARTESIAN_POINT('',(-0.00826971674348869,0.0143235695639254,0.000329153330570173));
#9988=CARTESIAN_POINT('',(-0.00807178440569614,0.0139807406984079,-6.26934827350782E-18));
#9989=CARTESIAN_POINT('',(1.7347234759768E-18,0.01,0.001));
#9990=CARTESIAN_POINT('',(0.00114768901244498,0.0189265228353889,-3.07312829577442E-16));
#9991=CARTESIAN_POINT('',(0.00101093836504225,0.019279198025766,0.000332357324989449));
#9992=CARTESIAN_POINT('',(0.000867733670537962,0.0196282621803331,0.000665729655587629));
#9993=CARTESIAN_POINT('',(0.000718818836695672,0.0199741315150753,0.000999999999999735));
#9994=CARTESIAN_POINT('',(0.000718818836695606,0.019974131515075,0.001));
#9995=CARTESIAN_POINT('',(-0.00071881883669568,0.0199741315150753,0.000999999999999714));
#9996=CARTESIAN_POINT('',(-0.000867733670537966,0.0196282621803331,0.000665729655587615));
#9997=CARTESIAN_POINT('',(-0.00101093836504225,0.019279198025766,0.000332357324989442));
#9998=CARTESIAN_POINT('',(-0.00114768901244497,0.0189265228353889,-3.06764353617014E-16));
#9999=CARTESIAN_POINT('',(-0.000718818836695605,0.019974131515075,0.001));
#10000=CARTESIAN_POINT('',(1.7347234759768E-18,0.01,0.001));
#10001=CARTESIAN_POINT('',(1.7347234759768E-18,0.01,0.001));
#10002=CARTESIAN_POINT('',(-0.00422164077353318,0.0179484431921753,-2.14878016459111E-16));
#10003=CARTESIAN_POINT('',(-0.0047150279630931,0.0180525637199787,0.000323388841885329));
#10004=CARTESIAN_POINT('',(-0.00520350983649613,0.0181435327730335,0.000657603429543472));
#10005=CARTESIAN_POINT('',(-0.00568828432444421,0.0182245620822195,0.001));
#10006=CARTESIAN_POINT('',(1.7347234759768E-18,0.01,0.005));
#10007=CARTESIAN_POINT('',(-0.000718818836694817,0.019974131515075,0.00100000000000014));
#10008=CARTESIAN_POINT('',(-0.000718818836694866,0.019974131515075,0.00156195847377059));
#10009=CARTESIAN_POINT('',(-0.00132479492293963,0.0199422984190745,0.00260170952608394));
#10010=CARTESIAN_POINT('',(-0.00240581235579092,0.0197223071486442,0.0030000000000027));
#10011=CARTESIAN_POINT('',(-0.0029390190369895,0.0195583558785083,0.00300000000000001));
#10012=CARTESIAN_POINT('',(1.7347234759768E-18,0.01,0.003));
#10013=CARTESIAN_POINT('',(0.002939019036987,0.019558355878509,0.003));
#10014=CARTESIAN_POINT('',(0.0024081801499357,0.0197215790953935,0.00300000000000204));
#10015=CARTESIAN_POINT('',(0.00132275189941907,0.0199427877590509,0.00260085142516206));
#10016=CARTESIAN_POINT('',(0.000718818836694385,0.0199741315150751,0.00156223126725128));
#10017=CARTESIAN_POINT('',(0.000718818836694351,0.0199741315150751,0.0010000000000001));
#10018=CARTESIAN_POINT('',(-0.00866025403784439,0.005,0.005));
#10019=CARTESIAN_POINT('',(-0.0184075425655372,0.00723391279102585,0.003));
#10020=CARTESIAN_POINT('',(-0.0182839131406905,0.00777334820646989,0.003));
#10021=CARTESIAN_POINT('',(-0.017932203854462,0.00882659322946651,0.00260078568686125));
#10022=CARTESIAN_POINT('',(-0.0176575147289337,0.00936455038424104,0.00156274211311792));
#10023=CARTESIAN_POINT('',(-0.0176575147289337,0.00936455038424104,0.00100000000000001));
#10024=CARTESIAN_POINT('',(-0.00866025403784439,0.005,0.003));
#10025=CARTESIAN_POINT('',(-0.0169386958922389,0.010609581130834,0.001));
#10026=CARTESIAN_POINT('',(-0.0169386958922389,0.010609581130834,0.00156195847377005));
#10027=CARTESIAN_POINT('',(-0.0166081395792995,0.0111184552676068,0.00260170952608275));
#10028=CARTESIAN_POINT('',(-0.0158771128340713,0.011944648191174,0.00300000000000204));
#10029=CARTESIAN_POINT('',(-0.015468523528552,0.0123244430874913,0.00300000000000001));
#10030=CARTESIAN_POINT('',(-0.00866025403784438,-0.005,0.005));
#10031=CARTESIAN_POINT('',(-0.0154685235285502,-0.0123244430874931,0.00300000000000002));
#10032=CARTESIAN_POINT('',(-0.0158762304007536,-0.0119454684369953,0.00300000000000267));
#10033=CARTESIAN_POINT('',(-0.0166092059794422,-0.0111172534829453,0.00260070289961543));
#10034=CARTESIAN_POINT('',(-0.0169386958922389,-0.0106095811308341,0.00156229461188162));
#10035=CARTESIAN_POINT('',(-0.0169386958922389,-0.010609581130834,0.00100000000000011));
#10036=CARTESIAN_POINT('',(-0.00866025403784438,-0.005,0.003));
#10037=CARTESIAN_POINT('',(-0.0176575147289337,-0.00936455038424105,0.00100000000000014));
#10038=CARTESIAN_POINT('',(-0.0176575147289337,-0.00936455038424101,0.00156195847377037));
#10039=CARTESIAN_POINT('',(-0.0179329345022384,-0.00882384315146734,0.00260170952608337));
#10040=CARTESIAN_POINT('',(-0.0182829251898604,-0.00777765895746969,0.00300000000000237));
#10041=CARTESIAN_POINT('',(-0.0184075425655393,-0.00723391279101645,0.00300000000000001));
#10042=CARTESIAN_POINT('',(1.7347234759768E-18,-0.01,0.005));
#10043=CARTESIAN_POINT('',(0.00071881883669481,-0.019974131515075,0.00100000000000015));
#10044=CARTESIAN_POINT('',(0.00071881883669486,-0.019974131515075,0.0015619584737706));
#10045=CARTESIAN_POINT('',(0.00132479492293964,-0.0199422984190745,0.00260170952608394));
#10046=CARTESIAN_POINT('',(0.00240581235579094,-0.0197223071486442,0.0030000000000027));
#10047=CARTESIAN_POINT('',(0.00293901903698952,-0.0195583558785083,0.00300000000000001));
#10048=CARTESIAN_POINT('',(1.7347234759768E-18,-0.01,0.003));
#10049=CARTESIAN_POINT('',(-0.00293901903698701,-0.019558355878509,0.003));
#10050=CARTESIAN_POINT('',(-0.00240818014993572,-0.0197215790953935,0.00300000000000203));
#10051=CARTESIAN_POINT('',(-0.00132275189941909,-0.0199427877590509,0.00260085142516203));
#10052=CARTESIAN_POINT('',(-0.000718818836694418,-0.019974131515075,0.00156223126725128));
#10053=CARTESIAN_POINT('',(-0.000718818836694386,-0.0199741315150751,0.00100000000000009));
#10054=CARTESIAN_POINT('',(0.00866025403784438,-0.005,0.005));
#10055=CARTESIAN_POINT('',(0.00866025403784438,-0.005,0.001));
#10056=CARTESIAN_POINT('',(0.0129387915738265,-0.0140384797700272,0.001));
#10057=CARTESIAN_POINT('',(0.0129387915738265,-0.0140384797700272,0.001));
#10058=CARTESIAN_POINT('',(0.0129387915738265,-0.0140384797700272,0.00153204270888154));
#10059=CARTESIAN_POINT('',(0.013343282148085,-0.0138622112383735,0.00257647438513179));
#10060=CARTESIAN_POINT('',(0.0142459000560116,-0.0133112745534047,0.003));
#10061=CARTESIAN_POINT('',(0.0146664918801552,-0.0129953178161717,0.003));
#10062=CARTESIAN_POINT('',(0.00866025403784438,-0.005,0.003));
#10063=CARTESIAN_POINT('',(0.00866025403784439,0.005,0.005));
#10064=CARTESIAN_POINT('',(0.0169386958922389,0.010609581130834,0.000999999999999998));
#10065=CARTESIAN_POINT('',(0.0169386958922389,0.010609581130834,0.00156195847377049));
#10066=CARTESIAN_POINT('',(0.016608139579299,0.0111184552676076,0.00260170952608386));
#10067=CARTESIAN_POINT('',(0.0158771128340699,0.0119446481911755,0.00300000000000268));
#10068=CARTESIAN_POINT('',(0.0154685235285501,0.0123244430874931,0.00300000000000001));
#10069=CARTESIAN_POINT('',(0.00866025403784439,0.005,0.003));
#10070=CARTESIAN_POINT('',(0.0184075425655393,0.00723391279101647,0.003));
#10071=CARTESIAN_POINT('',(0.0182839131406928,0.00777334820646231,0.00300000000000234));
#10072=CARTESIAN_POINT('',(0.0179322038544635,0.00882659322946343,0.0026007856868654));
#10073=CARTESIAN_POINT('',(0.0176575147289337,0.00936455038424104,0.00156274211311955));
#10074=CARTESIAN_POINT('',(0.0176575147289337,0.00936455038424104,0.00100000000000001));
#10075=CARTESIAN_POINT('',(0.,0.,0.005));
#10076=CARTESIAN_POINT('',(0.,6.12323399573677E-19,0.005));
#10077=CARTESIAN_POINT('',(0.012,6.12323399573677E-19,0.005));
#10078=CARTESIAN_POINT('',(0.00866025403784439,0.005,0.005));
#10079=CARTESIAN_POINT('',(0.0149052520362428,9.15595766440371E-18,0.005));
#10080=CARTESIAN_POINT('',(0.0074526260181214,0.012908326913196,0.005));
#10081=CARTESIAN_POINT('',(1.7347234759768E-18,0.01,0.005));
#10082=CARTESIAN_POINT('',(-0.0074526260181214,0.012908326913196,0.005));
#10083=CARTESIAN_POINT('',(-0.00866025403784439,0.005,0.005));
#10084=CARTESIAN_POINT('',(-0.0149052520362428,5.30009474537598E-18,0.005));
#10085=CARTESIAN_POINT('',(-0.00866025403784438,-0.005,0.005));
#10086=CARTESIAN_POINT('',(-0.0074526260181214,-0.012908326913196,0.005));
#10087=CARTESIAN_POINT('',(1.7347234759768E-18,-0.01,0.005));
#10088=CARTESIAN_POINT('',(0.0074526260181214,-0.012908326913196,0.005));
#10089=CARTESIAN_POINT('',(0.00866025403784438,-0.005,0.005));
#10090=CARTESIAN_POINT('',(1.7347234759768E-18,-0.01,0.003));
#10091=CARTESIAN_POINT('',(-0.0086602540378444,-0.015,0.003));
#10092=CARTESIAN_POINT('',(-0.0086602540378444,-0.015,0.00358698856438952));
#10093=CARTESIAN_POINT('',(-0.00834074963996194,-0.0144466021496255,0.00468729912515226));
#10094=CARTESIAN_POINT('',(-0.00774171001145821,-0.013409035077311,0.005));
#10095=CARTESIAN_POINT('',(-0.0074526260181214,-0.012908326913196,0.005));
#10096=CARTESIAN_POINT('',(0.00866025403784436,-0.015,0.003));
#10097=CARTESIAN_POINT('',(0.00866025403784436,-0.015,0.00358698856438952));
#10098=CARTESIAN_POINT('',(0.00834074963996196,-0.0144466021496255,0.00468729912515226));
#10099=CARTESIAN_POINT('',(0.00774171001145821,-0.013409035077311,0.00500000000000001));
#10100=CARTESIAN_POINT('',(0.0074526260181214,-0.012908326913196,0.005));
#10101=CARTESIAN_POINT('',(0.00866025403784438,-0.005,0.003));
#10102=CARTESIAN_POINT('',(0.0173205080756888,3.46944695195361E-18,0.003));
#10103=CARTESIAN_POINT('',(0.0173205080756888,3.46944695195361E-18,0.00358698856438951));
#10104=CARTESIAN_POINT('',(0.0166814992799236,-2.86485590134076E-17,0.00468729912515225));
#10105=CARTESIAN_POINT('',(0.0154834200229171,2.58100587864326E-17,0.005));
#10106=CARTESIAN_POINT('',(0.0149052520362428,9.15595766440371E-18,0.005));
#10107=CARTESIAN_POINT('',(-0.00866025403784438,-0.005,0.003));
#10108=CARTESIAN_POINT('',(-0.0173205080756888,7.80625564189563E-18,0.003));
#10109=CARTESIAN_POINT('',(-0.0173205080756888,7.80625564189563E-18,0.00358698856438951));
#10110=CARTESIAN_POINT('',(-0.0166814992799236,-3.41668260820452E-17,0.00468729912515225));
#10111=CARTESIAN_POINT('',(-0.0154834200229171,3.18597433215468E-17,0.00499999999999999));
#10112=CARTESIAN_POINT('',(-0.0149052520362428,5.30009474537598E-18,0.005));
#10113=CARTESIAN_POINT('',(0.00866025403784439,0.005,0.003));
#10114=CARTESIAN_POINT('',(0.00866025403784439,0.015,0.003));
#10115=CARTESIAN_POINT('',(0.00866025403784439,0.015,0.00358698856438951));
#10116=CARTESIAN_POINT('',(0.0083407496399617,0.0144466021496257,0.00468729912515224));
#10117=CARTESIAN_POINT('',(0.00774171001145874,0.0134090350773108,0.005));
#10118=CARTESIAN_POINT('',(0.0074526260181214,0.012908326913196,0.005));
#10119=CARTESIAN_POINT('',(-0.00866025403784439,0.005,0.003));
#10120=CARTESIAN_POINT('',(-0.00866025403784439,0.015,0.003));
#10121=CARTESIAN_POINT('',(-0.00866025403784439,0.015,0.00358698856438951));
#10122=CARTESIAN_POINT('',(-0.0083407496399617,0.0144466021496257,0.00468729912515224));
#10123=CARTESIAN_POINT('',(-0.00774171001145874,0.0134090350773108,0.005));
#10124=CARTESIAN_POINT('',(-0.0074526260181214,0.012908326913196,0.005));
#10125=CARTESIAN_POINT('',(1.7347234759768E-18,0.01,0.003));
#10126=CARTESIAN_POINT('',(1.7347234759768E-18,-0.01,0.001));
#10127=CARTESIAN_POINT('',(0.00422164077353356,-0.0179484431921754,2.69968818438076E-17));
#10128=CARTESIAN_POINT('',(0.00471502796309335,-0.0180525637199788,0.000323388841885495));
#10129=CARTESIAN_POINT('',(0.00520350983649626,-0.0181435327730335,0.000657603429543553));
#10130=CARTESIAN_POINT('',(0.00568828432444421,-0.0182245620822195,0.000999999999999995));
#10131=CARTESIAN_POINT('',(0.00807178440569614,-0.0139807406984078,0.));
#10132=CARTESIAN_POINT('',(0.00826971674348868,-0.0143235695639254,0.00032915333057018));
#10133=CARTESIAN_POINT('',(0.00846566868278754,-0.0146629682786327,0.000662968278632692));
#10134=CARTESIAN_POINT('',(0.00866025403784439,-0.015,0.000999999999999988));
#10135=CARTESIAN_POINT('',(0.00866025403784438,-0.005,0.001));
#10136=CARTESIAN_POINT('',(0.0129387915738265,-0.0140384797700272,0.000999999999999991));
#10137=CARTESIAN_POINT('',(0.0131110053775943,-0.0135781380937647,0.000657603429543537));
#10138=CARTESIAN_POINT('',(0.0132764648033922,-0.0131096158555822,0.000323388841885468));
#10139=CARTESIAN_POINT('',(0.013432987376039,-0.0126302697516199,-1.1020149112427E-17));
#10140=CARTESIAN_POINT('',(-0.00866025403784438,-0.005,0.));
#10141=CARTESIAN_POINT('',(-0.0134329873760391,-0.0126302697516196,-2.50871632855965E-16));
#10142=CARTESIAN_POINT('',(-0.0132764648033923,-0.013109615855582,0.000323388841885296));
#10143=CARTESIAN_POINT('',(-0.0131110053775944,-0.0135781380937646,0.00065760342954344));
#10144=CARTESIAN_POINT('',(-0.0129387915738266,-0.0140384797700272,0.00099999999999997));
#10145=CARTESIAN_POINT('',(0.00866025403784439,0.005,0.001));
#10146=CARTESIAN_POINT('',(0.0186270758982708,0.00418608231219226,0.00100000000000001));
#10147=CARTESIAN_POINT('',(0.0183145152140906,0.00456539467926879,0.000657603429543557));
#10148=CARTESIAN_POINT('',(0.0179914927664856,0.00494294786439659,0.000323388841885486));
#10149=CARTESIAN_POINT('',(0.0176546281495725,0.00531817344055551,7.19915567803813E-18));
#10150=CARTESIAN_POINT('',(-0.00866025403784439,0.005,0.));
#10151=CARTESIAN_POINT('',(-0.0176546281495725,0.00531817344055548,-1.03261273229929E-17));
#10152=CARTESIAN_POINT('',(-0.0179914927664856,0.00494294786439656,0.00032338884188547));
#10153=CARTESIAN_POINT('',(-0.0183145152140906,0.00456539467926877,0.000657603429543547));
#10154=CARTESIAN_POINT('',(-0.0186270758982708,0.00418608231219223,0.001));
#10155=CARTESIAN_POINT('',(1.7347234759768E-18,0.01,0.001));
#10156=CARTESIAN_POINT('',(0.00568828432444425,0.0182245620822195,0.00100000000000003));
#10157=CARTESIAN_POINT('',(0.00520350983649628,0.0181435327730335,0.000657603429543574));
#10158=CARTESIAN_POINT('',(0.00471502796309336,0.0180525637199788,0.000323388841885505));
#10159=CARTESIAN_POINT('',(0.00422164077353355,0.0179484431921754,2.88092471048372E-17));
#10160=CARTESIAN_POINT('',(0.,6.12323399573677E-19,0.22));
#10161=CARTESIAN_POINT('',(0.,6.12323399573677E-19,0.007));
#10162=CARTESIAN_POINT('',(0.01,6.12323399573677E-19,0.007));
#10163=CARTESIAN_POINT('',(0.,6.12323399573677E-19,0.222));
#10164=CARTESIAN_POINT('',(0.01,6.12323399573677E-19,0.222));
#10165=CARTESIAN_POINT('',(0.0225,-0.0389711431702998,0.001));
#10166=CARTESIAN_POINT('',(0.0225,-0.0389711431702998,0.001));
#10167=CARTESIAN_POINT('',(-0.0112607596264876,-0.0482021295446007,0.001));
#10168=CARTESIAN_POINT('',(-0.0112607596264876,-0.0482021295446007,0.001));
#10169=CARTESIAN_POINT('',(-0.0112607596264876,-0.0482021295446007,0.00123655956367203));
#10170=CARTESIAN_POINT('',(-0.011136706187515,-0.0483219879771685,0.00168870245972997));
#10171=CARTESIAN_POINT('',(-0.0106312840114445,-0.0488012382919114,0.00233227335145414));
#10172=CARTESIAN_POINT('',(-0.0101514762446878,-0.0492399514786684,0.00260157636495865));
#10173=CARTESIAN_POINT('',(-0.00981670643526594,-0.0495366760568701,0.00273205080756584));
#10174=CARTESIAN_POINT('',(-0.00981670643526596,-0.0495366760568701,0.00273205080756588));
#10175=CARTESIAN_POINT('',(-0.00981670643527027,-0.0495366760568745,0.00273205080756888));
#10176=CARTESIAN_POINT('',(-0.00973543372094646,-0.0496087124568081,0.00276372634043397));
#10177=CARTESIAN_POINT('',(-0.00957696814982256,-0.0497595705252718,0.00281681871299458));
#10178=CARTESIAN_POINT('',(-0.00935042625772569,-0.05000951028336,0.00287014773502771));
#10179=CARTESIAN_POINT('',(-0.00924596019696033,-0.050358031834384,0.00286622681087278));
#10180=CARTESIAN_POINT('',(-0.00937388566120548,-0.0505500941436489,0.00278293916079748));
#10181=CARTESIAN_POINT('',(-0.00943945305923388,-0.0506275293288396,0.00273205080756889));
#10182=CARTESIAN_POINT('',(-0.00943945305923387,-0.0506275293288397,0.00273205080756888));
#10183=CARTESIAN_POINT('',(-0.0101792700566813,-0.0515037130808367,0.001));
#10184=CARTESIAN_POINT('',(-0.0101792700566813,-0.0515037130808367,0.00173645740701285));
#10185=CARTESIAN_POINT('',(-0.00985908448971383,-0.0511231146121991,0.00240636528241149));
#10186=CARTESIAN_POINT('',(-0.00943945305923373,-0.0506275293288399,0.00273205080756892));
#10187=CARTESIAN_POINT('',(-0.0101792700566813,-0.0515037130808367,0.001));
#10188=CARTESIAN_POINT('',(0.0225,-0.0389711431702998,0.001));
#10189=CARTESIAN_POINT('',(-0.00361111111111111,-0.0622780064629699,0.001));
#10190=CARTESIAN_POINT('',(-0.00361111111111111,-0.0622780064629699,0.001));
#10191=CARTESIAN_POINT('',(-0.00361111111111111,-0.0622780064629699,0.00132738867555914));
#10192=CARTESIAN_POINT('',(-0.00336784300232196,-0.0622982283716216,0.00195501606504422));
#10193=CARTESIAN_POINT('',(-0.002341541552494,-0.0623687264600795,0.00278890803628153));
#10194=CARTESIAN_POINT('',(-0.00136539004669414,-0.062407050551215,0.00300000000000003));
#10195=CARTESIAN_POINT('',(-0.000722222222222236,-0.0624174306176065,0.003));
#10196=CARTESIAN_POINT('',(-0.0090664393647611,-0.0501876446672398,0.00293649167310372));
#10197=CARTESIAN_POINT('',(-0.00881443444963734,-0.0504016571126231,0.00297930202755035));
#10198=CARTESIAN_POINT('',(-0.00855801030429985,-0.0506147817305957,0.00299999999999999));
#10199=CARTESIAN_POINT('',(-0.00829660877311918,-0.0508273182734029,0.003));
#10200=CARTESIAN_POINT('',(-0.00906643936476107,-0.0501876446672398,0.00293649167310375));
#10201=CARTESIAN_POINT('',(-0.00906643936476129,-0.0501876446672396,0.00293649167310369));
#10202=CARTESIAN_POINT('',(-0.00894337761503007,-0.0500427364319243,0.00297895949196623));
#10203=CARTESIAN_POINT('',(-0.00881613554274464,-0.049893132292802,0.003));
#10204=CARTESIAN_POINT('',(-0.0086912169223749,-0.049746484784437,0.003));
#10205=CARTESIAN_POINT('',(-0.0225,-0.0389711431702998,0.001));
#10206=CARTESIAN_POINT('',(-0.0225,-0.0389711431702998,0.001));
#10207=CARTESIAN_POINT('',(0.00571348055305023,-0.049169158422429,0.001));
#10208=CARTESIAN_POINT('',(0.00571348055305023,-0.049169158422429,0.001));
#10209=CARTESIAN_POINT('',(0.00571348055305023,-0.049169158422429,0.00174142583999758));
#10210=CARTESIAN_POINT('',(0.00603346426937252,-0.0495728118014069,0.00240728980094411));
#10211=CARTESIAN_POINT('',(0.00643816159084545,-0.0500879234479748,0.00273205080756896));
#10212=CARTESIAN_POINT('',(0.00643816159084584,-0.0500879234479745,0.00273205080756888));
#10213=CARTESIAN_POINT('',(0.00643816159084584,-0.0500879234479745,0.00273205080756888));
#10214=CARTESIAN_POINT('',(0.00650109202780644,-0.0501680233134345,0.00278255114688488));
#10215=CARTESIAN_POINT('',(0.00662465935023814,-0.0503629095638613,0.00286571329048205));
#10216=CARTESIAN_POINT('',(0.00650712097806678,-0.0507104718944066,0.00287025667394918));
#10217=CARTESIAN_POINT('',(0.00626441448860929,-0.0509449620226285,0.00281629818873867));
#10218=CARTESIAN_POINT('',(0.00609524789442283,-0.0510832288530441,0.00276351641397484));
#10219=CARTESIAN_POINT('',(0.00600817570689611,-0.0511483315922925,0.00273205080756865));
#10220=CARTESIAN_POINT('',(0.00600817570689574,-0.0511483315922928,0.00273205080756848));
#10221=CARTESIAN_POINT('',(0.00436746878613634,-0.0523180199969583,0.001));
#10222=CARTESIAN_POINT('',(0.00436746878613634,-0.0523180199969583,0.00123970365849385));
#10223=CARTESIAN_POINT('',(0.00452063371319677,-0.0522143692909252,0.00169505208592824));
#10224=CARTESIAN_POINT('',(0.00511105261354673,-0.0518055881285674,0.00233169081741144));
#10225=CARTESIAN_POINT('',(0.00564539795833764,-0.0514195757845019,0.00260095243766076));
#10226=CARTESIAN_POINT('',(0.00600817570689603,-0.0511483315922932,0.00273205080756856));
#10227=CARTESIAN_POINT('',(0.00436746878613634,-0.0523180199969583,0.001));
#10228=CARTESIAN_POINT('',(-0.0224999999999997,-0.0389711431703,0.001));
#10229=CARTESIAN_POINT('',(6.93889390390723E-18,-0.0588142780032843,0.001));
#10230=CARTESIAN_POINT('',(6.93889390390723E-18,-0.0588142780032843,0.001));
#10231=CARTESIAN_POINT('',(6.93889390390723E-18,-0.0588142780032843,0.0013280683827736));
#10232=CARTESIAN_POINT('',(4.10779541427712E-16,-0.0590707005909265,0.00195305433037125));
#10233=CARTESIAN_POINT('',(3.88125734042911E-17,-0.0601064927964455,0.00277645981437045));
#10234=CARTESIAN_POINT('',(9.73067915170308E-16,-0.0610811807914764,0.00300000000000001));
#10235=CARTESIAN_POINT('',(7.72050109160093E-18,-0.0617252636762653,0.003));
#10236=CARTESIAN_POINT('',(0.00679665333580011,-0.0505450838700758,0.00293649167310379));
#10237=CARTESIAN_POINT('',(0.00691343314968628,-0.0506942827353419,0.00297868937620743));
#10238=CARTESIAN_POINT('',(0.00703356460218231,-0.050848043025969,0.003));
#10239=CARTESIAN_POINT('',(0.00715275402406398,-0.0510008638149516,0.003));
#10240=CARTESIAN_POINT('',(0.00679665333580071,-0.0505450838700753,0.00293649167310371));
#10241=CARTESIAN_POINT('',(0.00756492514670334,-0.0499301703133964,0.003));
#10242=CARTESIAN_POINT('',(0.00731111018945841,-0.0501378265031035,0.00300000000000005));
#10243=CARTESIAN_POINT('',(0.0070527186565874,-0.0503446583477308,0.00297896861856037));
#10244=CARTESIAN_POINT('',(0.0067966533358009,-0.0505450838700756,0.00293649167310379));
#10245=CARTESIAN_POINT('',(0.0225,-0.0389711431702998,0.001));
#10246=CARTESIAN_POINT('',(0.0225,-0.0389711431702998,0.001));
#10247=CARTESIAN_POINT('',(0.0454384805530501,-0.0196365599082447,0.001));
#10248=CARTESIAN_POINT('',(0.0454384805530501,-0.0196365599082447,0.001));
#10249=CARTESIAN_POINT('',(0.0454384805530501,-0.0196365599082447,0.00174142583999763));
#10250=CARTESIAN_POINT('',(0.0459480464917297,-0.0195612725706012,0.0024072898009441));
#10251=CARTESIAN_POINT('',(0.0465964949241791,-0.019468350232646,0.00273205080756896));
#10252=CARTESIAN_POINT('',(0.0465964949241791,-0.0194683502326457,0.00273205080756888));
#10253=CARTESIAN_POINT('',(0.0465964949241791,-0.0194683502326457,0.00273205080756888));
#10254=CARTESIAN_POINT('',(0.0466973286609876,-0.0194539008082964,0.00278255114688498));
#10255=CARTESIAN_POINT('',(0.0469278887659218,-0.0194443314932072,0.00286571329048198));
#10256=CARTESIAN_POINT('',(0.0471701173874865,-0.0197199038746993,0.00287025667394918));
#10257=CARTESIAN_POINT('',(0.047251838550735,-0.0200473389243437,0.00281629818873877));
#10258=CARTESIAN_POINT('',(0.0472869978412816,-0.0202629749075886,0.00276351641397479));
#10259=CARTESIAN_POINT('',(0.0472998423735634,-0.0203709330035739,0.00273205080756864));
#10260=CARTESIAN_POINT('',(0.0472998423735635,-0.0203709330035743,0.00273205080756847));
#10261=CARTESIAN_POINT('',(0.0474924687861362,-0.0223766710794496,0.001));
#10262=CARTESIAN_POINT('',(0.0474924687861362,-0.0223766710794496,0.00123970365849383));
#10263=CARTESIAN_POINT('',(0.0474792871051213,-0.02219220100863,0.00169505208592825));
#10264=CARTESIAN_POINT('',(0.047420481684106,-0.0214764926608735,0.00233169081741143));
#10265=CARTESIAN_POINT('',(0.0473533578603663,-0.020820729845858,0.00260095243766075));
#10266=CARTESIAN_POINT('',(0.0472998423735638,-0.0203709330035743,0.00273205080756855));
#10267=CARTESIAN_POINT('',(0.0474924687861362,-0.0223766710794496,0.001));
#10268=CARTESIAN_POINT('',(0.0225,-0.0389711431702997,0.001));
#10269=CARTESIAN_POINT('',(0.0509346588560843,-0.0294071390016421,0.001));
#10270=CARTESIAN_POINT('',(0.0509346588560843,-0.0294071390016421,0.001));
#10271=CARTESIAN_POINT('',(0.0509346588560843,-0.0294071390016421,0.00132806838277363));
#10272=CARTESIAN_POINT('',(0.0511567273310867,-0.0295353502954633,0.00195305433037123));
#10273=CARTESIAN_POINT('',(0.0520537496941078,-0.0300532463982231,0.00277645981437045));
#10274=CARTESIAN_POINT('',(0.0528978542585693,-0.0305405903957369,0.00299999999999995));
#10275=CARTESIAN_POINT('',(0.0534556463989385,-0.0308626318381327,0.003));
#10276=CARTESIAN_POINT('',(0.0471716533358006,-0.0193864674855188,0.00293649167310376));
#10277=CARTESIAN_POINT('',(0.04735925325028,-0.0193599326326773,0.00297868937620741));
#10278=CARTESIAN_POINT('',(0.0475524792943044,-0.0193327758883357,0.00299999999999999));
#10279=CARTESIAN_POINT('',(0.0477444206907305,-0.0193059652156152,0.003));
#10280=CARTESIAN_POINT('',(0.0471716533358005,-0.0193864674855181,0.00293649167310373));
#10281=CARTESIAN_POINT('',(0.0471716533358008,-0.0193864674855181,0.00293649167310375));
#10282=CARTESIAN_POINT('',(0.0471261419980849,-0.0190647048922124,0.00297894101395431));
#10283=CARTESIAN_POINT('',(0.0470767263858267,-0.0187406071024186,0.003));
#10284=CARTESIAN_POINT('',(0.0470232584800366,-0.0184136678019255,0.003));
#10285=CARTESIAN_POINT('',(0.045,9.54097911787244E-18,0.001));
#10286=CARTESIAN_POINT('',(0.045,9.54097911787244E-18,0.001));
#10287=CARTESIAN_POINT('',(0.0361138888888889,-0.0338531686747487,0.001));
#10288=CARTESIAN_POINT('',(0.0361138888888889,-0.0338531686747487,0.001));
#10289=CARTESIAN_POINT('',(0.0361138888888889,-0.0338531686747487,0.00123655956367168));
#10290=CARTESIAN_POINT('',(0.0362797160558361,-0.0338056644614558,0.00168870245972906));
#10291=CARTESIAN_POINT('',(0.036947470091209,-0.0336075811747145,0.00233227335145284));
#10292=CARTESIAN_POINT('',(0.0375673107392931,-0.033411412053149,0.00260157636495741));
#10293=CARTESIAN_POINT('',(0.0379916666666533,-0.0332698551828707,0.00273205080756472));
#10294=CARTESIAN_POINT('',(0.0379916666666533,-0.0332698551828707,0.00273205080756474));
#10295=CARTESIAN_POINT('',(0.0379916666666587,-0.0332698551828754,0.00273205080756889));
#10296=CARTESIAN_POINT('',(0.0380946883761599,-0.0332354891476033,0.00276372634043388));
#10297=CARTESIAN_POINT('',(0.0383045680813823,-0.0331736829716154,0.00281681871299565));
#10298=CARTESIAN_POINT('',(0.0386342932073478,-0.0331024618170835,0.00287014773502777));
#10299=CARTESIAN_POINT('',(0.0389883547546827,-0.0331862523301404,0.00286622681087248));
#10300=CARTESIAN_POINT('',(0.0390907228614924,-0.0333930701865994,0.00278293916079732));
#10301=CARTESIAN_POINT('',(0.039125,-0.033488570811547,0.00273205080756888));
#10302=CARTESIAN_POINT('',(0.039125,-0.033488570811547,0.00273205080756888));
#10303=CARTESIAN_POINT('',(0.0395138888888889,-0.0345673630014866,0.001));
#10304=CARTESIAN_POINT('',(0.0395138888888889,-0.0345673630014866,0.00173645740701287));
#10305=CARTESIAN_POINT('',(0.0393443737298912,-0.0340997749322487,0.00240636528241145));
#10306=CARTESIAN_POINT('',(0.0391250000000004,-0.0334885708115469,0.0027320508075689));
#10307=CARTESIAN_POINT('',(0.0395138888888888,-0.0345673630014866,0.001));
#10308=CARTESIAN_POINT('',(0.045,2.1163626406917E-16,0.001));
#10309=CARTESIAN_POINT('',(0.0521287801384277,-0.0342663171895954,0.001));
#10310=CARTESIAN_POINT('',(0.0521287801384277,-0.0342663171895954,0.001));
#10311=CARTESIAN_POINT('',(0.0521287801384277,-0.0342663171895954,0.00132738867555916));
#10312=CARTESIAN_POINT('',(0.0522679268794275,-0.0340657517817788,0.00195501606504412));
#10313=CARTESIAN_POINT('',(0.052842130739866,-0.0332121976985174,0.00278890803628144));
#10314=CARTESIAN_POINT('',(0.0533633961292574,-0.0323859877421147,0.003));
#10315=CARTESIAN_POINT('',(0.0536939694426886,-0.0318341781004253,0.003));
#10316=CARTESIAN_POINT('',(0.0389305555555558,-0.0329455891453742,0.00293649167310373));
#10317=CARTESIAN_POINT('',(0.0392418982275456,-0.0328343527096901,0.00297930202755035));
#10318=CARTESIAN_POINT('',(0.0395546816335502,-0.0327188451946696,0.00299999999999999));
#10319=CARTESIAN_POINT('',(0.0398694444444445,-0.0325987330994834,0.003));
#10320=CARTESIAN_POINT('',(0.0389305555555558,-0.0329455891453741,0.00293649167310375));
#10321=CARTESIAN_POINT('',(0.0387361111111111,-0.0324000570367963,0.003));
#10322=CARTESIAN_POINT('',(0.0388009428798301,-0.0325823807637596,0.003));
#10323=CARTESIAN_POINT('',(0.0388670005962149,-0.0327677034486814,0.00297868835294856));
#10324=CARTESIAN_POINT('',(0.0389305555555555,-0.0329455891453743,0.00293649167310371));
#10325=CARTESIAN_POINT('',(0.0225,0.0389711431702998,0.001));
#10326=CARTESIAN_POINT('',(0.0225,0.0389711431702998,0.001));
#10327=CARTESIAN_POINT('',(0.0473746485153764,0.0143489608698521,0.001));
#10328=CARTESIAN_POINT('',(0.0473746485153764,0.0143489608698521,0.001));
#10329=CARTESIAN_POINT('',(0.0473746485153764,0.0143489608698521,0.00123655956367168));
#10330=CARTESIAN_POINT('',(0.0474164222433514,0.0145163235157124,0.00168870245972912));
#10331=CARTESIAN_POINT('',(0.0475787541026549,0.0151936571171956,0.00233227335145286));
#10332=CARTESIAN_POINT('',(0.0477187869839831,0.0158285394255173,0.00260157636495744));
#10333=CARTESIAN_POINT('',(0.047808373101922,0.0162668208739969,0.00273205080756475));
#10334=CARTESIAN_POINT('',(0.047808373101922,0.0162668208739969,0.00273205080756475));
#10335=CARTESIAN_POINT('',(0.0478083731019287,0.0162668208739992,0.00273205080756888));
#10336=CARTESIAN_POINT('',(0.0478301220971064,0.0163732233092046,0.00276372634043387));
#10337=CARTESIAN_POINT('',(0.0478815362312014,0.0165858875536599,0.00281681871299565));
#10338=CARTESIAN_POINT('',(0.0479847194650726,0.0169070484662781,0.00287014773502778));
#10339=CARTESIAN_POINT('',(0.0482343149516435,0.0171717795042448,0.00286622681087248));
#10340=CARTESIAN_POINT('',(0.0484646085226979,0.01715702395705,0.00278293916079732));
#10341=CARTESIAN_POINT('',(0.0485644530592337,0.0171389585172927,0.00273205080756888));
#10342=CARTESIAN_POINT('',(0.0485644530592338,0.0171389585172927,0.00273205080756888));
#10343=CARTESIAN_POINT('',(0.0496931589455701,0.0169363500793503,0.001));
#10344=CARTESIAN_POINT('',(0.0496931589455701,0.0169363500793503,0.00173645740701285));
#10345=CARTESIAN_POINT('',(0.0492034582196048,0.0170233396799504,0.00240636528241154));
#10346=CARTESIAN_POINT('',(0.0485644530592339,0.0171389585172929,0.00273205080756895));
#10347=CARTESIAN_POINT('',(0.0496931589455701,0.0169363500793503,0.001));
#10348=CARTESIAN_POINT('',(0.0225,0.0389711431702998,0.001));
#10349=CARTESIAN_POINT('',(0.0557398912495388,0.0280116892733744,0.001));
#10350=CARTESIAN_POINT('',(0.0557398912495388,0.0280116892733744,0.001));
#10351=CARTESIAN_POINT('',(0.0557398912495388,0.0280116892733744,0.00132738867555915));
#10352=CARTESIAN_POINT('',(0.0556357698817496,0.0282324765898423,0.00195501606504421));
#10353=CARTESIAN_POINT('',(0.0551836722923594,0.0291565287615636,0.00278890803628152));
#10354=CARTESIAN_POINT('',(0.0547287861759547,0.0300210628090937,0.00299999999999999));
#10355=CARTESIAN_POINT('',(0.0544161916649108,0.0305832525171811,0.003));
#10356=CARTESIAN_POINT('',(0.0479969949203168,0.0172420555218657,0.00293649167310374));
#10357=CARTESIAN_POINT('',(0.0480563326771828,0.017567304402933,0.00297930202755036));
#10358=CARTESIAN_POINT('',(0.048112691937848,0.0178959365359257,0.003));
#10359=CARTESIAN_POINT('',(0.0481660532175635,0.0182285851739196,0.003));
#10360=CARTESIAN_POINT('',(0.0479969949203168,0.0172420555218657,0.00293649167310375));
#10361=CARTESIAN_POINT('',(0.0474273280334859,0.0173464277476408,0.003));
#10362=CARTESIAN_POINT('',(0.0476176408971084,0.017311411842843,0.003));
#10363=CARTESIAN_POINT('',(0.0478111639083405,0.0172759581608864,0.00297868835294856));
#10364=CARTESIAN_POINT('',(0.0479969949203167,0.0172420555218654,0.0029364916731037));
#10365=CARTESIAN_POINT('',(0.045,8.67361737988404E-18,0.001));
#10366=CARTESIAN_POINT('',(0.045,8.67361737988404E-18,0.001));
#10367=CARTESIAN_POINT('',(0.039725,0.0295325985141843,0.001));
#10368=CARTESIAN_POINT('',(0.039725,0.0295325985141843,0.001));
#10369=CARTESIAN_POINT('',(0.039725,0.0295325985141843,0.00174142583999761));
#10370=CARTESIAN_POINT('',(0.0399145822223575,0.0300115392308057,0.002407289800944));
#10371=CARTESIAN_POINT('',(0.040158333333334,0.0306195732153287,0.00273205080756889));
#10372=CARTESIAN_POINT('',(0.0401583333333333,0.0306195732153289,0.00273205080756889));
#10373=CARTESIAN_POINT('',(0.0401583333333333,0.0306195732153289,0.00273205080756889));
#10374=CARTESIAN_POINT('',(0.040196236633181,0.0307141225051382,0.00278255114688496));
#10375=CARTESIAN_POINT('',(0.0403032294156838,0.030918578070655,0.00286571329048201));
#10376=CARTESIAN_POINT('',(0.0406629964094198,0.0309905680197078,0.00287025667394919));
#10377=CARTESIAN_POINT('',(0.0409874240621255,0.0308976230982855,0.00281629818873876));
#10378=CARTESIAN_POINT('',(0.0411917499468591,0.0308202539454557,0.00276351641397482));
#10379=CARTESIAN_POINT('',(0.0412916666666674,0.0307773985887188,0.00273205080756866));
#10380=CARTESIAN_POINT('',(0.0412916666666679,0.0307773985887186,0.00273205080756848));
#10381=CARTESIAN_POINT('',(0.043125,0.0299413489175087,0.001));
#10382=CARTESIAN_POINT('',(0.043125,0.0299413489175087,0.00123970365849385));
#10383=CARTESIAN_POINT('',(0.0429586533919245,0.0300221682822951,0.00169505208592812));
#10384=CARTESIAN_POINT('',(0.0423094290705595,0.0303290954676938,0.00233169081741136));
#10385=CARTESIAN_POINT('',(0.0417079599020289,0.0305988459386439,0.00260095243766068));
#10386=CARTESIAN_POINT('',(0.041291666666668,0.0307773985887188,0.0027320508075685));
#10387=CARTESIAN_POINT('',(0.043125,0.0299413489175087,0.001));
#10388=CARTESIAN_POINT('',(0.045,2.20309881449055E-16,0.001));
#10389=CARTESIAN_POINT('',(0.0509346588560843,0.0294071390016421,0.001));
#10390=CARTESIAN_POINT('',(0.0509346588560843,0.0294071390016421,0.001));
#10391=CARTESIAN_POINT('',(0.0509346588560843,0.0294071390016421,0.00132806838277362));
#10392=CARTESIAN_POINT('',(0.0511567273310866,0.0295353502954633,0.00195305433037126));
#10393=CARTESIAN_POINT('',(0.0520537496941078,0.0300532463982232,0.00277645981437048));
#10394=CARTESIAN_POINT('',(0.0528978542585693,0.0305405903957369,0.00300000000000001));
#10395=CARTESIAN_POINT('',(0.0534556463989385,0.0308626318381326,0.003));
#10396=CARTESIAN_POINT('',(0.0403750000000009,0.0311586163845569,0.00293649167310376));
#10397=CARTESIAN_POINT('',(0.0404458201005942,0.0313343501026646,0.0029786893762074));
#10398=CARTESIAN_POINT('',(0.040518914692122,0.0315152671376334,0.00299999999999997));
#10399=CARTESIAN_POINT('',(0.0405916666666667,0.0316948985993365,0.003));
#10400=CARTESIAN_POINT('',(0.040375,0.0311586163845573,0.00293649167310371));
#10401=CARTESIAN_POINT('',(0.0394583333333334,0.031516502511471,0.003));
#10402=CARTESIAN_POINT('',(0.0397656951758413,0.0314002864213004,0.00300000000000002));
#10403=CARTESIAN_POINT('',(0.0400725449520504,0.031280504757212,0.00297908815905603));
#10404=CARTESIAN_POINT('',(0.0403750000000001,0.0311586163845575,0.00293649167310385));
#10405=CARTESIAN_POINT('',(-0.0225,0.0389711431702998,0.001));
#10406=CARTESIAN_POINT('',(-0.0225,0.0389711431702998,0.001));
#10407=CARTESIAN_POINT('',(0.0112607596264876,0.0482021295446007,0.001));
#10408=CARTESIAN_POINT('',(0.0112607596264876,0.0482021295446007,0.001));
#10409=CARTESIAN_POINT('',(0.0112607596264876,0.0482021295446007,0.00123655956367168));
#10410=CARTESIAN_POINT('',(0.0111367061875154,0.0483219879771681,0.00168870245972906));
#10411=CARTESIAN_POINT('',(0.010631284011446,0.04880123829191,0.00233227335145283));
#10412=CARTESIAN_POINT('',(0.0101514762446902,0.0492399514786662,0.0026015763649574));
#10413=CARTESIAN_POINT('',(0.00981670643526885,0.0495366760568675,0.00273205080756472));
#10414=CARTESIAN_POINT('',(0.00981670643526886,0.0495366760568675,0.00273205080756475));
#10415=CARTESIAN_POINT('',(0.00981670643527025,0.0495366760568745,0.00273205080756888));
#10416=CARTESIAN_POINT('',(0.00973543372094668,0.0496087124568078,0.00276372634043387));
#10417=CARTESIAN_POINT('',(0.00957696814981913,0.0497595705252753,0.00281681871299563));
#10418=CARTESIAN_POINT('',(0.00935042625772485,0.0500095102833615,0.00287014773502778));
#10419=CARTESIAN_POINT('',(0.00924596019696074,0.0503580318343853,0.00286622681087248));
#10420=CARTESIAN_POINT('',(0.00937388566120568,0.0505500941436491,0.00278293916079733));
#10421=CARTESIAN_POINT('',(0.00943945305923388,0.0506275293288396,0.00273205080756889));
#10422=CARTESIAN_POINT('',(0.00943945305923388,0.0506275293288397,0.00273205080756888));
#10423=CARTESIAN_POINT('',(0.0101792700566813,0.0515037130808367,0.001));
#10424=CARTESIAN_POINT('',(0.0101792700566813,0.0515037130808367,0.00173645740701285));
#10425=CARTESIAN_POINT('',(0.00985908448971379,0.0511231146121991,0.0024063652824115));
#10426=CARTESIAN_POINT('',(0.0094394530592337,0.0506275293288399,0.00273205080756893));
#10427=CARTESIAN_POINT('',(0.0101792700566813,0.0515037130808367,0.001));
#10428=CARTESIAN_POINT('',(-0.0225,0.0389711431702998,0.001));
#10429=CARTESIAN_POINT('',(0.00361111111111112,0.0622780064629699,0.001));
#10430=CARTESIAN_POINT('',(0.00361111111111112,0.0622780064629699,0.001));
#10431=CARTESIAN_POINT('',(0.00361111111111112,0.0622780064629699,0.00132738867555915));
#10432=CARTESIAN_POINT('',(0.00336784300232193,0.0622982283716213,0.00195501606504421));
#10433=CARTESIAN_POINT('',(0.00234154155249403,0.0623687264600811,0.00278890803628151));
#10434=CARTESIAN_POINT('',(0.00136539004669403,0.062407050551208,0.00300000000000002));
#10435=CARTESIAN_POINT('',(0.000722222222222235,0.0624174306176065,0.003));
#10436=CARTESIAN_POINT('',(0.00906643936476108,0.0501876446672398,0.00293649167310373));
#10437=CARTESIAN_POINT('',(0.00881443444963733,0.050401657112623,0.00297930202755035));
#10438=CARTESIAN_POINT('',(0.00855801030429973,0.0506147817305956,0.00299999999999999));
#10439=CARTESIAN_POINT('',(0.00829660877311918,0.0508273182734029,0.003));
#10440=CARTESIAN_POINT('',(0.00906643936476092,0.0501876446672396,0.00293649167310381));
#10441=CARTESIAN_POINT('',(0.00906643936476109,0.0501876446672394,0.00293649167310376));
#10442=CARTESIAN_POINT('',(0.00894337761502991,0.0500427364319242,0.00297895949196625));
#10443=CARTESIAN_POINT('',(0.0088161355427446,0.0498931322928019,0.00299999999999999));
#10444=CARTESIAN_POINT('',(0.00869121692237492,0.049746484784437,0.003));
#10445=CARTESIAN_POINT('',(0.0225,0.0389711431702998,0.001));
#10446=CARTESIAN_POINT('',(0.0225,0.0389711431702998,0.001));
#10447=CARTESIAN_POINT('',(-0.00571348055305027,0.0491691584224289,0.001));
#10448=CARTESIAN_POINT('',(-0.00571348055305027,0.0491691584224289,0.001));
#10449=CARTESIAN_POINT('',(-0.00571348055305027,0.0491691584224289,0.0017414258399976));
#10450=CARTESIAN_POINT('',(-0.00603346426937257,0.0495728118014069,0.00240728980094414));
#10451=CARTESIAN_POINT('',(-0.00643816159084551,0.0500879234479747,0.00273205080756898));
#10452=CARTESIAN_POINT('',(-0.00643816159084586,0.0500879234479745,0.00273205080756889));
#10453=CARTESIAN_POINT('',(-0.00643816159084586,0.0500879234479745,0.00273205080756889));
#10454=CARTESIAN_POINT('',(-0.00650109202780645,0.0501680233134345,0.00278255114688488));
#10455=CARTESIAN_POINT('',(-0.00662465935023819,0.0503629095638613,0.00286571329048207));
#10456=CARTESIAN_POINT('',(-0.00650712097806676,0.0507104718944065,0.00287025667394918));
#10457=CARTESIAN_POINT('',(-0.00626441448860927,0.0509449620226285,0.00281629818873865));
#10458=CARTESIAN_POINT('',(-0.00609524789442283,0.0510832288530441,0.00276351641397484));
#10459=CARTESIAN_POINT('',(-0.0060081757068961,0.0511483315922925,0.00273205080756865));
#10460=CARTESIAN_POINT('',(-0.00600817570689573,0.0511483315922928,0.00273205080756848));
#10461=CARTESIAN_POINT('',(-0.00436746878613636,0.0523180199969583,0.001));
#10462=CARTESIAN_POINT('',(-0.00436746878613636,0.0523180199969583,0.00123970365849384));
#10463=CARTESIAN_POINT('',(-0.00452063371319637,0.052214369290925,0.00169505208592834));
#10464=CARTESIAN_POINT('',(-0.00511105261354661,0.0518055881285673,0.00233169081741151));
#10465=CARTESIAN_POINT('',(-0.00564539795833746,0.0514195757845017,0.00260095243766082));
#10466=CARTESIAN_POINT('',(-0.00600817570689586,0.051148331592293,0.00273205080756861));
#10467=CARTESIAN_POINT('',(-0.00436746878613636,0.0523180199969583,0.001));
#10468=CARTESIAN_POINT('',(0.0225,0.0389711431702999,0.001));
#10469=CARTESIAN_POINT('',(0.,0.0588142780032843,0.001));
#10470=CARTESIAN_POINT('',(0.,0.0588142780032843,0.001));
#10471=CARTESIAN_POINT('',(0.,0.0588142780032843,0.0013280683827736));
#10472=CARTESIAN_POINT('',(2.83744945414444E-16,0.0590707005909263,0.00195305433037134));
#10473=CARTESIAN_POINT('',(-1.42031908821439E-15,0.0601064927964456,0.00277645981437054));
#10474=CARTESIAN_POINT('',(6.24566840494441E-15,0.0610811807914765,0.00300000000000001));
#10475=CARTESIAN_POINT('',(4.46010023887671E-18,0.0617252636762654,0.003));
#10476=CARTESIAN_POINT('',(-0.00679665333580017,0.0505450838700757,0.0029364916731038));
#10477=CARTESIAN_POINT('',(-0.00691343314968634,0.0506942827353419,0.00297868937620743));
#10478=CARTESIAN_POINT('',(-0.00703356460218207,0.0508480430259692,0.00300000000000001));
#10479=CARTESIAN_POINT('',(-0.007152754024064,0.0510008638149516,0.003));
#10480=CARTESIAN_POINT('',(-0.00679665333580072,0.0505450838700753,0.00293649167310371));
#10481=CARTESIAN_POINT('',(-0.00756492514670335,0.0499301703133964,0.003));
#10482=CARTESIAN_POINT('',(-0.00731111018945829,0.0501378265031033,0.00300000000000004));
#10483=CARTESIAN_POINT('',(-0.00705271865658735,0.0503446583477307,0.00297896861856036));
#10484=CARTESIAN_POINT('',(-0.00679665333580085,0.0505450838700755,0.00293649167310377));
#10485=CARTESIAN_POINT('',(0.0225,-0.0389711431702998,0.001));
#10486=CARTESIAN_POINT('',(0.045,-2.37657116208822E-16,0.001));
#10487=CARTESIAN_POINT('',(0.0403750000000006,-0.031158616384557,0.00293649167310379));
#10488=CARTESIAN_POINT('',(0.0404458201005939,-0.0313343501026647,0.00297868937620742));
#10489=CARTESIAN_POINT('',(0.040518914692122,-0.0315152671376334,0.003));
#10490=CARTESIAN_POINT('',(0.0405916666666667,-0.0316948985993365,0.003));
#10491=CARTESIAN_POINT('',(0.0403750000000006,-0.031158616384557,0.00293649167310379));
#10492=CARTESIAN_POINT('',(0.045,-2.37657116208822E-16,0.001));
#10493=CARTESIAN_POINT('',(0.043125,-0.0299413489175087,0.001));
#10494=CARTESIAN_POINT('',(0.043125,-0.0299413489175087,0.001));
#10495=CARTESIAN_POINT('',(0.043125,-0.0299413489175087,0.00123970365849384));
#10496=CARTESIAN_POINT('',(0.0429586533919247,-0.0300221682822952,0.00169505208592816));
#10497=CARTESIAN_POINT('',(0.0423094290705596,-0.0303290954676938,0.00233169081741138));
#10498=CARTESIAN_POINT('',(0.041707959902029,-0.0305988459386439,0.0026009524376607));
#10499=CARTESIAN_POINT('',(0.0412916666666681,-0.0307773985887189,0.00273205080756851));
#10500=CARTESIAN_POINT('',(0.0412916666666679,-0.0307773985887186,0.00273205080756847));
#10501=CARTESIAN_POINT('',(0.0412916666666674,-0.0307773985887182,0.00273205080756887));
#10502=CARTESIAN_POINT('',(0.0411917386555141,-0.0308202587884344,0.00276351996982648));
#10503=CARTESIAN_POINT('',(0.0409875432003207,-0.0308977355668762,0.00281634382672808));
#10504=CARTESIAN_POINT('',(0.0406616403626042,-0.0309904716744035,0.00287029021030586));
#10505=CARTESIAN_POINT('',(0.0403042952214602,-0.0309191209323356,0.00286587118362863));
#10506=CARTESIAN_POINT('',(0.0401962551302352,-0.0307141686457997,0.00278257579137531));
#10507=CARTESIAN_POINT('',(0.0401583333333334,-0.0306195732153289,0.00273205080756888));
#10508=CARTESIAN_POINT('',(0.0401583333333334,-0.0306195732153289,0.00273205080756888));
#10509=CARTESIAN_POINT('',(0.039725,-0.0295325985141843,0.001));
#10510=CARTESIAN_POINT('',(0.039725,-0.0295325985141843,0.0017414258399976));
#10511=CARTESIAN_POINT('',(0.0399145822223572,-0.0300115392308058,0.00240728980094412));
#10512=CARTESIAN_POINT('',(0.0401583333333337,-0.0306195732153288,0.00273205080756897));
#10513=CARTESIAN_POINT('',(0.039725,-0.0295325985141843,0.001));
#10514=CARTESIAN_POINT('',(0.045,6.93889390390723E-18,0.001));
#10515=CARTESIAN_POINT('',(0.0403750000000007,-0.0311586163845573,0.00293649167310364));
#10516=CARTESIAN_POINT('',(0.0400735897513523,-0.0312800837065881,0.00297894101395427));
#10517=CARTESIAN_POINT('',(0.0397682050259518,-0.0313993374259278,0.00300000000000003));
#10518=CARTESIAN_POINT('',(0.0394583333333333,-0.031516502511471,0.003));
#10519=CARTESIAN_POINT('',(0.045,6.93889390390723E-18,0.001));
#10520=CARTESIAN_POINT('',(3.12250225675826E-16,-1.61329283265843E-16,0.001));
#10521=CARTESIAN_POINT('',(3.12250225675826E-16,-1.61329283265843E-16,0.00273205080756902));
#10522=CARTESIAN_POINT('',(3.12250225675826E-16,-1.61329283265843E-16,0.001));
#10523=CARTESIAN_POINT('',(5.79397640976254E-16,-2.84494650060197E-16,0.001));
#10524=CARTESIAN_POINT('',(5.79397640976254E-16,-2.84494650060197E-16,0.00273205080756907));
#10525=CARTESIAN_POINT('',(5.79397640976254E-16,-2.84494650060197E-16,0.001));
#10526=CARTESIAN_POINT('',(-0.0225,0.0389711431702997,0.001));
#10527=CARTESIAN_POINT('',(-0.0225,0.0389711431702997,0.001));
#10528=CARTESIAN_POINT('',(3.46944695195361E-18,0.0657806564072089,0.001));
#10529=CARTESIAN_POINT('',(3.46944695195361E-18,0.0657806564072089,0.001));
#10530=CARTESIAN_POINT('',(3.46944695195361E-18,0.0657806564072089,0.00131152959413771));
#10531=CARTESIAN_POINT('',(-2.37271610399547E-16,0.0655841764740588,0.00191689164408356));
#10532=CARTESIAN_POINT('',(4.90818363903478E-16,0.0646615472731813,0.00278001982021571));
#10533=CARTESIAN_POINT('',(-2.47214859323447E-15,0.0637242957501219,0.00299999999999997));
#10534=CARTESIAN_POINT('',(-5.90437837390388E-18,0.0631113585794465,0.003));
#10535=CARTESIAN_POINT('',(-0.0224999999999996,0.0389711431702998,0.001));
#10536=CARTESIAN_POINT('',(-0.0224999999999996,0.0389711431702998,0.001));
#10537=CARTESIAN_POINT('',(-0.0569677195262583,0.0328903282036044,0.001));
#10538=CARTESIAN_POINT('',(-0.0569677195262583,0.0328903282036044,0.001));
#10539=CARTESIAN_POINT('',(-0.0569677195262583,0.0328903282036044,0.00131152959413769));
#10540=CARTESIAN_POINT('',(-0.0567975629128166,0.0327920882370295,0.0019168916440836));
#10541=CARTESIAN_POINT('',(-0.0559985425865836,0.0323307736365901,0.00278001982021571));
#10542=CARTESIAN_POINT('',(-0.0551868589578767,0.0318621478750633,0.00299999999999999));
#10543=CARTESIAN_POINT('',(-0.0546560397971495,0.0315556792897232,0.003));
#10544=CARTESIAN_POINT('',(-0.0225,0.0389711431702997,0.001));
#10545=CARTESIAN_POINT('',(-0.0225,0.0389711431702997,0.001));
#10546=CARTESIAN_POINT('',(-0.00361111111111113,0.0622780064629699,0.001));
#10547=CARTESIAN_POINT('',(-0.00361111111111113,0.0622780064629699,0.001));
#10548=CARTESIAN_POINT('',(-0.00361111111111113,0.0622780064629699,0.00132738867555915));
#10549=CARTESIAN_POINT('',(-0.00336784300232194,0.0622982283716213,0.00195501606504422));
#10550=CARTESIAN_POINT('',(-0.00234154155249403,0.0623687264600811,0.00278890803628154));
#10551=CARTESIAN_POINT('',(-0.00136539004669403,0.062407050551208,0.00299999999999999));
#10552=CARTESIAN_POINT('',(-0.000722222222222229,0.0624174306176065,0.003));
#10553=CARTESIAN_POINT('',(0.0225000000000003,0.0389711431702991,0.001));
#10554=CARTESIAN_POINT('',(0.0225000000000003,0.0389711431702991,0.001));
#10555=CARTESIAN_POINT('',(-0.045,-6.41847686111419E-17,0.001));
#10556=CARTESIAN_POINT('',(-0.045,-6.41847686111419E-17,0.001));
#10557=CARTESIAN_POINT('',(-0.0225,0.0389711431702998,0.001));
#10558=CARTESIAN_POINT('',(-0.0225,0.0389711431702998,0.001));
#10559=CARTESIAN_POINT('',(-0.0521287801384277,0.0342663171895954,0.001));
#10560=CARTESIAN_POINT('',(-0.0521287801384277,0.0342663171895954,0.001));
#10561=CARTESIAN_POINT('',(-0.0521287801384277,0.0342663171895954,0.00132738867555914));
#10562=CARTESIAN_POINT('',(-0.0522679268794275,0.0340657517817791,0.00195501606504419));
#10563=CARTESIAN_POINT('',(-0.0528421307398661,0.0332121976985174,0.0027889080362815));
#10564=CARTESIAN_POINT('',(-0.0533633961292574,0.0323859877421147,0.003));
#10565=CARTESIAN_POINT('',(-0.0536939694426886,0.0318341781004253,0.003));
#10566=CARTESIAN_POINT('',(0.0225,0.0389711431702998,0.001));
#10567=CARTESIAN_POINT('',(0.0225,0.0389711431702998,0.001));
#10568=CARTESIAN_POINT('',(-0.0101792700566813,0.0515037130808367,0.001));
#10569=CARTESIAN_POINT('',(-0.0101792700566813,0.0515037130808367,0.001));
#10570=CARTESIAN_POINT('',(-0.0101792700566813,0.0515037130808367,0.00173645740701285));
#10571=CARTESIAN_POINT('',(-0.00985908448971384,0.0511231146121991,0.00240636528241147));
#10572=CARTESIAN_POINT('',(-0.00943945305923374,0.0506275293288399,0.00273205080756891));
#10573=CARTESIAN_POINT('',(-0.00943945305923389,0.0506275293288397,0.00273205080756888));
#10574=CARTESIAN_POINT('',(-0.00943945305923389,0.0506275293288397,0.00273205080756888));
#10575=CARTESIAN_POINT('',(-0.00937371268896613,0.0505498898632019,0.00278307340849801));
#10576=CARTESIAN_POINT('',(-0.00924549763921489,0.0503580768511256,0.00286638478853367));
#10577=CARTESIAN_POINT('',(-0.00935190410112959,0.0500072409009701,0.00286989013899642));
#10578=CARTESIAN_POINT('',(-0.00957641925455841,0.0497603453540812,0.00281693256974604));
#10579=CARTESIAN_POINT('',(-0.00973552366175625,0.0496086327373976,0.00276369128656035));
#10580=CARTESIAN_POINT('',(-0.00981670643526538,0.0495366760568706,0.0027320508075661));
#10581=CARTESIAN_POINT('',(-0.00981670643526597,0.04953667605687,0.00273205080756587));
#10582=CARTESIAN_POINT('',(-0.0112607596264876,0.0482021295446007,0.001));
#10583=CARTESIAN_POINT('',(-0.0112607596264876,0.0482021295446007,0.00123655956367202));
#10584=CARTESIAN_POINT('',(-0.0111367061875151,0.0483219879771684,0.00168870245972998));
#10585=CARTESIAN_POINT('',(-0.0106312840114445,0.0488012382919113,0.00233227335145413));
#10586=CARTESIAN_POINT('',(-0.0101514762446878,0.0492399514786683,0.00260157636495865));
#10587=CARTESIAN_POINT('',(-0.00981670643526599,0.04953667605687,0.00273205080756583));
#10588=CARTESIAN_POINT('',(-0.0112607596264876,0.0482021295446007,0.001));
#10589=CARTESIAN_POINT('',(0.0225,0.0389711431702998,0.001));
#10590=CARTESIAN_POINT('',(-0.0090664393647611,0.0501876446672398,0.00293649167310373));
#10591=CARTESIAN_POINT('',(-0.00894357630549769,0.0500429703948345,0.00297889092516287));
#10592=CARTESIAN_POINT('',(-0.0088170008303636,0.0498941480921471,0.00299999999999999));
#10593=CARTESIAN_POINT('',(-0.00869121692237491,0.049746484784437,0.003));
#10594=CARTESIAN_POINT('',(-0.00906643936476128,0.0501876446672396,0.0029364916731037));
#10595=CARTESIAN_POINT('',(-0.0090664393647613,0.0501876446672396,0.00293649167310369));
#10596=CARTESIAN_POINT('',(-0.00881443444963746,0.0504016571126229,0.00297930202755034));
#10597=CARTESIAN_POINT('',(-0.008558010304298,0.0506147817305934,0.00299999999999999));
#10598=CARTESIAN_POINT('',(-0.00829660877311917,0.050827318273403,0.003));
#10599=CARTESIAN_POINT('',(6.59194920871187E-17,-1.07552855510562E-16,0.001));
#10600=CARTESIAN_POINT('',(-0.0395138888888888,0.0345673630014866,0.001));
#10601=CARTESIAN_POINT('',(-0.0395138888888888,0.0345673630014866,0.00173645740701286));
#10602=CARTESIAN_POINT('',(-0.0393443737298909,0.0340997749322488,0.00240636528241151));
#10603=CARTESIAN_POINT('',(-0.0391250000000002,0.033488570811547,0.00273205080756893));
#10604=CARTESIAN_POINT('',(-0.0395138888888888,0.0345673630014866,0.001));
#10605=CARTESIAN_POINT('',(-0.039125,0.033488570811547,0.00273205080756887));
#10606=CARTESIAN_POINT('',(6.59194920871187E-17,-1.07552855510562E-16,0.00273205080756863));
#10607=CARTESIAN_POINT('',(6.59194920871187E-17,-1.07552855510562E-16,0.001));
#10608=CARTESIAN_POINT('',(0.0225,0.0389711431702998,0.001));
#10609=CARTESIAN_POINT('',(0.0225,0.0389711431702998,0.001));
#10610=CARTESIAN_POINT('',(0.0225,0.0389711431702998,0.001));
#10611=CARTESIAN_POINT('',(0.0224999999999996,0.0389711431702999,0.001));
#10612=CARTESIAN_POINT('',(0.0224999999999996,0.0389711431702999,0.001));
#10613=CARTESIAN_POINT('',(0.0569677195262583,0.0328903282036044,0.001));
#10614=CARTESIAN_POINT('',(0.0569677195262583,0.0328903282036044,0.001));
#10615=CARTESIAN_POINT('',(0.0569677195262583,0.0328903282036044,0.0013115295941377));
#10616=CARTESIAN_POINT('',(0.0567975629128166,0.0327920882370292,0.00191689164408356));
#10617=CARTESIAN_POINT('',(0.0559985425865833,0.0323307736365905,0.00278001982021567));
#10618=CARTESIAN_POINT('',(0.0551868589578782,0.0318621478750608,0.00299999999999999));
#10619=CARTESIAN_POINT('',(0.0546560397971495,0.0315556792897232,0.003));
#10620=CARTESIAN_POINT('',(-0.045,9.8879238130678E-17,0.001));
#10621=CARTESIAN_POINT('',(-0.045,9.8879238130678E-17,0.001));
#10622=CARTESIAN_POINT('',(-0.0569677195262583,-0.0328903282036044,0.001));
#10623=CARTESIAN_POINT('',(-0.0569677195262583,-0.0328903282036044,0.001));
#10624=CARTESIAN_POINT('',(-0.0569677195262583,-0.0328903282036044,0.0013115295941377));
#10625=CARTESIAN_POINT('',(-0.0567975629128167,-0.0327920882370293,0.00191689164408359));
#10626=CARTESIAN_POINT('',(-0.0559985425865833,-0.0323307736365906,0.00278001982021571));
#10627=CARTESIAN_POINT('',(-0.0551868589578782,-0.0318621478750607,0.003));
#10628=CARTESIAN_POINT('',(-0.0546560397971495,-0.0315556792897232,0.003));
#10629=CARTESIAN_POINT('',(-0.045,3.20923843055709E-17,0.001));
#10630=CARTESIAN_POINT('',(-0.045,3.20923843055709E-17,0.001));
#10631=CARTESIAN_POINT('',(-0.0557398912495388,0.0280116892733744,0.001));
#10632=CARTESIAN_POINT('',(-0.0557398912495388,0.0280116892733744,0.001));
#10633=CARTESIAN_POINT('',(-0.0557398912495388,0.0280116892733744,0.00132738867555916));
#10634=CARTESIAN_POINT('',(-0.0556357698817496,0.0282324765898424,0.0019550160650442));
#10635=CARTESIAN_POINT('',(-0.0551836722923594,0.0291565287615636,0.00278890803628152));
#10636=CARTESIAN_POINT('',(-0.0547287861759547,0.0300210628090937,0.00300000000000001));
#10637=CARTESIAN_POINT('',(-0.0544161916649108,0.0305832525171811,0.003));
#10638=CARTESIAN_POINT('',(-0.045,-8.67361737988404E-19,0.001));
#10639=CARTESIAN_POINT('',(-0.0389305555555558,0.0329455891453742,0.00293649167310373));
#10640=CARTESIAN_POINT('',(-0.0392418982275456,0.0328343527096901,0.00297930202755036));
#10641=CARTESIAN_POINT('',(-0.0395546816335508,0.0327188451946711,0.00299999999999999));
#10642=CARTESIAN_POINT('',(-0.0398694444444445,0.0325987330994834,0.003));
#10643=CARTESIAN_POINT('',(-0.0389305555555558,0.0329455891453742,0.00293649167310375));
#10644=CARTESIAN_POINT('',(-0.0387361111111111,0.0324000570367964,0.003));
#10645=CARTESIAN_POINT('',(-0.0388009428798291,0.03258238076376,0.00299999999999999));
#10646=CARTESIAN_POINT('',(-0.0388670005962149,0.0327677034486814,0.00297868835294855));
#10647=CARTESIAN_POINT('',(-0.0389305555555554,0.0329455891453743,0.00293649167310369));
#10648=CARTESIAN_POINT('',(-4.5102810375397E-17,5.55111512312578E-17,0.001));
#10649=CARTESIAN_POINT('',(-4.5102810375397E-17,5.55111512312578E-17,0.00273205080756935));
#10650=CARTESIAN_POINT('',(-0.0379916666666569,0.0332698551828694,0.00273205080756588));
#10651=CARTESIAN_POINT('',(-0.0361138888888889,0.0338531686747487,0.001));
#10652=CARTESIAN_POINT('',(-0.0361138888888889,0.0338531686747487,0.00123655956367202));
#10653=CARTESIAN_POINT('',(-0.0362797160558366,0.0338056644614556,0.00168870245973002));
#10654=CARTESIAN_POINT('',(-0.0369474700912109,0.0336075811747139,0.00233227335145416));
#10655=CARTESIAN_POINT('',(-0.0375673107392961,0.0334114120531481,0.00260157636495868));
#10656=CARTESIAN_POINT('',(-0.0379916666666569,0.0332698551828695,0.00273205080756586));
#10657=CARTESIAN_POINT('',(-0.0361138888888889,0.0338531686747487,0.001));
#10658=CARTESIAN_POINT('',(-4.5102810375397E-17,5.55111512312578E-17,0.001));
#10659=CARTESIAN_POINT('',(-0.0225,0.0389711431702998,0.001));
#10660=CARTESIAN_POINT('',(0.0225,0.0389711431702998,0.001));
#10661=CARTESIAN_POINT('',(0.0225,0.0389711431702998,0.001));
#10662=CARTESIAN_POINT('',(0.0521287801384277,0.0342663171895954,0.001));
#10663=CARTESIAN_POINT('',(0.0521287801384277,0.0342663171895954,0.001));
#10664=CARTESIAN_POINT('',(0.0521287801384277,0.0342663171895954,0.00132738867555915));
#10665=CARTESIAN_POINT('',(0.0522679268794275,0.034065751781779,0.00195501606504419));
#10666=CARTESIAN_POINT('',(0.0528421307398661,0.0332121976985174,0.0027889080362815));
#10667=CARTESIAN_POINT('',(0.0533633961292574,0.0323859877421147,0.003));
#10668=CARTESIAN_POINT('',(0.0536939694426886,0.0318341781004253,0.003));
#10669=CARTESIAN_POINT('',(0.045,-2.09901540593193E-16,0.001));
#10670=CARTESIAN_POINT('',(0.045,-2.09901540593193E-16,0.001));
#10671=CARTESIAN_POINT('',(-0.0224999999999996,-0.0389711431702998,0.001));
#10672=CARTESIAN_POINT('',(-0.0224999999999996,-0.0389711431702998,0.001));
#10673=CARTESIAN_POINT('',(-0.045,-3.12250225675825E-17,0.001));
#10674=CARTESIAN_POINT('',(-0.045,-3.12250225675825E-17,0.001));
#10675=CARTESIAN_POINT('',(-0.0557398912495388,-0.0280116892733744,0.001));
#10676=CARTESIAN_POINT('',(-0.0557398912495388,-0.0280116892733744,0.001));
#10677=CARTESIAN_POINT('',(-0.0557398912495388,-0.0280116892733744,0.00132738867555916));
#10678=CARTESIAN_POINT('',(-0.0556357698817499,-0.0282324765898425,0.0019550160650442));
#10679=CARTESIAN_POINT('',(-0.0551836722923579,-0.0291565287615628,0.00278890803628152));
#10680=CARTESIAN_POINT('',(-0.0547287861759616,-0.0300210628090975,0.00299999999999999));
#10681=CARTESIAN_POINT('',(-0.0544161916649108,-0.0305832525171811,0.003));
#10682=CARTESIAN_POINT('',(-0.0225,0.0389711431702998,0.001));
#10683=CARTESIAN_POINT('',(-0.0479969949203168,0.0172420555218655,0.00293649167310371));
#10684=CARTESIAN_POINT('',(-0.0480563326771828,0.0175673044029329,0.00297930202755035));
#10685=CARTESIAN_POINT('',(-0.0481126919378514,0.0178959365359251,0.003));
#10686=CARTESIAN_POINT('',(-0.0481660532175635,0.0182285851739196,0.003));
#10687=CARTESIAN_POINT('',(-0.0479969949203167,0.0172420555218655,0.00293649167310371));
#10688=CARTESIAN_POINT('',(-0.0225,0.0389711431702998,0.001));
#10689=CARTESIAN_POINT('',(-0.0496931589455701,0.0169363500793502,0.001));
#10690=CARTESIAN_POINT('',(-0.0496931589455701,0.0169363500793502,0.001));
#10691=CARTESIAN_POINT('',(-0.0496931589455701,0.0169363500793502,0.00173645740701285));
#10692=CARTESIAN_POINT('',(-0.0492034582196048,0.0170233396799504,0.00240636528241155));
#10693=CARTESIAN_POINT('',(-0.0485644530592339,0.017138958517293,0.00273205080756896));
#10694=CARTESIAN_POINT('',(-0.0485644530592338,0.0171389585172927,0.00273205080756888));
#10695=CARTESIAN_POINT('',(-0.0485644530592338,0.0171389585172927,0.00273205080756888));
#10696=CARTESIAN_POINT('',(-0.048464345124521,0.01715707161518,0.00278307340849816));
#10697=CARTESIAN_POINT('',(-0.04823412265841,0.0171722025993734,0.00286638478853398));
#10698=CARTESIAN_POINT('',(-0.0479834930439723,0.0169046339251497,0.00286989013899636));
#10699=CARTESIAN_POINT('',(-0.0478819328049994,0.0165867503252981,0.00281693256974503));
#10700=CARTESIAN_POINT('',(-0.0478300980284768,0.0163731055584739,0.00276369128656044));
#10701=CARTESIAN_POINT('',(-0.0478083731019229,0.0162668208740014,0.0027320508075661));
#10702=CARTESIAN_POINT('',(-0.047808373101922,0.0162668208739969,0.00273205080756473));
#10703=CARTESIAN_POINT('',(-0.0473746485153764,0.0143489608698521,0.001));
#10704=CARTESIAN_POINT('',(-0.0473746485153764,0.0143489608698521,0.00123655956367168));
#10705=CARTESIAN_POINT('',(-0.0474164222433515,0.0145163235157123,0.00168870245972912));
#10706=CARTESIAN_POINT('',(-0.0475787541026549,0.0151936571171956,0.00233227335145287));
#10707=CARTESIAN_POINT('',(-0.0477187869839832,0.0158285394255173,0.00260157636495743));
#10708=CARTESIAN_POINT('',(-0.047808373101922,0.0162668208739969,0.00273205080756474));
#10709=CARTESIAN_POINT('',(-0.0473746485153764,0.0143489608698521,0.001));
#10710=CARTESIAN_POINT('',(-0.0225,0.0389711431702998,0.001));
#10711=CARTESIAN_POINT('',(-0.0479969949203167,0.0172420555218657,0.00293649167310376));
#10712=CARTESIAN_POINT('',(-0.047810271795508,0.0172761209161718,0.00297889092516289));
#10713=CARTESIAN_POINT('',(-0.0476181001631641,0.0173113273417907,0.003));
#10714=CARTESIAN_POINT('',(-0.0474273280334859,0.0173464277476408,0.003));
#10715=CARTESIAN_POINT('',(-0.0225,0.0389711431702998,0.001));
#10716=CARTESIAN_POINT('',(-0.045,-8.67361737988404E-19,0.001));
#10717=CARTESIAN_POINT('',(-0.045,-8.67361737988404E-19,0.001));
#10718=CARTESIAN_POINT('',(-0.0379916666666586,0.0332698551828754,0.00273205080756886));
#10719=CARTESIAN_POINT('',(-0.0380946883761601,0.0332354891476032,0.00276372634043395));
#10720=CARTESIAN_POINT('',(-0.0383045680813776,0.0331736829716167,0.00281681871299462));
#10721=CARTESIAN_POINT('',(-0.0386342932073461,0.0331024618170835,0.00287014773502771));
#10722=CARTESIAN_POINT('',(-0.0389883547546818,0.0331862523301394,0.00286622681087278));
#10723=CARTESIAN_POINT('',(-0.0390907228614923,0.0333930701865991,0.00278293916079748));
#10724=CARTESIAN_POINT('',(-0.039125,0.033488570811547,0.00273205080756888));
#10725=CARTESIAN_POINT('',(-0.045,1.04083408558608E-17,0.001));
#10726=CARTESIAN_POINT('',(-2.86229373536173E-17,-5.20417042793042E-17,
0.001));
#10727=CARTESIAN_POINT('',(-2.86229373536173E-17,-5.20417042793042E-17,
0.00273205080756943));
#10728=CARTESIAN_POINT('',(0.039125,0.0334885708115469,0.00273205080756897));
#10729=CARTESIAN_POINT('',(0.0395138888888888,0.0345673630014866,0.001));
#10730=CARTESIAN_POINT('',(0.0395138888888888,0.0345673630014866,0.0017364574070129));
#10731=CARTESIAN_POINT('',(0.039344373729891,0.0340997749322488,0.0024063652824116));
#10732=CARTESIAN_POINT('',(0.0391250000000002,0.0334885708115469,0.002732050807569));
#10733=CARTESIAN_POINT('',(0.0395138888888888,0.0345673630014866,0.001));
#10734=CARTESIAN_POINT('',(-2.86229373536173E-17,-5.20417042793042E-17,
0.001));
#10735=CARTESIAN_POINT('',(0.045,0.,0.001));
#10736=CARTESIAN_POINT('',(0.045,0.,0.001));
#10737=CARTESIAN_POINT('',(0.039125,0.033488570811547,0.00273205080756888));
#10738=CARTESIAN_POINT('',(0.0390906324355553,0.0333928182480221,0.00278307340849799));
#10739=CARTESIAN_POINT('',(0.0389886250191963,0.0331858742517518,0.00286638478853372));
#10740=CARTESIAN_POINT('',(0.0386315889428436,0.0331026069758191,0.00286989013899641));
#10741=CARTESIAN_POINT('',(0.0383055135504422,0.0331735950287786,0.00281693256974606));
#10742=CARTESIAN_POINT('',(0.0380945743667206,0.0332355271789241,0.00276369128656035));
#10743=CARTESIAN_POINT('',(0.0379916666666577,0.0332698551828692,0.00273205080756611));
#10744=CARTESIAN_POINT('',(0.0379916666666569,0.0332698551828694,0.00273205080756588));
#10745=CARTESIAN_POINT('',(0.0361138888888889,0.0338531686747487,0.001));
#10746=CARTESIAN_POINT('',(0.0361138888888889,0.0338531686747487,0.00123655956367202));
#10747=CARTESIAN_POINT('',(0.0362797160558366,0.0338056644614556,0.00168870245973002));
#10748=CARTESIAN_POINT('',(0.0369474700912109,0.0336075811747139,0.00233227335145416));
#10749=CARTESIAN_POINT('',(0.0375673107392961,0.0334114120531481,0.00260157636495869));
#10750=CARTESIAN_POINT('',(0.0379916666666569,0.0332698551828695,0.00273205080756586));
#10751=CARTESIAN_POINT('',(0.0361138888888889,0.0338531686747487,0.001));
#10752=CARTESIAN_POINT('',(0.045,1.04083408558608E-17,0.001));
#10753=CARTESIAN_POINT('',(0.0389305555555558,0.0329455891453742,0.00293649167310375));
#10754=CARTESIAN_POINT('',(0.0388666954900105,0.0327668494786627,0.00297889092516288));
#10755=CARTESIAN_POINT('',(0.0388010993328007,0.0325828207503568,0.003));
#10756=CARTESIAN_POINT('',(0.0387361111111111,0.0324000570367963,0.003));
#10757=CARTESIAN_POINT('',(0.0389305555555556,0.0329455891453743,0.0029364916731037));
#10758=CARTESIAN_POINT('',(0.0389305555555556,0.0329455891453743,0.0029364916731037));
#10759=CARTESIAN_POINT('',(0.0392418982275454,0.0328343527096902,0.00297930202755035));
#10760=CARTESIAN_POINT('',(0.0395546816335502,0.0327188451946696,0.003));
#10761=CARTESIAN_POINT('',(0.0398694444444445,0.0325987330994834,0.003));
#10762=CARTESIAN_POINT('',(0.,6.93889390390723E-18,0.001));
#10763=CARTESIAN_POINT('',(-0.0496931589455701,-0.0169363500793502,0.001));
#10764=CARTESIAN_POINT('',(-0.0496931589455701,-0.0169363500793502,0.00173645740701285));
#10765=CARTESIAN_POINT('',(-0.0492034582196048,-0.0170233396799504,0.00240636528241154));
#10766=CARTESIAN_POINT('',(-0.0485644530592339,-0.017138958517293,0.00273205080756895));
#10767=CARTESIAN_POINT('',(-0.0496931589455701,-0.0169363500793502,0.001));
#10768=CARTESIAN_POINT('',(-0.0485644530592338,-0.0171389585172927,0.00273205080756888));
#10769=CARTESIAN_POINT('',(0.,6.93889390390723E-18,0.00273205080756863));
#10770=CARTESIAN_POINT('',(0.,6.93889390390723E-18,0.001));
#10771=CARTESIAN_POINT('',(4.68375338513738E-17,5.55111512312578E-17,0.001));
#10772=CARTESIAN_POINT('',(4.68375338513738E-17,5.55111512312578E-17,0.00273205080756898));
#10773=CARTESIAN_POINT('',(4.68375338513738E-17,5.55111512312578E-17,0.001));
#10774=CARTESIAN_POINT('',(0.045,1.04083408558608E-17,0.001));
#10775=CARTESIAN_POINT('',(0.045,2.42861286636753E-17,0.001));
#10776=CARTESIAN_POINT('',(0.045,2.42861286636753E-17,0.001));
#10777=CARTESIAN_POINT('',(0.045,9.19403442267708E-17,0.001));
#10778=CARTESIAN_POINT('',(0.045,9.19403442267708E-17,0.001));
#10779=CARTESIAN_POINT('',(0.0569677195262583,-0.0328903282036044,0.001));
#10780=CARTESIAN_POINT('',(0.0569677195262583,-0.0328903282036044,0.001));
#10781=CARTESIAN_POINT('',(0.0569677195262583,-0.0328903282036044,0.00131152959413769));
#10782=CARTESIAN_POINT('',(0.0567975629128167,-0.0327920882370293,0.00191689164408359));
#10783=CARTESIAN_POINT('',(0.0559985425865833,-0.0323307736365906,0.00278001982021571));
#10784=CARTESIAN_POINT('',(0.0551868589578782,-0.0318621478750608,0.00299999999999998));
#10785=CARTESIAN_POINT('',(0.0546560397971495,-0.0315556792897232,0.003));
#10786=CARTESIAN_POINT('',(-0.0225000000000002,-0.0389711431702993,0.001));
#10787=CARTESIAN_POINT('',(-0.0225000000000002,-0.0389711431702993,0.001));
#10788=CARTESIAN_POINT('',(1.04083408558608E-17,-0.0657806564072088,0.001));
#10789=CARTESIAN_POINT('',(1.04083408558608E-17,-0.0657806564072088,0.001));
#10790=CARTESIAN_POINT('',(1.04083408558608E-17,-0.0657806564072088,0.00131152959413768));
#10791=CARTESIAN_POINT('',(-6.97151118911086E-17,-0.065584176474059,0.00191689164408361));
#10792=CARTESIAN_POINT('',(1.39081936265961E-16,-0.0646615472731813,0.00278001982021572));
#10793=CARTESIAN_POINT('',(-7.19819538985876E-16,-0.0637242957501218,0.003));
#10794=CARTESIAN_POINT('',(-4.86470761590412E-18,-0.0631113585794465,0.003));
#10795=CARTESIAN_POINT('',(-0.0225,-0.0389711431702998,0.001));
#10796=CARTESIAN_POINT('',(-0.0225,-0.0389711431702998,0.001));
#10797=CARTESIAN_POINT('',(-0.0521287801384277,-0.0342663171895954,0.001));
#10798=CARTESIAN_POINT('',(-0.0521287801384277,-0.0342663171895954,0.001));
#10799=CARTESIAN_POINT('',(-0.0521287801384277,-0.0342663171895954,0.00132738867555914));
#10800=CARTESIAN_POINT('',(-0.0522679268794279,-0.0340657517817794,0.00195501606504422));
#10801=CARTESIAN_POINT('',(-0.0528421307398646,-0.0332121976985165,0.00278890803628152));
#10802=CARTESIAN_POINT('',(-0.0533633961292641,-0.0323859877421186,0.00300000000000002));
#10803=CARTESIAN_POINT('',(-0.0536939694426886,-0.0318341781004253,0.003));
#10804=CARTESIAN_POINT('',(-0.0225,-0.0389711431702998,0.001));
#10805=CARTESIAN_POINT('',(-0.0479969949203168,-0.0172420555218657,0.00293649167310374));
#10806=CARTESIAN_POINT('',(-0.0480563326771828,-0.017567304402933,0.00297930202755036));
#10807=CARTESIAN_POINT('',(-0.048112691937848,-0.0178959365359258,0.003));
#10808=CARTESIAN_POINT('',(-0.0481660532175635,-0.0182285851739196,0.003));
#10809=CARTESIAN_POINT('',(-0.0479969949203168,-0.0172420555218657,0.00293649167310375));
#10810=CARTESIAN_POINT('',(-0.0474273280334859,-0.0173464277476408,0.003));
#10811=CARTESIAN_POINT('',(-0.0476176408971081,-0.017311411842841,0.003));
#10812=CARTESIAN_POINT('',(-0.0478111639083405,-0.0172759581608864,0.00297868835294856));
#10813=CARTESIAN_POINT('',(-0.0479969949203167,-0.0172420555218654,0.00293649167310371));
#10814=CARTESIAN_POINT('',(-2.77555756156289E-17,-4.33680868994202E-18,
0.001));
#10815=CARTESIAN_POINT('',(-2.77555756156289E-17,-4.33680868994202E-18,
0.00273205080756933));
#10816=CARTESIAN_POINT('',(-0.0478083731019227,-0.0162668208740007,0.00273205080756588));
#10817=CARTESIAN_POINT('',(-0.0473746485153764,-0.0143489608698521,0.001));
#10818=CARTESIAN_POINT('',(-0.0473746485153764,-0.0143489608698521,0.00123655956367202));
#10819=CARTESIAN_POINT('',(-0.0474164222433516,-0.0145163235157129,0.00168870245973005));
#10820=CARTESIAN_POINT('',(-0.0475787541026554,-0.0151936571171975,0.00233227335145419));
#10821=CARTESIAN_POINT('',(-0.0477187869839838,-0.0158285394255204,0.00260157636495871));
#10822=CARTESIAN_POINT('',(-0.0478083731019228,-0.0162668208740007,0.00273205080756588));
#10823=CARTESIAN_POINT('',(-0.0473746485153764,-0.0143489608698521,0.001));
#10824=CARTESIAN_POINT('',(-2.77555756156289E-17,-4.33680868994202E-18,
0.001));
#10825=CARTESIAN_POINT('',(0.0225,0.0389711431702998,0.001));
#10826=CARTESIAN_POINT('',(0.045,-4.59701721133854E-17,0.001));
#10827=CARTESIAN_POINT('',(0.045,-4.59701721133854E-17,0.001));
#10828=CARTESIAN_POINT('',(0.0557398912495388,-0.0280116892733744,0.001));
#10829=CARTESIAN_POINT('',(0.0557398912495388,-0.0280116892733744,0.001));
#10830=CARTESIAN_POINT('',(0.0557398912495388,-0.0280116892733744,0.00132738867555915));
#10831=CARTESIAN_POINT('',(0.0556357698817496,-0.0282324765898424,0.00195501606504419));
#10832=CARTESIAN_POINT('',(0.0551836722923594,-0.0291565287615636,0.0027889080362815));
#10833=CARTESIAN_POINT('',(0.0547287861759547,-0.0300210628090937,0.003));
#10834=CARTESIAN_POINT('',(0.0544161916649108,-0.0305832525171811,0.003));
#10835=CARTESIAN_POINT('',(0.0224999999999995,-0.0389711431702998,0.001));
#10836=CARTESIAN_POINT('',(0.0224999999999995,-0.0389711431702998,0.001));
#10837=CARTESIAN_POINT('',(0.0225000000000003,-0.0389711431702992,0.001));
#10838=CARTESIAN_POINT('',(0.0225000000000003,-0.0389711431702992,0.001));
#10839=CARTESIAN_POINT('',(-0.0225,-0.0389711431702997,0.001));
#10840=CARTESIAN_POINT('',(-0.0225,-0.0389711431702997,0.001));
#10841=CARTESIAN_POINT('',(-0.045,-1.04083408558608E-16,0.001));
#10842=CARTESIAN_POINT('',(-0.0389305555555556,-0.0329455891453743,0.00293649167310369));
#10843=CARTESIAN_POINT('',(-0.0392418982275455,-0.0328343527096902,0.00297930202755034));
#10844=CARTESIAN_POINT('',(-0.0395546816335499,-0.032718845194669,0.003));
#10845=CARTESIAN_POINT('',(-0.0398694444444445,-0.0325987330994835,0.003));
#10846=CARTESIAN_POINT('',(-0.0389305555555556,-0.0329455891453743,0.00293649167310371));
#10847=CARTESIAN_POINT('',(-0.045,-1.04083408558608E-16,0.001));
#10848=CARTESIAN_POINT('',(-0.0395138888888889,-0.0345673630014866,0.001));
#10849=CARTESIAN_POINT('',(-0.0395138888888889,-0.0345673630014866,0.001));
#10850=CARTESIAN_POINT('',(-0.0395138888888889,-0.0345673630014866,0.00173645740701288));
#10851=CARTESIAN_POINT('',(-0.0393443737298909,-0.0340997749322489,0.00240636528241157));
#10852=CARTESIAN_POINT('',(-0.0391250000000001,-0.033488570811547,0.00273205080756898));
#10853=CARTESIAN_POINT('',(-0.039125,-0.033488570811547,0.00273205080756889));
#10854=CARTESIAN_POINT('',(-0.039125,-0.033488570811547,0.00273205080756889));
#10855=CARTESIAN_POINT('',(-0.0390906324355552,-0.0333928182480217,0.00278307340849815));
#10856=CARTESIAN_POINT('',(-0.0389886250191954,-0.0331858742517511,0.002866384788534));
#10857=CARTESIAN_POINT('',(-0.038631588942842,-0.0331026069758192,0.00286989013899636));
#10858=CARTESIAN_POINT('',(-0.0383055135504377,-0.03317359502878,0.00281693256974506));
#10859=CARTESIAN_POINT('',(-0.0380945743667209,-0.033235527178924,0.00276369128656045));
#10860=CARTESIAN_POINT('',(-0.0379916666666577,-0.0332698551828692,0.00273205080756611));
#10861=CARTESIAN_POINT('',(-0.0379916666666533,-0.0332698551828707,0.00273205080756475));
#10862=CARTESIAN_POINT('',(-0.0361138888888888,-0.0338531686747487,0.001));
#10863=CARTESIAN_POINT('',(-0.0361138888888888,-0.0338531686747487,0.00123655956367169));
#10864=CARTESIAN_POINT('',(-0.0362797160558362,-0.0338056644614558,0.00168870245972906));
#10865=CARTESIAN_POINT('',(-0.0369474700912091,-0.0336075811747145,0.00233227335145282));
#10866=CARTESIAN_POINT('',(-0.0375673107392931,-0.033411412053149,0.0026015763649574));
#10867=CARTESIAN_POINT('',(-0.0379916666666533,-0.0332698551828707,0.00273205080756472));
#10868=CARTESIAN_POINT('',(-0.0361138888888888,-0.0338531686747487,0.001));
#10869=CARTESIAN_POINT('',(-0.045,3.46944695195361E-18,0.001));
#10870=CARTESIAN_POINT('',(-0.0389305555555556,-0.0329455891453742,0.00293649167310375));
#10871=CARTESIAN_POINT('',(-0.0388666954900103,-0.0327668494786628,0.00297889092516288));
#10872=CARTESIAN_POINT('',(-0.0388010993328007,-0.0325828207503568,0.00299999999999999));
#10873=CARTESIAN_POINT('',(-0.0387361111111111,-0.0324000570367963,0.003));
#10874=CARTESIAN_POINT('',(-0.045,3.46944695195361E-18,0.001));
#10875=CARTESIAN_POINT('',(-0.0225,-0.0389711431702998,0.001));
#10876=CARTESIAN_POINT('',(-0.0225,-0.0389711431702998,0.001));
#10877=CARTESIAN_POINT('',(-0.0478083731019287,-0.0162668208739992,0.00273205080756887));
#10878=CARTESIAN_POINT('',(-0.0478301220971064,-0.0163732233092049,0.00276372634043396));
#10879=CARTESIAN_POINT('',(-0.0478815362312002,-0.0165858875536553,0.00281681871299462));
#10880=CARTESIAN_POINT('',(-0.0479847194650717,-0.0169070484662766,0.00287014773502771));
#10881=CARTESIAN_POINT('',(-0.0482343149516422,-0.0171717795042446,0.00286622681087278));
#10882=CARTESIAN_POINT('',(-0.0484646085226977,-0.01715702395705,0.00278293916079748));
#10883=CARTESIAN_POINT('',(-0.0485644530592338,-0.0171389585172927,0.00273205080756888));
#10884=CARTESIAN_POINT('',(-0.0225,-0.0389711431702998,0.001));
#10885=CARTESIAN_POINT('',(-1.38777878078145E-17,-5.20417042793042E-18,
0.001));
#10886=CARTESIAN_POINT('',(-1.38777878078145E-17,-5.20417042793042E-18,
0.00273205080756824));
#10887=CARTESIAN_POINT('',(0.0485644530592376,-0.0171389585172923,0.00273205080756704));
#10888=CARTESIAN_POINT('',(0.0496931589455701,-0.0169363500793503,0.001));
#10889=CARTESIAN_POINT('',(0.0496931589455701,-0.0169363500793503,0.00173645740701142));
#10890=CARTESIAN_POINT('',(0.0492034582196067,-0.0170233396799501,0.0024063652824091));
#10891=CARTESIAN_POINT('',(0.0485644530592376,-0.0171389585172923,0.00273205080756704));
#10892=CARTESIAN_POINT('',(0.0496931589455701,-0.0169363500793503,0.001));
#10893=CARTESIAN_POINT('',(-1.38777878078145E-17,-5.20417042793042E-18,
0.001));
#10894=CARTESIAN_POINT('',(0.0225,-0.0389711431702999,0.001));
#10895=CARTESIAN_POINT('',(0.0225,-0.0389711431702999,0.001));
#10896=CARTESIAN_POINT('',(0.048564453059237,-0.0171389585172836,0.00273205080756888));
#10897=CARTESIAN_POINT('',(0.0484643451245251,-0.0171570716151699,0.00278307340849785));
#10898=CARTESIAN_POINT('',(0.0482341226584141,-0.0171722025993796,0.0028663847885326));
#10899=CARTESIAN_POINT('',(0.0479834930439737,-0.0169046339251519,0.00286989013899689));
#10900=CARTESIAN_POINT('',(0.0478819328050008,-0.016586750325304,0.00281693256974619));
#10901=CARTESIAN_POINT('',(0.0478300980284768,-0.0163731055584738,0.00276369128656045));
#10902=CARTESIAN_POINT('',(0.0478083731019229,-0.0162668208740014,0.00273205080756611));
#10903=CARTESIAN_POINT('',(0.0478083731019227,-0.0162668208740007,0.00273205080756588));
#10904=CARTESIAN_POINT('',(0.0473746485153764,-0.014348960869852,0.001));
#10905=CARTESIAN_POINT('',(0.0473746485153764,-0.014348960869852,0.00123655956367203));
#10906=CARTESIAN_POINT('',(0.0474164222433516,-0.0145163235157129,0.00168870245973005));
#10907=CARTESIAN_POINT('',(0.0475787541026553,-0.0151936571171975,0.00233227335145419));
#10908=CARTESIAN_POINT('',(0.0477187869839838,-0.0158285394255204,0.00260157636495871));
#10909=CARTESIAN_POINT('',(0.0478083731019228,-0.0162668208740007,0.00273205080756588));
#10910=CARTESIAN_POINT('',(0.0473746485153764,-0.014348960869852,0.001));
#10911=CARTESIAN_POINT('',(0.0225,-0.0389711431702998,0.001));
#10912=CARTESIAN_POINT('',(0.0479969949203167,-0.0172420555218657,0.00293649167310375));
#10913=CARTESIAN_POINT('',(0.047810271795508,-0.0172761209161718,0.00297889092516289));
#10914=CARTESIAN_POINT('',(0.0476181001631639,-0.0173113273417897,0.003));
#10915=CARTESIAN_POINT('',(0.0474273280334859,-0.0173464277476408,0.003));
#10916=CARTESIAN_POINT('',(0.0479969949203167,-0.0172420555218654,0.00293649167310371));
#10917=CARTESIAN_POINT('',(0.0479969949203167,-0.0172420555218654,0.0029364916731037));
#10918=CARTESIAN_POINT('',(0.0480563326771828,-0.0175673044029329,0.00297930202755035));
#10919=CARTESIAN_POINT('',(0.048112691937848,-0.0178959365359257,0.003));
#10920=CARTESIAN_POINT('',(0.0481660532175635,-0.0182285851739196,0.003));
#10921=CARTESIAN_POINT('',(6.50521303491303E-17,1.00613961606655E-16,0.001));
#10922=CARTESIAN_POINT('',(6.50521303491303E-17,1.00613961606655E-16,0.00273205080756946));
#10923=CARTESIAN_POINT('',(6.50521303491303E-17,1.00613961606655E-16,0.001));
#10924=CARTESIAN_POINT('',(2.77555756156289E-17,0.,0.001));
#10925=CARTESIAN_POINT('',(2.77555756156289E-17,0.,0.00273205080756937));
#10926=CARTESIAN_POINT('',(2.77555756156289E-17,0.,0.001));
#10927=CARTESIAN_POINT('',(0.0225,-0.0389711431702998,0.001));
#10928=CARTESIAN_POINT('',(0.0225,-0.0389711431702998,0.001));
#10929=CARTESIAN_POINT('',(0.0225,-0.0389711431702998,0.001));
#10930=CARTESIAN_POINT('',(0.0225,-0.0389711431702996,0.001));
#10931=CARTESIAN_POINT('',(0.0225,-0.0389711431702996,0.001));
#10932=CARTESIAN_POINT('',(0.00361111111111114,-0.0622780064629699,0.001));
#10933=CARTESIAN_POINT('',(0.00361111111111114,-0.0622780064629699,0.001));
#10934=CARTESIAN_POINT('',(0.00361111111111114,-0.0622780064629699,0.00132738867555915));
#10935=CARTESIAN_POINT('',(0.00336784300232198,-0.0622982283716212,0.00195501606504423));
#10936=CARTESIAN_POINT('',(0.00234154155249402,-0.062368726460081,0.00278890803628154));
#10937=CARTESIAN_POINT('',(0.00136539004669403,-0.062407050551208,0.00299999999999999));
#10938=CARTESIAN_POINT('',(0.000722222222222232,-0.0624174306176065,0.003));
#10939=CARTESIAN_POINT('',(0.0225,-0.0389711431702998,0.001));
#10940=CARTESIAN_POINT('',(-7.02563007770607E-17,-1.04083408558608E-16,
0.001));
#10941=CARTESIAN_POINT('',(-7.02563007770607E-17,-1.04083408558608E-16,
0.00273205080756865));
#10942=CARTESIAN_POINT('',(-7.02563007770607E-17,-1.04083408558608E-16,
0.001));
#10943=CARTESIAN_POINT('',(0.045,9.54097911787244E-18,0.001));
#10944=CARTESIAN_POINT('',(-0.0225,-0.0389711431702998,0.001));
#10945=CARTESIAN_POINT('',(0.00906643936476131,-0.0501876446672396,0.00293649167310368));
#10946=CARTESIAN_POINT('',(0.00881443444963748,-0.0504016571126229,0.00297930202755034));
#10947=CARTESIAN_POINT('',(0.00855801030429801,-0.0506147817305934,0.00299999999999999));
#10948=CARTESIAN_POINT('',(0.00829660877311918,-0.050827318273403,0.003));
#10949=CARTESIAN_POINT('',(0.00906643936476128,-0.0501876446672396,0.00293649167310371));
#10950=CARTESIAN_POINT('',(-0.0225,-0.0389711431702998,0.001));
#10951=CARTESIAN_POINT('',(0.0101792700566813,-0.0515037130808367,0.001));
#10952=CARTESIAN_POINT('',(0.0101792700566813,-0.0515037130808367,0.001));
#10953=CARTESIAN_POINT('',(0.0101792700566813,-0.0515037130808367,0.00173645740701284));
#10954=CARTESIAN_POINT('',(0.00985908448971381,-0.0511231146121991,0.00240636528241149));
#10955=CARTESIAN_POINT('',(0.0094394530592337,-0.0506275293288399,0.00273205080756892));
#10956=CARTESIAN_POINT('',(0.00943945305923388,-0.0506275293288397,0.00273205080756888));
#10957=CARTESIAN_POINT('',(0.00943945305924094,-0.0506275293288384,0.00273205080756886));
#10958=CARTESIAN_POINT('',(0.00937371268897385,-0.0505498898632005,0.00278307340849794));
#10959=CARTESIAN_POINT('',(0.00924549763921099,-0.0503580768511258,0.00286638478853388));
#10960=CARTESIAN_POINT('',(0.00935190410113106,-0.0500072409009687,0.00286989013899642));
#10961=CARTESIAN_POINT('',(0.00957641925456141,-0.0497603453540781,0.00281693256974504));
#10962=CARTESIAN_POINT('',(0.00973552366175592,-0.0496086327373978,0.00276369128656047));
#10963=CARTESIAN_POINT('',(0.00981670643526534,-0.0495366760568706,0.00273205080756611));
#10964=CARTESIAN_POINT('',(0.00981670643526884,-0.0495366760568675,0.00273205080756475));
#10965=CARTESIAN_POINT('',(0.0112607596264876,-0.0482021295446007,0.001));
#10966=CARTESIAN_POINT('',(0.0112607596264876,-0.0482021295446007,0.00123655956367169));
#10967=CARTESIAN_POINT('',(0.0111367061875154,-0.0483219879771681,0.00168870245972904));
#10968=CARTESIAN_POINT('',(0.010631284011446,-0.04880123829191,0.00233227335145282));
#10969=CARTESIAN_POINT('',(0.0101514762446902,-0.0492399514786663,0.00260157636495739));
#10970=CARTESIAN_POINT('',(0.00981670643526885,-0.0495366760568675,0.00273205080756471));
#10971=CARTESIAN_POINT('',(0.0112607596264876,-0.0482021295446007,0.001));
#10972=CARTESIAN_POINT('',(-0.0225,-0.0389711431702998,0.001));
#10973=CARTESIAN_POINT('',(0.00906643936476106,-0.0501876446672398,0.00293649167310374));
#10974=CARTESIAN_POINT('',(0.00894357630549764,-0.0500429703948345,0.00297889092516288));
#10975=CARTESIAN_POINT('',(0.00881700083036393,-0.0498941480921468,0.003));
#10976=CARTESIAN_POINT('',(0.00869121692237489,-0.049746484784437,0.003));
#10977=CARTESIAN_POINT('',(-0.0225,-0.0389711431702998,0.001));
#10978=CARTESIAN_POINT('',(-3.81639164714897E-17,5.89805981832114E-17,0.001));
#10979=CARTESIAN_POINT('',(-3.81639164714897E-17,5.89805981832114E-17,0.002732050807569));
#10980=CARTESIAN_POINT('',(-3.81639164714897E-17,5.89805981832114E-17,0.001));
#10981=CARTESIAN_POINT('',(6.15826833971767E-17,-1.00613961606655E-16,0.001));
#10982=CARTESIAN_POINT('',(6.15826833971767E-17,-1.00613961606655E-16,0.00273205080756981));
#10983=CARTESIAN_POINT('',(6.15826833971767E-17,-1.00613961606655E-16,0.001));
#10984=CARTESIAN_POINT('',(-0.0225,-0.0389711431702998,0.001));
#10985=CARTESIAN_POINT('',(0.0225,-0.0389711431702997,0.001));
#10986=CARTESIAN_POINT('',(-0.00679665333580006,-0.0505450838700758,0.00293649167310379));
#10987=CARTESIAN_POINT('',(-0.00691343314968623,-0.050694282735342,0.00297868937620743));
#10988=CARTESIAN_POINT('',(-0.00703356460218242,-0.0508480430259689,0.00300000000000001));
#10989=CARTESIAN_POINT('',(-0.00715275402406397,-0.0510008638149516,0.003));
#10990=CARTESIAN_POINT('',(-0.00679665333580068,-0.0505450838700753,0.00293649167310373));
#10991=CARTESIAN_POINT('',(0.0225,-0.0389711431702997,0.001));
#10992=CARTESIAN_POINT('',(-0.00436746878613636,-0.0523180199969583,0.001));
#10993=CARTESIAN_POINT('',(-0.00436746878613636,-0.0523180199969583,0.001));
#10994=CARTESIAN_POINT('',(-0.00436746878613636,-0.0523180199969583,0.00123970365849384));
#10995=CARTESIAN_POINT('',(-0.0045206337131962,-0.0522143692909251,0.00169505208592846));
#10996=CARTESIAN_POINT('',(-0.00511105261354664,-0.0518055881285673,0.00233169081741158));
#10997=CARTESIAN_POINT('',(-0.00564539795833748,-0.0514195757845018,0.0026009524376609));
#10998=CARTESIAN_POINT('',(-0.00600817570689589,-0.051148331592293,0.00273205080756867));
#10999=CARTESIAN_POINT('',(-0.00600817570689576,-0.0511483315922928,0.00273205080756848));
#11000=CARTESIAN_POINT('',(-0.00600817570689567,-0.0511483315922921,0.00273205080756888));
#11001=CARTESIAN_POINT('',(-0.00609525773423801,-0.0510832214959418,0.00276351996982653));
#11002=CARTESIAN_POINT('',(-0.00626445232016828,-0.0509451214336271,0.00281634382672805));
#11003=CARTESIAN_POINT('',(-0.00650771556399349,-0.050709249350763,0.00287029021030586));
#11004=CARTESIAN_POINT('',(-0.00662459657935577,-0.0503641040095795,0.00286587118362873));
#11005=CARTESIAN_POINT('',(-0.00650112273826437,-0.0501680624026839,0.00278257579137521));
#11006=CARTESIAN_POINT('',(-0.00643816159084585,-0.0500879234479745,0.00273205080756888));
#11007=CARTESIAN_POINT('',(-0.00643816159084584,-0.0500879234479745,0.00273205080756888));
#11008=CARTESIAN_POINT('',(-0.00571348055305025,-0.0491691584224289,0.001));
#11009=CARTESIAN_POINT('',(-0.00571348055305025,-0.0491691584224289,0.0017414258399976));
#11010=CARTESIAN_POINT('',(-0.0060334642693725,-0.049572811801407,0.00240728980094411));
#11011=CARTESIAN_POINT('',(-0.00643816159084543,-0.0500879234479748,0.00273205080756896));
#11012=CARTESIAN_POINT('',(-0.00571348055305025,-0.0491691584224289,0.001));
#11013=CARTESIAN_POINT('',(0.0225,-0.0389711431702998,0.001));
#11014=CARTESIAN_POINT('',(-0.00679665333580087,-0.0505450838700756,0.00293649167310379));
#11015=CARTESIAN_POINT('',(-0.00705255224673322,-0.0503447885988005,0.00297894101395434));
#11016=CARTESIAN_POINT('',(-0.00730852135987541,-0.0501399445283437,0.00300000000000005));
#11017=CARTESIAN_POINT('',(-0.00756492514670336,-0.0499301703133964,0.003));
#11018=CARTESIAN_POINT('',(0.0225,-0.0389711431702998,0.001));
#11019=CARTESIAN_POINT('',(-9.10729824887824E-18,-5.48172618408671E-16,
0.001));
#11020=CARTESIAN_POINT('',(-9.10729824887824E-18,-5.48172618408671E-16,
0.00273205080756869));
#11021=CARTESIAN_POINT('',(-9.10729824887824E-18,-5.48172618408671E-16,
0.001));
#11022=CARTESIAN_POINT('',(-9.54097911787244E-18,8.67361737988404E-16,0.001));
#11023=CARTESIAN_POINT('',(-9.54097911787244E-18,8.67361737988404E-16,0.0027320508075698));
#11024=CARTESIAN_POINT('',(-9.54097911787244E-18,8.67361737988404E-16,0.001));
#11025=CARTESIAN_POINT('',(-0.045,4.33680868994202E-18,0.001));
#11026=CARTESIAN_POINT('',(-0.0403750000000008,-0.0311586163845569,0.00293649167310376));
#11027=CARTESIAN_POINT('',(-0.040445820100594,-0.0313343501026646,0.00297868937620741));
#11028=CARTESIAN_POINT('',(-0.040518914692122,-0.0315152671376334,0.00299999999999998));
#11029=CARTESIAN_POINT('',(-0.0405916666666667,-0.0316948985993365,0.003));
#11030=CARTESIAN_POINT('',(-0.040375,-0.0311586163845572,0.00293649167310373));
#11031=CARTESIAN_POINT('',(-0.0403750000000001,-0.0311586163845574,0.00293649167310369));
#11032=CARTESIAN_POINT('',(-0.0400735897513518,-0.0312800837065881,0.00297894101395427));
#11033=CARTESIAN_POINT('',(-0.0397682050259511,-0.0313993374259263,0.00299999999999998));
#11034=CARTESIAN_POINT('',(-0.0394583333333334,-0.031516502511471,0.003));
#11035=CARTESIAN_POINT('',(-0.0225000000000002,-0.0389711431702996,0.001));
#11036=CARTESIAN_POINT('',(-0.0471716533358006,-0.019386467485519,0.00293649167310375));
#11037=CARTESIAN_POINT('',(-0.0473592532502801,-0.0193599326326775,0.0029786893762074));
#11038=CARTESIAN_POINT('',(-0.0475524792943044,-0.0193327758883357,0.003));
#11039=CARTESIAN_POINT('',(-0.0477444206907305,-0.0193059652156152,0.003));
#11040=CARTESIAN_POINT('',(-0.0471716533358005,-0.0193864674855181,0.00293649167310373));
#11041=CARTESIAN_POINT('',(-0.0509346588560843,-0.0294071390016421,0.001));
#11042=CARTESIAN_POINT('',(-0.0509346588560843,-0.0294071390016421,0.00132806838277362));
#11043=CARTESIAN_POINT('',(-0.0511567273310866,-0.0295353502954633,0.00195305433037126));
#11044=CARTESIAN_POINT('',(-0.0520537496941078,-0.0300532463982232,0.00277645981437047));
#11045=CARTESIAN_POINT('',(-0.0528978542585693,-0.0305405903957369,0.00300000000000001));
#11046=CARTESIAN_POINT('',(-0.0534556463989385,-0.0308626318381326,0.003));
#11047=CARTESIAN_POINT('',(-0.0509346588560843,-0.0294071390016421,0.001));
#11048=CARTESIAN_POINT('',(-0.0225000000000002,-0.0389711431702996,0.001));
#11049=CARTESIAN_POINT('',(-0.0474924687861362,-0.0223766710794496,0.001));
#11050=CARTESIAN_POINT('',(-0.0474924687861362,-0.0223766710794496,0.001));
#11051=CARTESIAN_POINT('',(-0.0474924687861362,-0.0223766710794496,0.00123970365849384));
#11052=CARTESIAN_POINT('',(-0.0474792871051209,-0.0221922010086298,0.00169505208592814));
#11053=CARTESIAN_POINT('',(-0.0474204816841058,-0.0214764926608735,0.00233169081741138));
#11054=CARTESIAN_POINT('',(-0.0473533578603661,-0.0208207298458579,0.00260095243766069));
#11055=CARTESIAN_POINT('',(-0.0472998423735636,-0.0203709330035743,0.00273205080756851));
#11056=CARTESIAN_POINT('',(-0.0472998423735635,-0.0203709330035743,0.00273205080756847));
#11057=CARTESIAN_POINT('',(-0.0472998423735629,-0.0203709330035741,0.00273205080756888));
#11058=CARTESIAN_POINT('',(-0.0472869963897519,-0.0202629627075073,0.00276351996982655));
#11059=CARTESIAN_POINT('',(-0.0472519955204881,-0.0200473858667515,0.00281634382672795));
#11060=CARTESIAN_POINT('',(-0.0471693559265967,-0.0197187776763598,0.00287029021030575));
#11061=CARTESIAN_POINT('',(-0.0469288918008159,-0.0194449830772436,0.00286587118362911));
#11062=CARTESIAN_POINT('',(-0.0466973778684977,-0.0194538937568847,0.00278257579137444));
#11063=CARTESIAN_POINT('',(-0.0465964949241775,-0.0194683502326459,0.00273205080756807));
#11064=CARTESIAN_POINT('',(-0.0465964949241791,-0.0194683502326457,0.00273205080756889));
#11065=CARTESIAN_POINT('',(-0.0454384805530501,-0.0196365599082447,0.001));
#11066=CARTESIAN_POINT('',(-0.0454384805530501,-0.0196365599082447,0.00174142583999763));
#11067=CARTESIAN_POINT('',(-0.0459480464917297,-0.0195612725706014,0.00240728980094406));
#11068=CARTESIAN_POINT('',(-0.0465964949241792,-0.0194683502326462,0.00273205080756893));
#11069=CARTESIAN_POINT('',(-0.0454384805530501,-0.0196365599082447,0.001));
#11070=CARTESIAN_POINT('',(-0.0225,-0.0389711431702998,0.001));
#11071=CARTESIAN_POINT('',(-0.0471716533358006,-0.0193864674855181,0.00293649167310371));
#11072=CARTESIAN_POINT('',(-0.0471261419980847,-0.0190647048922124,0.00297894101395429));
#11073=CARTESIAN_POINT('',(-0.0470767263858266,-0.0187406071024186,0.00300000000000001));
#11074=CARTESIAN_POINT('',(-0.0470232584800365,-0.0184136678019255,0.003));
#11075=CARTESIAN_POINT('',(-0.0225,-0.0389711431702998,0.001));
#11076=CARTESIAN_POINT('',(-0.045,4.33680868994202E-18,0.001));
#11077=CARTESIAN_POINT('',(-0.045,4.33680868994202E-18,0.001));
#11078=CARTESIAN_POINT('',(-0.039725,-0.0295325985141843,0.001));
#11079=CARTESIAN_POINT('',(-0.039725,-0.0295325985141843,0.001));
#11080=CARTESIAN_POINT('',(-0.039725,-0.0295325985141843,0.00174142583999761));
#11081=CARTESIAN_POINT('',(-0.0399145822223574,-0.0300115392308057,0.00240728980094406));
#11082=CARTESIAN_POINT('',(-0.0401583333333339,-0.0306195732153287,0.00273205080756893));
#11083=CARTESIAN_POINT('',(-0.0401583333333334,-0.0306195732153289,0.00273205080756888));
#11084=CARTESIAN_POINT('',(-0.0401583333333334,-0.0306195732153289,0.00273205080756888));
#11085=CARTESIAN_POINT('',(-0.0401962366331811,-0.030714122505138,0.00278255114688481));
#11086=CARTESIAN_POINT('',(-0.0403032294156825,-0.030918578070655,0.00286571329048211));
#11087=CARTESIAN_POINT('',(-0.0406629964094194,-0.0309905680197076,0.00287025667394916));
#11088=CARTESIAN_POINT('',(-0.040987424062125,-0.030897623098285,0.00281629818873856));
#11089=CARTESIAN_POINT('',(-0.041191749946859,-0.0308202539454558,0.00276351641397485));
#11090=CARTESIAN_POINT('',(-0.0412916666666674,-0.0307773985887187,0.00273205080756864));
#11091=CARTESIAN_POINT('',(-0.0412916666666679,-0.0307773985887186,0.00273205080756848));
#11092=CARTESIAN_POINT('',(-0.043125,-0.0299413489175087,0.001));
#11093=CARTESIAN_POINT('',(-0.043125,-0.0299413489175087,0.00123970365849385));
#11094=CARTESIAN_POINT('',(-0.0429586533919243,-0.0300221682822951,0.001695052085928));
#11095=CARTESIAN_POINT('',(-0.0423094290705595,-0.0303290954676937,0.00233169081741129));
#11096=CARTESIAN_POINT('',(-0.0417079599020289,-0.0305988459386438,0.0026009524376606));
#11097=CARTESIAN_POINT('',(-0.041291666666668,-0.0307773985887187,0.00273205080756843));
#11098=CARTESIAN_POINT('',(-0.043125,-0.0299413489175087,0.001));
#11099=CARTESIAN_POINT('',(-0.045,-2.27248775352962E-16,0.001));
#11100=CARTESIAN_POINT('',(1.12063136548102E-15,5.759281940243E-16,0.001));
#11101=CARTESIAN_POINT('',(1.12063136548102E-15,5.759281940243E-16,0.00273205080756851));
#11102=CARTESIAN_POINT('',(1.12063136548102E-15,5.759281940243E-16,0.001));
#11103=CARTESIAN_POINT('',(-1.76941794549634E-16,-9.19403442267708E-17,
0.001));
#11104=CARTESIAN_POINT('',(-1.76941794549634E-16,-9.19403442267708E-17,
0.00273205080756969));
#11105=CARTESIAN_POINT('',(-1.76941794549634E-16,-9.19403442267708E-17,
0.001));
#11106=CARTESIAN_POINT('',(-0.0225,0.0389711431702998,0.001));
#11107=CARTESIAN_POINT('',(-0.0471716533358006,0.0193864674855188,0.00293649167310376));
#11108=CARTESIAN_POINT('',(-0.04735925325028,0.0193599326326773,0.00297868937620741));
#11109=CARTESIAN_POINT('',(-0.0475524792943045,0.0193327758883367,0.00299999999999999));
#11110=CARTESIAN_POINT('',(-0.0477444206907305,0.0193059652156152,0.003));
#11111=CARTESIAN_POINT('',(-0.0471716533358005,0.0193864674855182,0.00293649167310373));
#11112=CARTESIAN_POINT('',(-0.0471716533358008,0.0193864674855182,0.00293649167310374));
#11113=CARTESIAN_POINT('',(-0.0471261419980849,0.0190647048922124,0.00297894101395431));
#11114=CARTESIAN_POINT('',(-0.0470767263858301,0.0187406071024181,0.00299999999999999));
#11115=CARTESIAN_POINT('',(-0.0470232584800365,0.0184136678019255,0.003));
#11116=CARTESIAN_POINT('',(-0.045,3.72965547335014E-16,0.001));
#11117=CARTESIAN_POINT('',(-0.0403750000000006,0.031158616384557,0.00293649167310379));
#11118=CARTESIAN_POINT('',(-0.0404458201005939,0.0313343501026647,0.00297868937620742));
#11119=CARTESIAN_POINT('',(-0.040518914692122,0.0315152671376334,0.003));
#11120=CARTESIAN_POINT('',(-0.0405916666666667,0.0316948985993365,0.003));
#11121=CARTESIAN_POINT('',(-0.0403750000000006,0.031158616384557,0.00293649167310379));
#11122=CARTESIAN_POINT('',(-0.0509346588560843,0.0294071390016421,0.001));
#11123=CARTESIAN_POINT('',(-0.0509346588560843,0.0294071390016421,0.00132806838277362));
#11124=CARTESIAN_POINT('',(-0.0511567273310866,0.029535350295463,0.0019530543303713));
#11125=CARTESIAN_POINT('',(-0.0520537496941079,0.030053246398223,0.00277645981437052));
#11126=CARTESIAN_POINT('',(-0.0528978542585693,0.0305405903957369,0.003));
#11127=CARTESIAN_POINT('',(-0.0534556463989385,0.0308626318381326,0.003));
#11128=CARTESIAN_POINT('',(-0.0509346588560843,0.0294071390016421,0.001));
#11129=CARTESIAN_POINT('',(-0.045,3.72965547335014E-16,0.001));
#11130=CARTESIAN_POINT('',(-0.043125,0.0299413489175087,0.001));
#11131=CARTESIAN_POINT('',(-0.043125,0.0299413489175087,0.001));
#11132=CARTESIAN_POINT('',(-0.043125,0.0299413489175087,0.00123970365849384));
#11133=CARTESIAN_POINT('',(-0.0429586533919248,0.0300221682822949,0.00169505208592828));
#11134=CARTESIAN_POINT('',(-0.0423094290705595,0.0303290954676938,0.00233169081741148));
#11135=CARTESIAN_POINT('',(-0.0417079599020289,0.0305988459386438,0.00260095243766078));
#11136=CARTESIAN_POINT('',(-0.041291666666668,0.0307773985887188,0.00273205080756858));
#11137=CARTESIAN_POINT('',(-0.0412916666666679,0.0307773985887186,0.00273205080756848));
#11138=CARTESIAN_POINT('',(-0.0412916666666674,0.0307773985887182,0.00273205080756888));
#11139=CARTESIAN_POINT('',(-0.041191738655514,0.0308202587884344,0.00276351996982648));
#11140=CARTESIAN_POINT('',(-0.0409875432003206,0.030897735566876,0.00281634382672816));
#11141=CARTESIAN_POINT('',(-0.0406616403626041,0.0309904716744033,0.00287029021030587));
#11142=CARTESIAN_POINT('',(-0.0403042952214605,0.0309191209323354,0.00286587118362865));
#11143=CARTESIAN_POINT('',(-0.0401962551302351,0.0307141686457996,0.00278257579137532));
#11144=CARTESIAN_POINT('',(-0.0401583333333333,0.0306195732153289,0.00273205080756888));
#11145=CARTESIAN_POINT('',(-0.0401583333333333,0.0306195732153289,0.00273205080756888));
#11146=CARTESIAN_POINT('',(-0.039725,0.0295325985141843,0.001));
#11147=CARTESIAN_POINT('',(-0.039725,0.0295325985141843,0.00174142583999759));
#11148=CARTESIAN_POINT('',(-0.0399145822223572,0.0300115392308058,0.00240728980094411));
#11149=CARTESIAN_POINT('',(-0.0401583333333337,0.0306195732153287,0.00273205080756896));
#11150=CARTESIAN_POINT('',(-0.039725,0.0295325985141843,0.001));
#11151=CARTESIAN_POINT('',(-0.045,-9.54097911787244E-18,0.001));
#11152=CARTESIAN_POINT('',(-0.0403750000000007,0.0311586163845572,0.00293649167310367));
#11153=CARTESIAN_POINT('',(-0.0400735897513522,0.031280083706588,0.00297894101395429));
#11154=CARTESIAN_POINT('',(-0.0397682050259521,0.0313993374259283,0.00300000000000003));
#11155=CARTESIAN_POINT('',(-0.0394583333333333,0.031516502511471,0.003));
#11156=CARTESIAN_POINT('',(-0.045,-9.54097911787244E-18,0.001));
#11157=CARTESIAN_POINT('',(-0.0225,0.0389711431702998,0.001));
#11158=CARTESIAN_POINT('',(-0.0225,0.0389711431702998,0.001));
#11159=CARTESIAN_POINT('',(-0.0454384805530501,0.0196365599082447,0.001));
#11160=CARTESIAN_POINT('',(-0.0454384805530501,0.0196365599082447,0.001));
#11161=CARTESIAN_POINT('',(-0.0454384805530501,0.0196365599082447,0.0017414258399976));
#11162=CARTESIAN_POINT('',(-0.0459480464917296,0.0195612725706012,0.00240728980094406));
#11163=CARTESIAN_POINT('',(-0.046596494924179,0.0194683502326461,0.00273205080756892));
#11164=CARTESIAN_POINT('',(-0.046596494924179,0.0194683502326457,0.00273205080756887));
#11165=CARTESIAN_POINT('',(-0.046596494924179,0.0194683502326457,0.00273205080756887));
#11166=CARTESIAN_POINT('',(-0.0466973286609875,0.0194539008082964,0.00278255114688498));
#11167=CARTESIAN_POINT('',(-0.0469278887659217,0.0194443314932072,0.00286571329048196));
#11168=CARTESIAN_POINT('',(-0.0471701173874865,0.0197199038746992,0.0028702566739492));
#11169=CARTESIAN_POINT('',(-0.047251838550735,0.0200473389243437,0.00281629818873879));
#11170=CARTESIAN_POINT('',(-0.0472869978412816,0.0202629749075886,0.00276351641397479));
#11171=CARTESIAN_POINT('',(-0.0472998423735634,0.0203709330035739,0.00273205080756864));
#11172=CARTESIAN_POINT('',(-0.0472998423735635,0.0203709330035743,0.00273205080756846));
#11173=CARTESIAN_POINT('',(-0.0474924687861362,0.0223766710794497,0.001));
#11174=CARTESIAN_POINT('',(-0.0474924687861362,0.0223766710794497,0.00123970365849384));
#11175=CARTESIAN_POINT('',(-0.0474792871051212,0.02219220100863,0.00169505208592825));
#11176=CARTESIAN_POINT('',(-0.047420481684106,0.0214764926608736,0.00233169081741144));
#11177=CARTESIAN_POINT('',(-0.0473533578603663,0.020820729845858,0.00260095243766076));
#11178=CARTESIAN_POINT('',(-0.0472998423735638,0.0203709330035743,0.00273205080756856));
#11179=CARTESIAN_POINT('',(-0.0474924687861362,0.0223766710794497,0.001));
#11180=CARTESIAN_POINT('',(-0.0225,0.0389711431702998,0.001));
#11181=CARTESIAN_POINT('',(-2.98372437868011E-16,1.7347234759768E-16,0.001));
#11182=CARTESIAN_POINT('',(-2.98372437868011E-16,1.7347234759768E-16,0.00273205080756827));
#11183=CARTESIAN_POINT('',(-2.98372437868011E-16,1.7347234759768E-16,0.001));
#11184=CARTESIAN_POINT('',(-5.86336534880161E-16,2.81025203108243E-16,0.001));
#11185=CARTESIAN_POINT('',(-5.86336534880161E-16,2.81025203108243E-16,0.00273205080756902));
#11186=CARTESIAN_POINT('',(-5.86336534880161E-16,2.81025203108243E-16,0.001));
#11187=CARTESIAN_POINT('',(0.0225,0.0389711431702998,0.001));
#11188=CARTESIAN_POINT('',(-0.0225,0.0389711431702999,0.001));
#11189=CARTESIAN_POINT('',(0.00679665333579995,0.0505450838700754,0.00293649167310371));
#11190=CARTESIAN_POINT('',(0.00691343314968619,0.0506942827353417,0.0029786893762074));
#11191=CARTESIAN_POINT('',(0.00703356460218237,0.0508480430259688,0.003));
#11192=CARTESIAN_POINT('',(0.00715275402406399,0.0510008638149516,0.003));
#11193=CARTESIAN_POINT('',(0.00679665333579997,0.0505450838700754,0.00293649167310371));
#11194=CARTESIAN_POINT('',(-0.0225,0.0389711431702999,0.001));
#11195=CARTESIAN_POINT('',(0.00436746878613636,0.0523180199969583,0.001));
#11196=CARTESIAN_POINT('',(0.00436746878613636,0.0523180199969583,0.001));
#11197=CARTESIAN_POINT('',(0.00436746878613636,0.0523180199969583,0.00123970365849384));
#11198=CARTESIAN_POINT('',(0.00452063371319638,0.052214369290925,0.00169505208592834));
#11199=CARTESIAN_POINT('',(0.00511105261354662,0.0518055881285673,0.00233169081741151));
#11200=CARTESIAN_POINT('',(0.00564539795833746,0.0514195757845017,0.00260095243766082));
#11201=CARTESIAN_POINT('',(0.00600817570689586,0.051148331592293,0.00273205080756861));
#11202=CARTESIAN_POINT('',(0.00600817570689574,0.0511483315922928,0.00273205080756848));
#11203=CARTESIAN_POINT('',(0.00600817570689566,0.0511483315922921,0.00273205080756888));
#11204=CARTESIAN_POINT('',(0.006095257734238,0.0510832214959418,0.00276351996982653));
#11205=CARTESIAN_POINT('',(0.0062644523201683,0.0509451214336271,0.00281634382672802));
#11206=CARTESIAN_POINT('',(0.00650771556399348,0.050709249350763,0.00287029021030584));
#11207=CARTESIAN_POINT('',(0.00662459657935595,0.0503641040095794,0.00286587118362876));
#11208=CARTESIAN_POINT('',(0.00650112273826434,0.050168062402684,0.0027825757913752));
#11209=CARTESIAN_POINT('',(0.00643816159084586,0.0500879234479746,0.00273205080756889));
#11210=CARTESIAN_POINT('',(0.00643816159084587,0.0500879234479746,0.00273205080756889));
#11211=CARTESIAN_POINT('',(0.00571348055305025,0.0491691584224289,0.001));
#11212=CARTESIAN_POINT('',(0.00571348055305025,0.0491691584224289,0.00174142583999763));
#11213=CARTESIAN_POINT('',(0.00603346426937259,0.0495728118014069,0.00240728980094418));
#11214=CARTESIAN_POINT('',(0.00643816159084555,0.0500879234479748,0.00273205080756901));
#11215=CARTESIAN_POINT('',(0.00571348055305025,0.0491691584224289,0.001));
#11216=CARTESIAN_POINT('',(-0.0225,0.0389711431702998,0.001));
#11217=CARTESIAN_POINT('',(0.00679665333580035,0.0505450838700759,0.00293649167310369));
#11218=CARTESIAN_POINT('',(0.00705255224673285,0.0503447885988007,0.0029789410139543));
#11219=CARTESIAN_POINT('',(0.00730852135987742,0.0501399445283465,0.00300000000000004));
#11220=CARTESIAN_POINT('',(0.00756492514670333,0.0499301703133964,0.003));
#11221=CARTESIAN_POINT('',(-0.0225,0.0389711431702998,0.001));
#11222=CARTESIAN_POINT('',(-2.16840434497101E-18,4.09394740330527E-16,0.001));
#11223=CARTESIAN_POINT('',(-2.16840434497101E-18,4.09394740330527E-16,0.00273205080756759));
#11224=CARTESIAN_POINT('',(-2.16840434497101E-18,4.09394740330527E-16,0.001));
#11225=CARTESIAN_POINT('',(3.68628738645072E-17,-8.46545056276682E-16,0.001));
#11226=CARTESIAN_POINT('',(3.68628738645072E-17,-8.46545056276682E-16,0.0027320508075684));
#11227=CARTESIAN_POINT('',(3.68628738645072E-17,-8.46545056276682E-16,0.001));
#11228=CARTESIAN_POINT('',(0.045,8.67361737988404E-18,0.001));
#11229=CARTESIAN_POINT('',(0.0225000000000003,0.0389711431702996,0.001));
#11230=CARTESIAN_POINT('',(0.0471716533358006,0.0193864674855192,0.00293649167310373));
#11231=CARTESIAN_POINT('',(0.0473592532502801,0.0193599326326776,0.00297868937620739));
#11232=CARTESIAN_POINT('',(0.0475524792943043,0.0193327758883357,0.003));
#11233=CARTESIAN_POINT('',(0.0477444206907305,0.0193059652156152,0.003));
#11234=CARTESIAN_POINT('',(0.0471716533358005,0.0193864674855181,0.00293649167310373));
#11235=CARTESIAN_POINT('',(0.0225000000000003,0.0389711431702996,0.001));
#11236=CARTESIAN_POINT('',(0.0474924687861362,0.0223766710794497,0.001));
#11237=CARTESIAN_POINT('',(0.0474924687861362,0.0223766710794497,0.001));
#11238=CARTESIAN_POINT('',(0.0474924687861362,0.0223766710794497,0.00123970365849385));
#11239=CARTESIAN_POINT('',(0.0474792871051211,0.02219220100863,0.00169505208592824));
#11240=CARTESIAN_POINT('',(0.0474204816841059,0.0214764926608736,0.00233169081741144));
#11241=CARTESIAN_POINT('',(0.0473533578603662,0.0208207298458579,0.00260095243766076));
#11242=CARTESIAN_POINT('',(0.0472998423735637,0.0203709330035743,0.00273205080756856));
#11243=CARTESIAN_POINT('',(0.0472998423735635,0.0203709330035743,0.00273205080756848));
#11244=CARTESIAN_POINT('',(0.0472998423735629,0.0203709330035741,0.00273205080756888));
#11245=CARTESIAN_POINT('',(0.0472869963897518,0.0202629627075074,0.0027635199698265));
#11246=CARTESIAN_POINT('',(0.0472519955204888,0.0200473858667518,0.00281634382672814));
#11247=CARTESIAN_POINT('',(0.047169355926597,0.0197187776763601,0.00287029021030578));
#11248=CARTESIAN_POINT('',(0.0469288918008165,0.0194449830772447,0.00286587118362901));
#11249=CARTESIAN_POINT('',(0.0466973778684977,0.0194538937568845,0.00278257579137458));
#11250=CARTESIAN_POINT('',(0.0465964949241774,0.0194683502326459,0.00273205080756806));
#11251=CARTESIAN_POINT('',(0.0465964949241791,0.0194683502326457,0.00273205080756889));
#11252=CARTESIAN_POINT('',(0.0454384805530501,0.0196365599082447,0.001));
#11253=CARTESIAN_POINT('',(0.0454384805530501,0.0196365599082447,0.00174142583999764));
#11254=CARTESIAN_POINT('',(0.0459480464917298,0.0195612725706015,0.00240728980094401));
#11255=CARTESIAN_POINT('',(0.0465964949241792,0.0194683502326463,0.0027320508075689));
#11256=CARTESIAN_POINT('',(0.0454384805530501,0.0196365599082447,0.001));
#11257=CARTESIAN_POINT('',(0.0225,0.0389711431702998,0.001));
#11258=CARTESIAN_POINT('',(0.0471716533358007,0.0193864674855181,0.00293649167310374));
#11259=CARTESIAN_POINT('',(0.0471261419980848,0.0190647048922124,0.0029789410139543));
#11260=CARTESIAN_POINT('',(0.0470767263858301,0.018740607102418,0.00300000000000002));
#11261=CARTESIAN_POINT('',(0.0470232584800365,0.0184136678019255,0.003));
#11262=CARTESIAN_POINT('',(0.0225,0.0389711431702998,0.001));
#11263=CARTESIAN_POINT('',(1.83880688453541E-16,1.45716771982052E-16,0.001));
#11264=CARTESIAN_POINT('',(1.83880688453541E-16,1.45716771982052E-16,0.00273205080756826));
#11265=CARTESIAN_POINT('',(1.83880688453541E-16,1.45716771982052E-16,0.001));
#11266=CARTESIAN_POINT('',(3.01841884819965E-16,1.61329283265843E-16,0.001));
#11267=CARTESIAN_POINT('',(3.01841884819965E-16,1.61329283265843E-16,0.00273205080756979));
#11268=CARTESIAN_POINT('',(3.01841884819965E-16,1.61329283265843E-16,0.001));
#11269=CARTESIAN_POINT('',(0.0225,0.0389711431702998,0.001));
#11270=CARTESIAN_POINT('',(0.0454384805530501,0.0196365599082447,0.001));
#11271=CARTESIAN_POINT('',(0.0458251810099438,0.0195796113217681,0.000667620063426638));
#11272=CARTESIAN_POINT('',(0.0462111648960012,0.0195235678340939,0.000334258081150986));
#11273=CARTESIAN_POINT('',(0.0465964949241791,0.0194683502326457,3.73021605365126E-18));
#11274=CARTESIAN_POINT('',(0.045,8.67361737988404E-18,0.));
#11275=CARTESIAN_POINT('',(0.0401583333333333,0.030619573215329,0.));
#11276=CARTESIAN_POINT('',(0.0400134881648346,0.0302582588213618,0.000334258081150968));
#11277=CARTESIAN_POINT('',(0.0398690313058485,0.0298959652267476,0.000667620063426652));
#11278=CARTESIAN_POINT('',(0.039725,0.0295325985141843,0.001));
#11279=CARTESIAN_POINT('',(3.01841884819965E-16,1.61329283265843E-16,0.));
#11280=CARTESIAN_POINT('',(0.0225000000000003,0.0389711431702996,0.001));
#11281=CARTESIAN_POINT('',(0.0472998423735634,0.020370933003573,0.));
#11282=CARTESIAN_POINT('',(0.0473790527837422,0.0210366952810585,0.000336093954694498));
#11283=CARTESIAN_POINT('',(0.0474434257673748,0.0217052438091977,0.000669457500611338));
#11284=CARTESIAN_POINT('',(0.0474924687861362,0.0223766710794497,0.001));
#11285=CARTESIAN_POINT('',(0.0522178775174625,0.0301480056412179,0.));
#11286=CARTESIAN_POINT('',(0.0517927035894654,0.0299025313594364,0.00033772301186536));
#11287=CARTESIAN_POINT('',(0.0513650822895103,0.0296556440867961,0.000671258672573753));
#11288=CARTESIAN_POINT('',(0.0509346588560843,0.0294071390016421,0.001));
#11289=CARTESIAN_POINT('',(0.045,2.20309881449055E-16,0.));
#11290=CARTESIAN_POINT('',(0.043125,0.0299413489175087,0.001));
#11291=CARTESIAN_POINT('',(0.0425190054177874,0.030234590052509,0.00066945750061134));
#11292=CARTESIAN_POINT('',(0.0419078389169399,0.0305131156774354,0.000336093954694497));
#11293=CARTESIAN_POINT('',(0.0412916666666667,0.0307773985887191,9.87010724833029E-19));
#11294=CARTESIAN_POINT('',(1.83880688453541E-16,1.45716771982052E-16,0.001));
#11295=CARTESIAN_POINT('',(-0.0225,0.0389711431702998,0.001));
#11296=CARTESIAN_POINT('',(0.00571348055305026,0.049169158422429,0.001));
#11297=CARTESIAN_POINT('',(0.00595614970409547,0.0494755765485156,0.000667620063426675));
#11298=CARTESIAN_POINT('',(0.00619767673116676,0.0497818266554556,0.000334258081150945));
#11299=CARTESIAN_POINT('',(0.00643816159084586,0.0500879234479745,7.2370726494732E-19));
#11300=CARTESIAN_POINT('',(0.0225,0.0389711431702998,0.001));
#11301=CARTESIAN_POINT('',(-0.00643816159084585,0.0500879234479745,0.));
#11302=CARTESIAN_POINT('',(-0.00619767673116673,0.0497818266554556,0.000334258081150971));
#11303=CARTESIAN_POINT('',(-0.00595614970409549,0.0494755765485156,0.000667620063426648));
#11304=CARTESIAN_POINT('',(-0.00571348055305026,0.0491691584224289,0.001));
#11305=CARTESIAN_POINT('',(3.68628738645072E-17,-8.46545056276682E-16,0.));
#11306=CARTESIAN_POINT('',(-0.0225,0.0389711431702999,0.001));
#11307=CARTESIAN_POINT('',(0.00600817570689684,0.051148331592292,0.));
#11308=CARTESIAN_POINT('',(0.00547121386680241,0.0515498109584938,0.000336093954694494));
#11309=CARTESIAN_POINT('',(0.00492442034958749,0.0519398338617067,0.000669457500611341));
#11310=CARTESIAN_POINT('',(0.00436746878613634,0.0523180199969583,0.001));
#11311=CARTESIAN_POINT('',(-2.46847499696497E-19,0.060296011282436,0.));
#11312=CARTESIAN_POINT('',(-2.46847499696497E-19,0.0598050627188729,0.000337723011865358));
#11313=CARTESIAN_POINT('',(-2.04123869476711E-20,0.0593112881735924,0.000671258672573755));
#11314=CARTESIAN_POINT('',(-2.04123869476711E-20,0.0588142780032843,0.001));
#11315=CARTESIAN_POINT('',(0.0225,0.0389711431702999,0.001));
#11316=CARTESIAN_POINT('',(-0.00436746878613635,0.0523180199969583,0.001));
#11317=CARTESIAN_POINT('',(-0.00492442034958749,0.0519398338617067,0.000669457500611341));
#11318=CARTESIAN_POINT('',(-0.00547121386680241,0.0515498109584938,0.000336093954694491));
#11319=CARTESIAN_POINT('',(-0.00600817570689684,0.051148331592292,-2.21575176933402E-18));
#11320=CARTESIAN_POINT('',(-2.16840434497101E-18,4.09394740330527E-16,0.001));
#11321=CARTESIAN_POINT('',(-0.045,3.72965547335014E-16,0.));
#11322=CARTESIAN_POINT('',(-0.0412916666666667,0.0307773985887191,0.));
#11323=CARTESIAN_POINT('',(-0.0419078389169399,0.0305131156774354,0.000336093954694497));
#11324=CARTESIAN_POINT('',(-0.0425190054177875,0.030234590052509,0.000669457500611339));
#11325=CARTESIAN_POINT('',(-0.043125,0.0299413489175087,0.001));
#11326=CARTESIAN_POINT('',(-0.0509346588560843,0.0294071390016421,0.001));
#11327=CARTESIAN_POINT('',(-0.0513650822895103,0.0296556440867961,0.000671258672573752));
#11328=CARTESIAN_POINT('',(-0.0517927035894654,0.0299025313594364,0.000337723011865358));
#11329=CARTESIAN_POINT('',(-0.0522178775174625,0.0301480056412179,-3.2333924559954E-18));
#11330=CARTESIAN_POINT('',(-0.0225,0.0389711431702998,0.001));
#11331=CARTESIAN_POINT('',(-0.0474924687861362,0.0223766710794497,0.001));
#11332=CARTESIAN_POINT('',(-0.0474434257673748,0.0217052438091977,0.000669457500611337));
#11333=CARTESIAN_POINT('',(-0.0473790527837422,0.0210366952810585,0.000336093954694499));
#11334=CARTESIAN_POINT('',(-0.0472998423735634,0.020370933003573,9.27580128259103E-19));
#11335=CARTESIAN_POINT('',(-2.98372437868011E-16,1.7347234759768E-16,0.001));
#11336=CARTESIAN_POINT('',(-0.045,-9.54097911787244E-18,0.));
#11337=CARTESIAN_POINT('',(-0.039725,0.0295325985141843,0.001));
#11338=CARTESIAN_POINT('',(-0.0398690313058485,0.0298959652267476,0.000667620063426649));
#11339=CARTESIAN_POINT('',(-0.0400134881648346,0.0302582588213618,0.00033425808115097));
#11340=CARTESIAN_POINT('',(-0.0401583333333334,0.0306195732153289,-6.13816766471699E-19));
#11341=CARTESIAN_POINT('',(-0.0225,0.0389711431702998,0.001));
#11342=CARTESIAN_POINT('',(-0.0465964949241791,0.0194683502326457,0.));
#11343=CARTESIAN_POINT('',(-0.0462111648960012,0.0195235678340939,0.00033425808115098));
#11344=CARTESIAN_POINT('',(-0.0458251810099438,0.0195796113217681,0.00066762006342664));
#11345=CARTESIAN_POINT('',(-0.0454384805530501,0.0196365599082447,0.001));
#11346=CARTESIAN_POINT('',(-5.86336534880161E-16,2.81025203108243E-16,0.));
#11347=CARTESIAN_POINT('',(-0.0225000000000002,-0.0389711431702996,0.));
#11348=CARTESIAN_POINT('',(-0.0472998423735634,-0.020370933003573,0.));
#11349=CARTESIAN_POINT('',(-0.0473790527837422,-0.0210366952810585,0.000336093954694491));
#11350=CARTESIAN_POINT('',(-0.0474434257673748,-0.0217052438091976,0.000669457500611344));
#11351=CARTESIAN_POINT('',(-0.0474924687861362,-0.0223766710794496,0.001));
#11352=CARTESIAN_POINT('',(-0.0509346588560843,-0.0294071390016421,0.001));
#11353=CARTESIAN_POINT('',(-0.0513650822895103,-0.0296556440867961,0.000671258672573754));
#11354=CARTESIAN_POINT('',(-0.0517927035894654,-0.0299025313594364,0.000337723011865359));
#11355=CARTESIAN_POINT('',(-0.0522178775174625,-0.0301480056412179,-1.07613095765852E-20));
#11356=CARTESIAN_POINT('',(-0.045,-2.27248775352962E-16,0.));
#11357=CARTESIAN_POINT('',(-0.043125,-0.0299413489175087,0.001));
#11358=CARTESIAN_POINT('',(-0.0425190054177874,-0.030234590052509,0.000669457500611338));
#11359=CARTESIAN_POINT('',(-0.0419078389169399,-0.0305131156774354,0.00033609395469449));
#11360=CARTESIAN_POINT('',(-0.0412916666666667,-0.0307773985887191,-6.88520764313066E-18));
#11361=CARTESIAN_POINT('',(1.12063136548102E-15,5.759281940243E-16,0.001));
#11362=CARTESIAN_POINT('',(-0.0225,-0.0389711431702998,0.));
#11363=CARTESIAN_POINT('',(-0.0454384805530501,-0.0196365599082447,0.001));
#11364=CARTESIAN_POINT('',(-0.0458251810099438,-0.0195796113217681,0.000667620063426652));
#11365=CARTESIAN_POINT('',(-0.0462111648960011,-0.0195235678340939,0.000334258081150967));
#11366=CARTESIAN_POINT('',(-0.046596494924179,-0.0194683502326457,-1.19452725743779E-19));
#11367=CARTESIAN_POINT('',(-0.045,4.33680868994202E-18,0.));
#11368=CARTESIAN_POINT('',(-0.0401583333333333,-0.030619573215329,0.));
#11369=CARTESIAN_POINT('',(-0.0400134881648346,-0.0302582588213618,0.00033425808115097));
#11370=CARTESIAN_POINT('',(-0.0398690313058485,-0.0298959652267476,0.000667620063426649));
#11371=CARTESIAN_POINT('',(-0.039725,-0.0295325985141843,0.001));
#11372=CARTESIAN_POINT('',(-1.76941794549634E-16,-9.19403442267708E-17,
0.));
#11373=CARTESIAN_POINT('',(0.0225,-0.0389711431702998,0.001));
#11374=CARTESIAN_POINT('',(-0.00571348055305024,-0.0491691584224289,0.001));
#11375=CARTESIAN_POINT('',(-0.00595614970409548,-0.0494755765485156,0.000667620063426649));
#11376=CARTESIAN_POINT('',(-0.00619767673116671,-0.0497818266554556,0.000334258081150971));
#11377=CARTESIAN_POINT('',(-0.00643816159084583,-0.0500879234479745,1.13263534218459E-19));
#11378=CARTESIAN_POINT('',(-0.0225,-0.0389711431702998,0.));
#11379=CARTESIAN_POINT('',(0.00643816159084585,-0.0500879234479745,0.));
#11380=CARTESIAN_POINT('',(0.00619767673116674,-0.0497818266554556,0.000334258081150961));
#11381=CARTESIAN_POINT('',(0.00595614970409548,-0.0494755765485157,0.000667620063426658));
#11382=CARTESIAN_POINT('',(0.00571348055305025,-0.049169158422429,0.001));
#11383=CARTESIAN_POINT('',(-9.54097911787244E-18,8.67361737988404E-16,0.));
#11384=CARTESIAN_POINT('',(0.0225,-0.0389711431702997,0.001));
#11385=CARTESIAN_POINT('',(-0.00600817570689683,-0.051148331592292,0.));
#11386=CARTESIAN_POINT('',(-0.00547121386680241,-0.0515498109584938,0.000336093954694492));
#11387=CARTESIAN_POINT('',(-0.00492442034958749,-0.0519398338617067,0.000669457500611343));
#11388=CARTESIAN_POINT('',(-0.00436746878613635,-0.0523180199969583,0.001));
#11389=CARTESIAN_POINT('',(4.92595499010147E-18,-0.060296011282436,0.));
#11390=CARTESIAN_POINT('',(5.07614996231842E-18,-0.0598050627188729,0.000337723011865361));
#11391=CARTESIAN_POINT('',(5.04406586881802E-18,-0.0593112881735924,0.000671258672573752));
#11392=CARTESIAN_POINT('',(5.08085201112128E-18,-0.0588142780032843,0.001));
#11393=CARTESIAN_POINT('',(-0.0224999999999997,-0.0389711431703,0.));
#11394=CARTESIAN_POINT('',(0.00436746878613634,-0.0523180199969583,0.001));
#11395=CARTESIAN_POINT('',(0.00492442034958748,-0.0519398338617067,0.00066945750061134));
#11396=CARTESIAN_POINT('',(0.00547121386680239,-0.0515498109584938,0.000336093954694497));
#11397=CARTESIAN_POINT('',(0.00600817570689682,-0.051148331592292,1.98620148301723E-18));
#11398=CARTESIAN_POINT('',(-9.10729824887824E-18,-5.48172618408671E-16,
0.001));
#11399=CARTESIAN_POINT('',(0.045,-2.37657116208822E-16,0.));
#11400=CARTESIAN_POINT('',(0.0412916666666667,-0.0307773985887191,0.));
#11401=CARTESIAN_POINT('',(0.0419078389169399,-0.0305131156774354,0.000336093954694496));
#11402=CARTESIAN_POINT('',(0.0425190054177875,-0.030234590052509,0.000669457500611339));
#11403=CARTESIAN_POINT('',(0.043125,-0.0299413489175087,0.001));
#11404=CARTESIAN_POINT('',(0.0522178775174625,-0.0301480056412179,0.));
#11405=CARTESIAN_POINT('',(0.0517927035894654,-0.0299025313594364,0.00033772301186536));
#11406=CARTESIAN_POINT('',(0.0513650822895103,-0.0296556440867961,0.000671258672573753));
#11407=CARTESIAN_POINT('',(0.0509346588560843,-0.0294071390016421,0.001));
#11408=CARTESIAN_POINT('',(0.0225,-0.0389711431702997,0.001));
#11409=CARTESIAN_POINT('',(0.0474924687861362,-0.0223766710794496,0.001));
#11410=CARTESIAN_POINT('',(0.0474434257673748,-0.0217052438091976,0.000669457500611344));
#11411=CARTESIAN_POINT('',(0.0473790527837422,-0.0210366952810585,0.00033609395469449));
#11412=CARTESIAN_POINT('',(0.0472998423735634,-0.020370933003573,-1.46935309652181E-18));
#11413=CARTESIAN_POINT('',(3.12250225675826E-16,-1.61329283265843E-16,0.001));
#11414=CARTESIAN_POINT('',(0.045,6.93889390390723E-18,0.));
#11415=CARTESIAN_POINT('',(0.039725,-0.0295325985141843,0.001));
#11416=CARTESIAN_POINT('',(0.0398690313058484,-0.0298959652267476,0.000667620063426651));
#11417=CARTESIAN_POINT('',(0.0400134881648345,-0.0302582588213618,0.000334258081150968));
#11418=CARTESIAN_POINT('',(0.0401583333333333,-0.0306195732153289,-6.15246360752389E-19));
#11419=CARTESIAN_POINT('',(0.0225,-0.0389711431702998,0.001));
#11420=CARTESIAN_POINT('',(0.0465964949241791,-0.0194683502326457,0.));
#11421=CARTESIAN_POINT('',(0.0462111648960012,-0.0195235678340939,0.000334258081150981));
#11422=CARTESIAN_POINT('',(0.0458251810099438,-0.0195796113217681,0.000667620063426639));
#11423=CARTESIAN_POINT('',(0.0454384805530501,-0.0196365599082447,0.001));
#11424=CARTESIAN_POINT('',(5.79397640976254E-16,-2.84494650060197E-16,0.));
#11425=CARTESIAN_POINT('',(6.59194920871187E-17,-1.07552855510562E-16,0.001));
#11426=CARTESIAN_POINT('',(-0.00943945305923387,0.0506275293288397,0.));
#11427=CARTESIAN_POINT('',(-0.00968687420890369,0.0509197340391207,0.00033260432753296));
#11428=CARTESIAN_POINT('',(-0.00993345784119463,0.0512117914136569,0.000665957357844209));
#11429=CARTESIAN_POINT('',(-0.0101792700566813,0.0515037130808367,0.001));
#11430=CARTESIAN_POINT('',(-0.039125,0.033488570811547,0.));
#11431=CARTESIAN_POINT('',(-0.0392543461273739,0.0338489461677352,0.000332604327532964));
#11432=CARTESIAN_POINT('',(-0.0393839834169394,0.0342085225447247,0.000665957357844204));
#11433=CARTESIAN_POINT('',(-0.0395138888888889,0.0345673630014866,0.001));
#11434=CARTESIAN_POINT('',(-0.045,1.04083408558608E-17,0.001));
#11435=CARTESIAN_POINT('',(-0.0529315788714275,0.033061912476539,0.));
#11436=CARTESIAN_POINT('',(-0.0526705504418411,0.0334675659147535,0.000333567967444225));
#11437=CARTESIAN_POINT('',(-0.0524029678031546,0.033869044940969,0.000666901905612905));
#11438=CARTESIAN_POINT('',(-0.0521287801384277,0.0342663171895954,0.001));
#11439=CARTESIAN_POINT('',(0.0225,0.0389711431702998,0.));
#11440=CARTESIAN_POINT('',(-0.00216666666666666,0.0623710482033455,0.));
#11441=CARTESIAN_POINT('',(-0.00264848706408611,0.0623478176713209,0.000333567967444232));
#11442=CARTESIAN_POINT('',(-0.00312996941921864,0.0623168238217146,0.000666901905612898));
#11443=CARTESIAN_POINT('',(-0.00361111111111113,0.0622780064629699,0.001));
#11444=CARTESIAN_POINT('',(-0.0225,0.0389711431702998,0.001));
#11445=CARTESIAN_POINT('',(-0.0225,0.0389711431702997,0.001));
#11446=CARTESIAN_POINT('',(-0.0224999999999996,0.0389711431702998,0.));
#11447=CARTESIAN_POINT('',(-0.05582515571859,0.0322306686816808,0.));
#11448=CARTESIAN_POINT('',(-0.0562075298846585,0.0324514325093916,0.000331018402303055));
#11449=CARTESIAN_POINT('',(-0.0565883295507096,0.0326712872990935,0.000664435426919479));
#11450=CARTESIAN_POINT('',(-0.0569677195262583,0.0328903282036044,0.001));
#11451=CARTESIAN_POINT('',(-0.0225,0.0389711431702997,0.));
#11452=CARTESIAN_POINT('',(-1.74698706937581E-17,0.0644613373633616,0.));
#11453=CARTESIAN_POINT('',(-1.70624648732522E-17,0.0649028650187832,0.000331018402303066));
#11454=CARTESIAN_POINT('',(-5.1885064309871E-18,0.0653425745981871,0.000664435426919467));
#11455=CARTESIAN_POINT('',(-4.7345624873447E-18,0.0657806564072089,0.001));
#11456=CARTESIAN_POINT('',(-0.045,-6.41847686111419E-17,0.001));
#11457=CARTESIAN_POINT('',(0.0225000000000003,0.0389711431702991,0.));
#11458=CARTESIAN_POINT('',(-0.045,3.20923843055709E-17,0.));
#11459=CARTESIAN_POINT('',(-0.0550982455380941,0.0293091357268064,0.));
#11460=CARTESIAN_POINT('',(-0.0553190375059271,0.0288802517565674,0.000333567967444244));
#11461=CARTESIAN_POINT('',(-0.0555329372223732,0.0284477788807455,0.000666901905612885));
#11462=CARTESIAN_POINT('',(-0.0557398912495388,0.0280116892733744,0.001));
#11463=CARTESIAN_POINT('',(0.0225,0.0389711431702998,0.001));
#11464=CARTESIAN_POINT('',(0.00216666666666669,0.0623710482033455,0.));
#11465=CARTESIAN_POINT('',(0.00264848706408613,0.0623478176713209,0.000333567967444228));
#11466=CARTESIAN_POINT('',(0.00312996941921865,0.0623168238217145,0.000666901905612901));
#11467=CARTESIAN_POINT('',(0.00361111111111113,0.0622780064629699,0.001));
#11468=CARTESIAN_POINT('',(-0.0225,0.0389711431702998,0.));
#11469=CARTESIAN_POINT('',(-0.0485644530592338,0.0171389585172927,0.));
#11470=CARTESIAN_POINT('',(-0.0489412203362775,0.0170707878713856,0.000332604327532962));
#11471=CARTESIAN_POINT('',(-0.0493174412581339,0.0170032688689324,0.000665957357844206));
#11472=CARTESIAN_POINT('',(-0.0496931589455701,0.0169363500793503,0.001));
#11473=CARTESIAN_POINT('',(-0.0225,0.0389711431702998,0.));
#11474=CARTESIAN_POINT('',(0.00943945305923389,0.0506275293288397,0.));
#11475=CARTESIAN_POINT('',(0.0096868742089037,0.0509197340391207,0.000332604327532956));
#11476=CARTESIAN_POINT('',(0.00993345784119464,0.0512117914136569,0.000665957357844212));
#11477=CARTESIAN_POINT('',(0.0101792700566813,0.0515037130808367,0.001));
#11478=CARTESIAN_POINT('',(0.,6.93889390390723E-18,0.001));
#11479=CARTESIAN_POINT('',(-0.0485644530592338,-0.0171389585172927,0.));
#11480=CARTESIAN_POINT('',(-0.0489412203362775,-0.0170707878713856,0.000332604327532961));
#11481=CARTESIAN_POINT('',(-0.0493174412581339,-0.0170032688689323,0.000665957357844208));
#11482=CARTESIAN_POINT('',(-0.0496931589455701,-0.0169363500793502,0.001));
#11483=CARTESIAN_POINT('',(-2.86229373536173E-17,-5.20417042793042E-17,
0.001));
#11484=CARTESIAN_POINT('',(0.039125,0.033488570811547,0.));
#11485=CARTESIAN_POINT('',(0.0392543461273739,0.0338489461677352,0.000332604327532965));
#11486=CARTESIAN_POINT('',(0.0393839834169394,0.0342085225447247,0.000665957357844204));
#11487=CARTESIAN_POINT('',(0.0395138888888888,0.0345673630014866,0.001));
#11488=CARTESIAN_POINT('',(-0.0225,-0.0389711431702998,0.001));
#11489=CARTESIAN_POINT('',(-0.0550982455380942,-0.0293091357268064,0.));
#11490=CARTESIAN_POINT('',(-0.0553190375059272,-0.0288802517565674,0.000333567967444237));
#11491=CARTESIAN_POINT('',(-0.0555329372223732,-0.0284477788807455,0.000666901905612893));
#11492=CARTESIAN_POINT('',(-0.0557398912495388,-0.0280116892733744,0.001));
#11493=CARTESIAN_POINT('',(0.045,0.,0.001));
#11494=CARTESIAN_POINT('',(0.0529315788714275,0.033061912476539,0.));
#11495=CARTESIAN_POINT('',(0.0526705504418411,0.0334675659147535,0.000333567967444232));
#11496=CARTESIAN_POINT('',(0.0524029678031546,0.033869044940969,0.000666901905612898));
#11497=CARTESIAN_POINT('',(0.0521287801384277,0.0342663171895954,0.001));
#11498=CARTESIAN_POINT('',(-0.045,-3.12250225675825E-17,0.));
#11499=CARTESIAN_POINT('',(0.0225,0.0389711431702998,0.001));
#11500=CARTESIAN_POINT('',(-0.045,9.8879238130678E-17,0.001));
#11501=CARTESIAN_POINT('',(-0.05582515571859,-0.0322306686816808,0.));
#11502=CARTESIAN_POINT('',(-0.0562075298846585,-0.0324514325093916,0.000331018402303051));
#11503=CARTESIAN_POINT('',(-0.0565883295507096,-0.0326712872990935,0.000664435426919483));
#11504=CARTESIAN_POINT('',(-0.0569677195262583,-0.0328903282036044,0.001));
#11505=CARTESIAN_POINT('',(0.0224999999999996,0.0389711431702999,0.));
#11506=CARTESIAN_POINT('',(0.05582515571859,0.0322306686816808,0.));
#11507=CARTESIAN_POINT('',(0.0562075298846585,0.0324514325093916,0.000331018402303054));
#11508=CARTESIAN_POINT('',(0.0565883295507096,0.0326712872990935,0.00066443542691948));
#11509=CARTESIAN_POINT('',(0.0569677195262583,0.0328903282036044,0.001));
#11510=CARTESIAN_POINT('',(-0.0224999999999996,-0.0389711431702998,0.001));
#11511=CARTESIAN_POINT('',(0.045,-2.09901540593193E-16,0.001));
#11512=CARTESIAN_POINT('',(-0.0225,-0.0389711431702998,0.));
#11513=CARTESIAN_POINT('',(-0.0529315788714275,-0.033061912476539,0.));
#11514=CARTESIAN_POINT('',(-0.0526705504418411,-0.0334675659147534,0.000333567967444226));
#11515=CARTESIAN_POINT('',(-0.0524029678031546,-0.033869044940969,0.000666901905612903));
#11516=CARTESIAN_POINT('',(-0.0521287801384277,-0.0342663171895954,0.001));
#11517=CARTESIAN_POINT('',(0.045,2.42861286636753E-17,0.));
#11518=CARTESIAN_POINT('',(0.0550982455380942,0.0293091357268065,0.));
#11519=CARTESIAN_POINT('',(0.0553190375059272,0.0288802517565674,0.00033356796744423));
#11520=CARTESIAN_POINT('',(0.0555329372223732,0.0284477788807455,0.0006669019056129));
#11521=CARTESIAN_POINT('',(0.0557398912495388,0.0280116892733745,0.001));
#11522=CARTESIAN_POINT('',(-0.045,-1.04083408558608E-16,0.001));
#11523=CARTESIAN_POINT('',(-0.039125,-0.033488570811547,0.));
#11524=CARTESIAN_POINT('',(-0.0392543461273739,-0.0338489461677352,0.000332604327532968));
#11525=CARTESIAN_POINT('',(-0.0393839834169394,-0.0342085225447246,0.0006659573578442));
#11526=CARTESIAN_POINT('',(-0.0395138888888889,-0.0345673630014865,0.001));
#11527=CARTESIAN_POINT('',(0.0225,0.0389711431702998,0.));
#11528=CARTESIAN_POINT('',(0.0485644530592338,0.0171389585172927,0.));
#11529=CARTESIAN_POINT('',(0.0489412203362775,0.0170707878713856,0.000332604327532959));
#11530=CARTESIAN_POINT('',(0.0493174412581339,0.0170032688689323,0.00066595735784421));
#11531=CARTESIAN_POINT('',(0.0496931589455701,0.0169363500793502,0.001));
#11532=CARTESIAN_POINT('',(6.50521303491303E-17,1.00613961606655E-16,0.001));
#11533=CARTESIAN_POINT('',(-0.00943945305923388,-0.0506275293288397,0.));
#11534=CARTESIAN_POINT('',(-0.00968687420890369,-0.0509197340391207,0.000332604327532958));
#11535=CARTESIAN_POINT('',(-0.00993345784119461,-0.0512117914136569,0.00066595735784421));
#11536=CARTESIAN_POINT('',(-0.0101792700566813,-0.0515037130808367,0.001));
#11537=CARTESIAN_POINT('',(-1.38777878078145E-17,-5.20417042793042E-18,
0.001));
#11538=CARTESIAN_POINT('',(0.0485644530592338,-0.0171389585172927,0.));
#11539=CARTESIAN_POINT('',(0.0489412203362775,-0.0170707878713856,0.000332604327532959));
#11540=CARTESIAN_POINT('',(0.0493174412581339,-0.0170032688689324,0.000665957357844209));
#11541=CARTESIAN_POINT('',(0.0496931589455701,-0.0169363500793503,0.001));
#11542=CARTESIAN_POINT('',(0.0225,-0.0389711431702998,0.));
#11543=CARTESIAN_POINT('',(-0.00216666666666668,-0.0623710482033455,0.));
#11544=CARTESIAN_POINT('',(-0.00264848706408612,-0.0623478176713209,0.000333567967444228));
#11545=CARTESIAN_POINT('',(-0.00312996941921865,-0.0623168238217146,0.000666901905612901));
#11546=CARTESIAN_POINT('',(-0.00361111111111113,-0.0622780064629699,0.001));
#11547=CARTESIAN_POINT('',(0.0225,-0.0389711431702999,0.));
#11548=CARTESIAN_POINT('',(0.0550982455380942,-0.0293091357268065,0.));
#11549=CARTESIAN_POINT('',(0.0553190375059272,-0.0288802517565674,0.000333567967444231));
#11550=CARTESIAN_POINT('',(0.0555329372223732,-0.0284477788807455,0.000666901905612899));
#11551=CARTESIAN_POINT('',(0.0557398912495388,-0.0280116892733745,0.001));
#11552=CARTESIAN_POINT('',(-0.0225,-0.0389711431702997,0.));
#11553=CARTESIAN_POINT('',(0.045,-4.59701721133854E-17,0.));
#11554=CARTESIAN_POINT('',(-0.0225000000000002,-0.0389711431702993,0.001));
#11555=CARTESIAN_POINT('',(3.85794620860005E-18,-0.0644613373633616,0.));
#11556=CARTESIAN_POINT('',(3.93201999414656E-18,-0.0649028650187832,0.000331018402303051));
#11557=CARTESIAN_POINT('',(-7.05037239671771E-18,-0.065342574598187,0.000664435426919482));
#11558=CARTESIAN_POINT('',(-7.12602972065811E-18,-0.0657806564072088,0.001));
#11559=CARTESIAN_POINT('',(0.045,9.19403442267708E-17,0.001));
#11560=CARTESIAN_POINT('',(0.05582515571859,-0.0322306686816808,0.));
#11561=CARTESIAN_POINT('',(0.0562075298846585,-0.0324514325093916,0.000331018402303058));
#11562=CARTESIAN_POINT('',(0.0565883295507096,-0.0326712872990935,0.000664435426919475));
#11563=CARTESIAN_POINT('',(0.0569677195262583,-0.0328903282036044,0.001));
#11564=CARTESIAN_POINT('',(0.0225000000000003,-0.0389711431702992,0.));
#11565=CARTESIAN_POINT('',(0.0224999999999995,-0.0389711431702998,0.));
#11566=CARTESIAN_POINT('',(0.0225,-0.0389711431702996,0.001));
#11567=CARTESIAN_POINT('',(0.00216666666666667,-0.0623710482033455,0.));
#11568=CARTESIAN_POINT('',(0.00264848706408612,-0.0623478176713209,0.000333567967444233));
#11569=CARTESIAN_POINT('',(0.00312996941921865,-0.0623168238217146,0.000666901905612896));
#11570=CARTESIAN_POINT('',(0.00361111111111114,-0.0622780064629699,0.001));
#11571=CARTESIAN_POINT('',(0.0225,-0.0389711431702998,0.001));
#11572=CARTESIAN_POINT('',(0.0529315788714275,-0.033061912476539,0.));
#11573=CARTESIAN_POINT('',(0.0526705504418411,-0.0334675659147535,0.000333567967444232));
#11574=CARTESIAN_POINT('',(0.0524029678031546,-0.033869044940969,0.000666901905612897));
#11575=CARTESIAN_POINT('',(0.0521287801384277,-0.0342663171895954,0.001));
#11576=CARTESIAN_POINT('',(-0.0225,-0.0389711431702998,0.001));
#11577=CARTESIAN_POINT('',(0.00943945305923386,-0.0506275293288397,0.));
#11578=CARTESIAN_POINT('',(0.00968687420890368,-0.0509197340391207,0.000332604327532957));
#11579=CARTESIAN_POINT('',(0.00993345784119461,-0.0512117914136569,0.000665957357844212));
#11580=CARTESIAN_POINT('',(0.0101792700566813,-0.0515037130808367,0.001));
#11581=CARTESIAN_POINT('',(0.045,2.1163626406917E-16,0.001));
#11582=CARTESIAN_POINT('',(0.0395138888888888,-0.0345673630014866,0.001));
#11583=CARTESIAN_POINT('',(0.0393839834169394,-0.0342085225447247,0.000665957357844203));
#11584=CARTESIAN_POINT('',(0.0392543461273739,-0.0338489461677351,0.000332604327532967));
#11585=CARTESIAN_POINT('',(0.039125,-0.033488570811547,1.3712154241169E-18));
#11586=CARTESIAN_POINT('',(-3.81639164714897E-17,5.89805981832114E-17,0.001));
#11587=CARTESIAN_POINT('',(-4.5102810375397E-17,5.55111512312578E-17,0.));
#11588=CARTESIAN_POINT('',(-0.00981670643525827,0.0495366760568769,0.));
#11589=CARTESIAN_POINT('',(-0.0103079560730385,0.049101254948224,0.000331621008458447));
#11590=CARTESIAN_POINT('',(-0.0107892366811777,0.0486563390065549,0.000664966529697082));
#11591=CARTESIAN_POINT('',(-0.0112607596264876,0.0482021295446007,0.001));
#11592=CARTESIAN_POINT('',(-0.0379916666666667,0.0332698551828663,0.));
#11593=CARTESIAN_POINT('',(-0.0373689561063391,0.0334775792944573,0.000331621008458439));
#11594=CARTESIAN_POINT('',(-0.0367430072942355,0.0336719225566203,0.00066496652969709));
#11595=CARTESIAN_POINT('',(-0.0361138888888889,0.0338531686747487,0.001));
#11596=CARTESIAN_POINT('',(-0.045,-8.67361737988404E-19,0.001));
#11597=CARTESIAN_POINT('',(0.0225,0.0389711431702998,0.));
#11598=CARTESIAN_POINT('',(-0.0225,0.0389711431702998,0.));
#11599=CARTESIAN_POINT('',(-0.0478083731019248,0.0162668208740108,0.));
#11600=CARTESIAN_POINT('',(-0.0476769121793775,0.0156236756537667,0.000331621008458446));
#11601=CARTESIAN_POINT('',(-0.0475322439754131,0.0149844164499348,0.000664966529697083));
#11602=CARTESIAN_POINT('',(-0.0473746485153764,0.0143489608698521,0.001));
#11603=CARTESIAN_POINT('',(-0.0225,0.0389711431702998,0.));
#11604=CARTESIAN_POINT('',(0.00981670643525829,0.0495366760568768,0.));
#11605=CARTESIAN_POINT('',(0.0103079560730385,0.0491012549482239,0.000331621008458436));
#11606=CARTESIAN_POINT('',(0.0107892366811777,0.0486563390065549,0.000664966529697093));
#11607=CARTESIAN_POINT('',(0.0112607596264876,0.0482021295446007,0.001));
#11608=CARTESIAN_POINT('',(-2.77555756156289E-17,-4.33680868994202E-18,
0.));
#11609=CARTESIAN_POINT('',(-0.0478083731019248,-0.0162668208740108,0.));
#11610=CARTESIAN_POINT('',(-0.0476769121793775,-0.0156236756537667,0.000331621008458444));
#11611=CARTESIAN_POINT('',(-0.0475322439754131,-0.0149844164499348,0.000664966529697085));
#11612=CARTESIAN_POINT('',(-0.0473746485153764,-0.0143489608698521,0.001));
#11613=CARTESIAN_POINT('',(4.68375338513738E-17,5.55111512312578E-17,0.));
#11614=CARTESIAN_POINT('',(0.0379916666666667,0.0332698551828662,0.));
#11615=CARTESIAN_POINT('',(0.0373689561063391,0.0334775792944573,0.000331621008458443));
#11616=CARTESIAN_POINT('',(0.0367430072942355,0.0336719225566203,0.000664966529697086));
#11617=CARTESIAN_POINT('',(0.0361138888888889,0.0338531686747487,0.001));
#11618=CARTESIAN_POINT('',(-0.0225,-0.0389711431702998,0.001));
#11619=CARTESIAN_POINT('',(0.045,1.04083408558608E-17,0.001));
#11620=CARTESIAN_POINT('',(-0.045,3.46944695195361E-18,0.001));
#11621=CARTESIAN_POINT('',(-0.0379916666666667,-0.0332698551828662,0.));
#11622=CARTESIAN_POINT('',(-0.0373689561063391,-0.0334775792944573,0.000331621008458451));
#11623=CARTESIAN_POINT('',(-0.0367430072942354,-0.0336719225566202,0.000664966529697078));
#11624=CARTESIAN_POINT('',(-0.0361138888888888,-0.0338531686747487,0.001));
#11625=CARTESIAN_POINT('',(0.0225,0.0389711431702998,0.));
#11626=CARTESIAN_POINT('',(0.0478083731019248,0.0162668208740108,0.));
#11627=CARTESIAN_POINT('',(0.0476769121793775,0.0156236756537667,0.000331621008458444));
#11628=CARTESIAN_POINT('',(0.0475322439754131,0.0149844164499348,0.000664966529697085));
#11629=CARTESIAN_POINT('',(0.0473746485153764,0.0143489608698521,0.001));
#11630=CARTESIAN_POINT('',(-7.02563007770607E-17,-1.04083408558608E-16,
0.));
#11631=CARTESIAN_POINT('',(-0.00981670643525828,-0.0495366760568768,0.));
#11632=CARTESIAN_POINT('',(-0.0103079560730385,-0.0491012549482239,0.000331621008458439));
#11633=CARTESIAN_POINT('',(-0.0107892366811778,-0.0486563390065549,0.00066496652969709));
#11634=CARTESIAN_POINT('',(-0.0112607596264876,-0.0482021295446007,0.001));
#11635=CARTESIAN_POINT('',(2.77555756156289E-17,0.,0.));
#11636=CARTESIAN_POINT('',(0.0478083731019248,-0.0162668208740108,0.));
#11637=CARTESIAN_POINT('',(0.0476769121793775,-0.0156236756537667,0.000331621008458449));
#11638=CARTESIAN_POINT('',(0.0475322439754131,-0.0149844164499348,0.00066496652969708));
#11639=CARTESIAN_POINT('',(0.0473746485153764,-0.0143489608698521,0.001));
#11640=CARTESIAN_POINT('',(0.0225,-0.0389711431702998,0.));
#11641=CARTESIAN_POINT('',(0.0225,-0.0389711431702998,0.));
#11642=CARTESIAN_POINT('',(-0.0225,-0.0389711431702998,0.001));
#11643=CARTESIAN_POINT('',(0.0112607596264876,-0.0482021295446007,0.001));
#11644=CARTESIAN_POINT('',(0.0107892366811777,-0.0486563390065549,0.000664966529697084));
#11645=CARTESIAN_POINT('',(0.0103079560730385,-0.049101254948224,0.000331621008458447));
#11646=CARTESIAN_POINT('',(0.00981670643525828,-0.0495366760568769,2.50785530386469E-18));
#11647=CARTESIAN_POINT('',(0.045,9.54097911787244E-18,0.001));
#11648=CARTESIAN_POINT('',(0.0379916666666667,-0.0332698551828662,0.));
#11649=CARTESIAN_POINT('',(0.0373689561063391,-0.0334775792944573,0.000331621008458444));
#11650=CARTESIAN_POINT('',(0.0367430072942355,-0.0336719225566202,0.000664966529697086));
#11651=CARTESIAN_POINT('',(0.0361138888888889,-0.0338531686747487,0.001));
#11652=CARTESIAN_POINT('',(6.15826833971767E-17,-1.00613961606655E-16,0.));
#11653=CARTESIAN_POINT('',(-9.32413868337534E-18,1.59594559789866E-16,0.00186602540378444));
#11654=CARTESIAN_POINT('',(1.17093834628434E-17,-2.08166817117217E-17,0.00186602540378444));
#11655=CARTESIAN_POINT('',(4.4582393332604E-16,-2.2291196666302E-16,0.00186602540378444));
#11656=CARTESIAN_POINT('',(6.93889390390723E-18,-2.60208521396521E-18,0.00186602540378444));
#11657=CARTESIAN_POINT('',(2.42861286636753E-16,1.53523027623947E-16,0.00186602540378445));
#11658=CARTESIAN_POINT('',(9.10729824887824E-18,1.7347234759768E-18,0.00186602540378444));
#11659=CARTESIAN_POINT('',(1.7347234759768E-17,-2.18575157973077E-16,0.00186602540378444));
#11660=CARTESIAN_POINT('',(1.04083408558608E-17,-2.60208521396521E-17,0.00186602540378444));
#11661=CARTESIAN_POINT('',(-4.42354486374086E-16,2.27248775352962E-16,0.00186602540378444));
#11662=CARTESIAN_POINT('',(-1.38777878078145E-17,1.3010426069826E-18,0.00186602540378444));
#11663=CARTESIAN_POINT('',(4.71844785465692E-16,2.41993924898765E-16,0.00186602540378444));
#11664=CARTESIAN_POINT('',(-2.60208521396521E-18,-1.7347234759768E-18,0.00186602540378444));
#11665=CARTESIAN_POINT('',(0.,0.,0.225));
#11666=CARTESIAN_POINT('',(0.,6.12323399573677E-19,0.225));
#11667=CARTESIAN_POINT('',(0.007,6.12323399573677E-19,0.225));
#11668=CARTESIAN_POINT('',(0.,6.12323399573677E-19,0.222));
#11669=CARTESIAN_POINT('',(0.03625,0.0627868417743718,0.1));
#11670=CARTESIAN_POINT('',(0.0364862987983164,0.0631961232988232,0.001));
#11671=CARTESIAN_POINT('',(0.0364862987983164,0.0631961232988231,0.03));
#11672=CARTESIAN_POINT('',(0.0364862987983164,0.0631961232988232,0.007));
#11673=CARTESIAN_POINT('',(0.036,0.0623538290724796,0.007));
#11674=CARTESIAN_POINT('',(0.0359861084308939,0.0623297681689909,0.007));
#11675=CARTESIAN_POINT('',(0.0359861084308939,0.0623297681689909,0.1));
#11676=CARTESIAN_POINT('',(0.0359861084308939,0.0623297681689909,0.03));
#11677=CARTESIAN_POINT('',(0.0359861084308939,0.0623297681689909,0.03));
#11678=CARTESIAN_POINT('',(0.036152838553368,0.0626185532122683,0.03));
#11679=CARTESIAN_POINT('',(0.0363195686758422,0.0629073382555457,0.03));
#11680=CARTESIAN_POINT('',(0.0364862987983163,0.0631961232988231,0.03));
#11681=CARTESIAN_POINT('',(0.0725,2.10753832000075E-18,0.1));
#11682=CARTESIAN_POINT('',(0.0719722168617864,2.4878328022892E-18,0.001));
#11683=CARTESIAN_POINT('',(0.0719722168617864,3.64813474762284E-18,0.03));
#11684=CARTESIAN_POINT('',(0.0719722168617864,2.4878328022892E-18,0.007));
#11685=CARTESIAN_POINT('',(0.0725,2.10753832000075E-18,0.007));
#11686=CARTESIAN_POINT('',(0.0729725975966321,1.76700781546379E-18,0.007));
#11687=CARTESIAN_POINT('',(0.0729725975966321,1.76700781546379E-18,0.1));
#11688=CARTESIAN_POINT('',(0.0729725975966321,2.93736957103497E-18,0.03));
#11689=CARTESIAN_POINT('',(0.0729725975966321,1.76700781546381E-18,0.03));
#11690=CARTESIAN_POINT('',(0.0726391373516835,2.00728281107227E-18,0.03));
#11691=CARTESIAN_POINT('',(0.072305677106735,2.24755780668073E-18,0.03));
#11692=CARTESIAN_POINT('',(0.0719722168617864,2.48783280228919E-18,0.03));
#11693=CARTESIAN_POINT('',(0.0730382467252679,2.08955327788115E-18,0.03));
#11694=CARTESIAN_POINT('',(0.0619654270286941,1.00680806863821E-17,0.03));
#11695=CARTESIAN_POINT('',(0.0730382467252679,1.38729758651937E-18,0.0638154111814817));
#11696=CARTESIAN_POINT('',(0.0619654270286941,9.36582499502027E-18,0.0638154111814817));
#11697=CARTESIAN_POINT('',(0.0730382467252679,0.0122515932147072,0.0853792291482562));
#11698=CARTESIAN_POINT('',(0.0619654270286941,0.0122515932147072,0.0853792291482562));
#11699=CARTESIAN_POINT('',(0.073038246725268,0.0367547796441216,0.0946914539003234));
#11700=CARTESIAN_POINT('',(0.0619654270286942,0.0367547796441216,0.0946914539003234));
#11701=CARTESIAN_POINT('',(0.0629040328249559,0.0363176602849322,0.0945235261409575));
#11702=CARTESIAN_POINT('',(0.0626120306578032,0.0361490727551256,0.0944580599571034));
#11703=CARTESIAN_POINT('',(0.0623210451019279,0.0359810721661135,0.094392006832454));
#11704=CARTESIAN_POINT('',(0.06203107615733,0.0358136585178958,0.0943253667670092));
#11705=CARTESIAN_POINT('',(0.06203107615733,0.0358136585178958,0.0943253667670091));
#11706=CARTESIAN_POINT('',(0.0629040328249559,0.0363176602849322,0.0945235261409574));
#11707=CARTESIAN_POINT('',(0.06203107615733,0.0358136585178958,0.0943253667670091));
#11708=CARTESIAN_POINT('',(0.0636186898255558,0.0330323977243736,0.0932182682522067));
#11709=CARTESIAN_POINT('',(0.0656430881270727,0.0288507247806545,0.0912167756679622));
#11710=CARTESIAN_POINT('',(0.0676992482768204,0.0234454285422368,0.0876724839301164));
#11711=CARTESIAN_POINT('',(0.0689064041844604,0.0196578386585129,0.0846382316275691));
#11712=CARTESIAN_POINT('',(0.0698416184588454,0.0161351768687289,0.0812038449285468));
#11713=CARTESIAN_POINT('',(0.0707811343824394,0.011815817371601,0.0760403235487764));
#11714=CARTESIAN_POINT('',(0.0713094389618609,0.00834726541967916,0.0703607911297911));
#11715=CARTESIAN_POINT('',(0.0716199393159542,0.00560192051085769,0.0641847837950696));
#11716=CARTESIAN_POINT('',(0.0718162453526423,0.00337532530784634,0.0578630126105091));
#11717=CARTESIAN_POINT('',(0.071923914705858,0.00146331496779022,0.0498297909915255));
#11718=CARTESIAN_POINT('',(0.0719663786514365,0.000238638833745135,0.0399981411875248));
#11719=CARTESIAN_POINT('',(0.0719722168617864,4.62935475393203E-18,0.0333464397800454));
#11720=CARTESIAN_POINT('',(0.0719722168617864,4.8084366929565E-18,0.03));
#11721=CARTESIAN_POINT('',(0.0729725975966321,4.08396799131879E-18,0.03));
#11722=CARTESIAN_POINT('',(0.0729725975966321,3.92368849234677E-18,0.0333700822173462));
#11723=CARTESIAN_POINT('',(0.0729667975711287,0.000241500444200965,0.040067873981228));
#11724=CARTESIAN_POINT('',(0.0729240257723178,0.00148696826479784,0.0499700601516743));
#11725=CARTESIAN_POINT('',(0.0727940182555901,0.00381018794977847,0.0596642957876164));
#11726=CARTESIAN_POINT('',(0.0724969561742312,0.00696377275037507,0.0676043489416041));
#11727=CARTESIAN_POINT('',(0.0720308816650797,0.0102480209409586,0.0734675801500933));
#11728=CARTESIAN_POINT('',(0.0715256104347948,0.0131105429578415,0.0776173050972369));
#11729=CARTESIAN_POINT('',(0.0708090435439242,0.0164003527644993,0.0814889313410209));
#11730=CARTESIAN_POINT('',(0.0698603644923608,0.0199722186004294,0.0849152542366679));
#11731=CARTESIAN_POINT('',(0.0686352643275028,0.0238135990258301,0.0879384409315136));
#11732=CARTESIAN_POINT('',(0.06655007757179,0.029290454655751,0.0914595731145853));
#11733=CARTESIAN_POINT('',(0.0645063669845399,0.0335096277330948,0.093433106371965));
#11734=CARTESIAN_POINT('',(0.0629040328249559,0.0363176602849322,0.0945235261409574));
#11735=CARTESIAN_POINT('',(0.0309827135144949,0.053663633963456,0.03));
#11736=CARTESIAN_POINT('',(0.0365191233626334,0.0632529771119566,0.03));
#11737=CARTESIAN_POINT('',(0.0309827135142754,0.0536636339635827,0.0638154111815049));
#11738=CARTESIAN_POINT('',(0.0365191233624139,0.0632529771120833,0.0638154111815049));
#11739=CARTESIAN_POINT('',(0.0415929044749015,0.0475378373563119,0.0853792291482857));
#11740=CARTESIAN_POINT('',(0.04712931432304,0.0571271805048125,0.0853792291482857));
#11741=CARTESIAN_POINT('',(0.062813286396373,0.0352862441416436,0.0946914539003425));
#11742=CARTESIAN_POINT('',(0.0683496962445116,0.0448755872901442,0.0946914539003425));
#11743=CARTESIAN_POINT('',(0.0359861084308939,0.0623297681689909,0.03));
#11744=CARTESIAN_POINT('',(0.0359861084308851,0.0623297681689999,0.0333464397800304));
#11745=CARTESIAN_POINT('',(0.0361898566180432,0.0622053927136708,0.0399981411874807));
#11746=CARTESIAN_POINT('',(0.0372292252887092,0.0615562797910666,0.0498297909914409));
#11747=CARTESIAN_POINT('',(0.0388312401388518,0.0605070302259801,0.0578630126103971));
#11748=CARTESIAN_POINT('',(0.0406613751302225,0.059223726609824,0.0641847837949339));
#11749=CARTESIAN_POINT('',(0.0428836633863305,0.0575821529609241,0.0703607911296545));
#11750=CARTESIAN_POINT('',(0.0456233652012884,0.0553903517982988,0.0760403235486385));
#11751=CARTESIAN_POINT('',(0.0488942822920454,0.0524170273927008,0.0812038449284289));
#11752=CARTESIAN_POINT('',(0.0514773897537263,0.0498457771782531,0.0846382316274746));
#11753=CARTESIAN_POINT('',(0.0541539608583105,0.0469065545540957,0.0876724839300443));
#11754=CARTESIAN_POINT('',(0.0578070046408726,0.0424232195110262,0.0912167756679232));
#11755=CARTESIAN_POINT('',(0.0604162404897048,0.0385792026827145,0.0932182682521968));
#11756=CARTESIAN_POINT('',(0.0620310761573423,0.035813658517903,0.094325366767012));
#11757=CARTESIAN_POINT('',(0.0629040328249685,0.0363176602849395,0.0945235261409602));
#11758=CARTESIAN_POINT('',(0.0612733723802058,0.0391093386483812,0.0934331063719547));
#11759=CARTESIAN_POINT('',(0.0586413166058774,0.0429888304735562,0.0914595731145457));
#11760=CARTESIAN_POINT('',(0.0549408138753769,0.0475330829905301,0.0879384409314385));
#11761=CARTESIAN_POINT('',(0.0522266309238278,0.0505147410681284,0.0849152542365702));
#11762=CARTESIAN_POINT('',(0.0496076438968057,0.0531222541447422,0.0814889313409001));
#11763=CARTESIAN_POINT('',(0.0471168684760828,0.0553877241790336,0.0776173050970989));
#11764=CARTESIAN_POINT('',(0.0448904873057445,0.0572565629086624,0.0734675801499542));
#11765=CARTESIAN_POINT('',(0.0422792821949784,0.0593023193688917,0.0676043489414623));
#11766=CARTESIAN_POINT('',(0.0396967286853981,0.0611363750781005,0.0596642957874933));
#11767=CARTESIAN_POINT('',(0.0377497651780385,0.0624105747327184,0.0499700601515893));
#11768=CARTESIAN_POINT('',(0.0366925443052433,0.0630703501073204,0.0400678739811832));
#11769=CARTESIAN_POINT('',(0.0364862987983089,0.0631961232988315,0.033370082217331));
#11770=CARTESIAN_POINT('',(0.0364862987983164,0.0631961232988231,0.03));
#11771=CARTESIAN_POINT('',(0.0415842916354509,0.0593885232109519,0.09));
#11772=CARTESIAN_POINT('',(0.0412815676638688,0.058956188574344,0.001));
#11773=CARTESIAN_POINT('',(0.0412815676638688,0.058956188574344,0.03));
#11774=CARTESIAN_POINT('',(0.0412815676638688,0.058956188574344,0.007));
#11775=CARTESIAN_POINT('',(0.0415842916354509,0.0593885232109519,0.007));
#11776=CARTESIAN_POINT('',(0.0418553624807555,0.0597756524983596,0.007));
#11777=CARTESIAN_POINT('',(0.0418553624807555,0.0597756524983596,0.09));
#11778=CARTESIAN_POINT('',(0.0418553624807555,0.0597756524983596,0.03));
#11779=CARTESIAN_POINT('',(0.0412815676638689,0.058956188574344,0.03));
#11780=CARTESIAN_POINT('',(0.0414728326028311,0.0592293432156825,0.03));
#11781=CARTESIAN_POINT('',(0.0416640975417933,0.059502497857021,0.03));
#11782=CARTESIAN_POINT('',(0.0418553624807555,0.0597756524983596,0.03));
#11783=CARTESIAN_POINT('',(0.0722241156116516,0.00631879134920525,0.09));
#11784=CARTESIAN_POINT('',(0.0726949148317474,0.00635998094376048,0.00100000000000019));
#11785=CARTESIAN_POINT('',(0.0726949148317475,0.00635998094376048,0.03));
#11786=CARTESIAN_POINT('',(0.0726949148317474,0.00635998094376048,0.007));
#11787=CARTESIAN_POINT('',(0.0717260182626057,0.00627521347783142,0.007));
#11788=CARTESIAN_POINT('',(0.0716983408476209,0.00627279201778455,0.007));
#11789=CARTESIAN_POINT('',(0.0716983408476209,0.00627279201778455,0.09));
#11790=CARTESIAN_POINT('',(0.0716983408476209,0.00627279201778454,0.03));
#11791=CARTESIAN_POINT('',(0.0726949148317475,0.00635998094376049,0.03));
#11792=CARTESIAN_POINT('',(0.0723627235037053,0.00633091796843517,0.03));
#11793=CARTESIAN_POINT('',(0.0720305321756631,0.00630185499310986,0.03));
#11794=CARTESIAN_POINT('',(0.0716983408476209,0.00627279201778455,0.03));
#11795=CARTESIAN_POINT('',(0.072768378384187,0.00636640817178127,0.03));
#11796=CARTESIAN_POINT('',(0.0652425198917544,0.00570798087039312,0.03));
#11797=CARTESIAN_POINT('',(0.0727683783841868,0.00636640817178361,0.0589150555628004));
#11798=CARTESIAN_POINT('',(0.0652425198917542,0.00570798087039546,0.0589150555628004));
#11799=CARTESIAN_POINT('',(0.0718575132393354,0.0167776444181964,0.0773791056481028));
#11800=CARTESIAN_POINT('',(0.0643316547469029,0.0161192171168082,0.0773791056481028));
#11801=CARTESIAN_POINT('',(0.070035782949633,0.0376001169110194,0.0853921502559074));
#11802=CARTESIAN_POINT('',(0.0625099244572005,0.0369416896096313,0.0853921502559074));
#11803=CARTESIAN_POINT('',(0.0716983408476209,0.00627279201778454,0.03));
#11804=CARTESIAN_POINT('',(0.0716983408476209,0.00627279201778456,0.0328448586206917));
#11805=CARTESIAN_POINT('',(0.0716869849023733,0.00647388919377533,0.0384996394678567));
#11806=CARTESIAN_POINT('',(0.0716194448152153,0.00750264138491682,0.0468564588167678));
#11807=CARTESIAN_POINT('',(0.0714818731885245,0.00910547324996954,0.0536886809286583));
#11808=CARTESIAN_POINT('',(0.0712660450696832,0.0109601600572789,0.0590586804507721));
#11809=CARTESIAN_POINT('',(0.0709430709105064,0.013253150135573,0.0643347794677398));
#11810=CARTESIAN_POINT('',(0.0704242199662537,0.0161356060788267,0.0691850595527082));
#11811=CARTESIAN_POINT('',(0.069542414717155,0.0197243080440507,0.0736256671091683));
#11812=CARTESIAN_POINT('',(0.0686785074812763,0.0226628638030237,0.0766029632557697));
#11813=CARTESIAN_POINT('',(0.0675852309061693,0.0258132890762601,0.0792349507427209));
#11814=CARTESIAN_POINT('',(0.0662210899302597,0.0291704036419015,0.0815446703108682));
#11815=CARTESIAN_POINT('',(0.064576015538495,0.0326521010135563,0.0835101944143298));
#11816=CARTESIAN_POINT('',(0.0633058645149126,0.0349859320311199,0.0845897839811395));
#11817=CARTESIAN_POINT('',(0.0626236440795267,0.0361557777668907,0.0850811854038389));
#11818=CARTESIAN_POINT('',(0.0626236440795267,0.0361557777668908,0.0850811854038389));
#11819=CARTESIAN_POINT('',(0.0626236440795267,0.0361557777668911,0.085081185403838));
#11820=CARTESIAN_POINT('',(0.0629105420557297,0.0363209185336528,0.0851371547143564));
#11821=CARTESIAN_POINT('',(0.0631973984028604,0.0364865351228877,0.0851926463848369));
#11822=CARTESIAN_POINT('',(0.0634842131209188,0.036652627534596,0.0852476604152795));
#11823=CARTESIAN_POINT('',(0.0634842131209188,0.0366526275345957,0.0852476604152805));
#11824=CARTESIAN_POINT('',(0.0634842131209188,0.0366526275345956,0.0852476604152805));
#11825=CARTESIAN_POINT('',(0.0641731354229495,0.0354717809649047,0.0847634101577724));
#11826=CARTESIAN_POINT('',(0.0654567887717725,0.0331148874893426,0.0836975644905578));
#11827=CARTESIAN_POINT('',(0.0671199806478536,0.0296008881815677,0.0817547501058559));
#11828=CARTESIAN_POINT('',(0.0685067081691176,0.0261962477725417,0.0794562704797624));
#11829=CARTESIAN_POINT('',(0.0696172434288154,0.0230041461428207,0.0768340501718594));
#11830=CARTESIAN_POINT('',(0.0704955044035179,0.0200266354296062,0.073864606511802));
#11831=CARTESIAN_POINT('',(0.0713946262085824,0.016381048381494,0.0694190410539546));
#11832=CARTESIAN_POINT('',(0.0719240217845741,0.0134514291236249,0.0645514570054603));
#11833=CARTESIAN_POINT('',(0.0722535523042733,0.0111217107906652,0.0592515354392548));
#11834=CARTESIAN_POINT('',(0.0724740548475334,0.00923513068638517,0.0538460268109158));
#11835=CARTESIAN_POINT('',(0.0726143760590686,0.00760770838653072,0.0469704530556306));
#11836=CARTESIAN_POINT('',(0.0726833302463934,0.00656378787235783,0.038557510005408));
#11837=CARTESIAN_POINT('',(0.0726949148317473,0.00635998094376049,0.0328643311102353));
#11838=CARTESIAN_POINT('',(0.0726949148317473,0.00635998094376047,0.03));
#11839=CARTESIAN_POINT('',(0.0375645163835718,0.0536476891974294,0.03));
#11840=CARTESIAN_POINT('',(0.0418976604595181,0.0598360602724186,0.03));
#11841=CARTESIAN_POINT('',(0.0375645163835904,0.0536476891974164,0.0589150555628057));
#11842=CARTESIAN_POINT('',(0.0418976604595368,0.0598360602724055,0.0589150555628057));
#11843=CARTESIAN_POINT('',(0.0461254788853846,0.0476532387193294,0.0773791056481097));
#11844=CARTESIAN_POINT('',(0.0504586229613309,0.0538416097943186,0.0773791056481097));
#11845=CARTESIAN_POINT('',(0.0632474038889542,0.0356643377631686,0.0853921502559118));
#11846=CARTESIAN_POINT('',(0.0675805479649006,0.0418527088381578,0.0853921502559118));
#11847=CARTESIAN_POINT('',(0.0626236440795283,0.0361557777668917,0.0850811854038392));
#11848=CARTESIAN_POINT('',(0.061951638171536,0.037331520862805,0.084589783981141));
#11849=CARTESIAN_POINT('',(0.0605655567339787,0.039598419424658,0.083510194414334));
#11850=CARTESIAN_POINT('',(0.0583728555577205,0.0427639443248778,0.0815446703108782));
#11851=CARTESIAN_POINT('',(0.0561475795484134,0.0456238823471912,0.0792349507427356));
#11852=CARTESIAN_POINT('',(0.0539658695166172,0.0481459002712245,0.0766029632557891));
#11853=CARTESIAN_POINT('',(0.0518529591968455,0.0503633437635042,0.0736256671091924));
#11854=CARTESIAN_POINT('',(0.0491859547528926,0.0529213604930381,0.069185059552735));
#11855=CARTESIAN_POINT('',(0.0469491001528642,0.0548119265631738,0.0643347794677669));
#11856=CARTESIAN_POINT('',(0.0451247995740168,0.05623812542894,0.0590586804507978));
#11857=CARTESIAN_POINT('',(0.0436265077422362,0.0573523814663673,0.0536886809286796));
#11858=CARTESIAN_POINT('',(0.0423072004424433,0.058272937922452,0.0468564588167839));
#11859=CARTESIAN_POINT('',(0.0414500449542877,0.0588458054492785,0.0384996394678651));
#11860=CARTESIAN_POINT('',(0.0412815676638704,0.0589561885743435,0.0328448586206946));
#11861=CARTESIAN_POINT('',(0.0412815676638688,0.058956188574344,0.03));
#11862=CARTESIAN_POINT('',(0.0418553624807555,0.0597756524983596,0.03));
#11863=CARTESIAN_POINT('',(0.0418553624807569,0.0597756524983593,0.0328643311102382));
#11864=CARTESIAN_POINT('',(0.0420260721657158,0.0596637164888509,0.0385575100054166));
#11865=CARTESIAN_POINT('',(0.0428956567568657,0.0590820401538414,0.0469704530556472));
#11866=CARTESIAN_POINT('',(0.0442348852054645,0.0581468072700314,0.053846026810938));
#11867=CARTESIAN_POINT('',(0.0457584602304226,0.0570125564138246,0.0592515354392817));
#11868=CARTESIAN_POINT('',(0.0476112902305856,0.055562315445957,0.0645514570054887));
#11869=CARTESIAN_POINT('',(0.0498837171433284,0.0536390357995545,0.0694190410539833));
#11870=CARTESIAN_POINT('',(0.0525913272361761,0.0510375799512041,0.0738646065118277));
#11871=CARTESIAN_POINT('',(0.0547307966665126,0.048788228279343,0.0768340501718804));
#11872=CARTESIAN_POINT('',(0.0569399701394666,0.0462304257177756,0.0794562704797784));
#11873=CARTESIAN_POINT('',(0.059195111463804,0.0433271642517088,0.0817547501058668));
#11874=CARTESIAN_POINT('',(0.0614067281951757,0.0401297981817584,0.0836975644905623));
#11875=CARTESIAN_POINT('',(0.0628060311446132,0.0378396750342373,0.0847634101577741));
#11876=CARTESIAN_POINT('',(0.0634842131209208,0.0366526275345968,0.0852476604152809));
#11877=CARTESIAN_POINT('',(0.0719722168617864,0.002,0.1));
#11878=CARTESIAN_POINT('',(0.0719722168617864,2.054151933295E-18,0.007));
#11879=CARTESIAN_POINT('',(0.0717499550088224,2.054151933295E-18,0.00700000000000001));
#11880=CARTESIAN_POINT('',(0.0713261344453619,7.91264356614042E-5,0.0068414179553556));
#11881=CARTESIAN_POINT('',(0.0707458754204383,0.000373560833203089,0.00624241956816059));
#11882=CARTESIAN_POINT('',(0.0703163007812831,0.000817031803330646,0.00533003023122074));
#11883=CARTESIAN_POINT('',(0.0700424708560176,0.00137385074879196,0.00417780060388104));
#11884=CARTESIAN_POINT('',(0.0699782944187479,0.00175350923797732,0.00339309305154346));
#11885=CARTESIAN_POINT('',(0.0699729886156257,0.00194444444444445,0.003));
#11886=CARTESIAN_POINT('',(0.0719722168617864,0.,0.03));
#11887=CARTESIAN_POINT('',(0.0714578785366094,-9.4482417541029E-20,0.03));
#11888=CARTESIAN_POINT('',(0.070432989804492,0.000417405949041128,0.03));
#11889=CARTESIAN_POINT('',(0.069987275791325,0.00143030459055596,0.03));
#11890=CARTESIAN_POINT('',(0.0699729886156257,0.00194444444444442,0.03));
#11891=CARTESIAN_POINT('',(0.0718726523331162,0.00428040262160106,0.1));
#11892=CARTESIAN_POINT('',(0.0716983408476209,0.00627279201778455,0.007));
#11893=CARTESIAN_POINT('',(0.0714769247681101,0.006253420620905,0.007));
#11894=CARTESIAN_POINT('',(0.0710616132931195,0.00613765688922033,0.00684141795535546));
#11895=CARTESIAN_POINT('',(0.0705092239775791,0.00579376999714867,0.00624241956816121));
#11896=CARTESIAN_POINT('',(0.0701199350414057,0.00531454667122061,0.00533003023121566));
#11897=CARTESIAN_POINT('',(0.069895677090448,0.00473598073938344,0.00417780060389955));
#11898=CARTESIAN_POINT('',(0.0698648342815056,0.0043521736204345,0.00339309305150349));
#11899=CARTESIAN_POINT('',(0.0698761897683074,0.0041615025487788,0.003));
#11900=CARTESIAN_POINT('',(0.0698761897683074,0.00416150254877877,0.03));
#11901=CARTESIAN_POINT('',(0.069845612336148,0.00467493115470997,0.03));
#11902=CARTESIAN_POINT('',(0.0702013503395008,0.00572282194696202,0.03));
#11903=CARTESIAN_POINT('',(0.0711859597350541,0.00622796447903015,0.03));
#11904=CARTESIAN_POINT('',(0.0716983408476209,0.00627279201778455,0.03));
#11905=CARTESIAN_POINT('',(0.0719722168617865,0.,0.03));
#11906=CARTESIAN_POINT('',(0.0700270218114679,-5.39255055539978E-17,0.03));
#11907=CARTESIAN_POINT('',(0.0699729886156257,0.00194444444444442,0.03));
#11908=CARTESIAN_POINT('',(0.0719722168615822,-5.66636956075184E-27,0.0333175013148121));
#11909=CARTESIAN_POINT('',(0.0700270218114509,1.30683124398417E-13,0.0333162204259004));
#11910=CARTESIAN_POINT('',(0.0699729886156291,0.00194444444431968,0.0332701084389068));
#11911=CARTESIAN_POINT('',(0.0719664786414789,0.000234387198314954,0.0399223762975132));
#11912=CARTESIAN_POINT('',(0.0700274918287594,0.000233254194003719,0.0399022004956902));
#11913=CARTESIAN_POINT('',(0.0699674097902328,0.00216916172632336,0.0397705786778652));
#11914=CARTESIAN_POINT('',(0.0719246280509253,0.00144538102582629,0.0497260224488435));
#11915=CARTESIAN_POINT('',(0.0700167173899068,0.00143785316653576,0.0496772907719743));
#11916=CARTESIAN_POINT('',(0.0699267217162031,0.00332424957050215,0.0493801351016206));
#11917=CARTESIAN_POINT('',(0.0718180940260862,0.0033500597894111,0.0577799188939278));
#11918=CARTESIAN_POINT('',(0.0699563731159466,0.00333154097893567,0.0577138680859997));
#11919=CARTESIAN_POINT('',(0.0698231469698028,0.00513129729663342,0.0572329068049271));
#11920=CARTESIAN_POINT('',(0.0716216286124248,0.00558628435481267,0.0641484396361034));
#11921=CARTESIAN_POINT('',(0.0698080375277801,0.00555604097759085,0.0640696886468856));
#11922=CARTESIAN_POINT('',(0.0696321389287469,0.00724135626918632,0.0634125254293748));
#11923=CARTESIAN_POINT('',(0.0713084028349558,0.00835871119158835,0.070391056949748));
#11924=CARTESIAN_POINT('',(0.0695507738680507,0.00828970030262718,0.0702522206749741));
#11925=CARTESIAN_POINT('',(0.0693276138673179,0.00984857760033877,0.0694496471492843));
#11926=CARTESIAN_POINT('',(0.0707699961031608,0.0118886091153952,0.0761554996923825));
#11927=CARTESIAN_POINT('',(0.0690743205312889,0.0117642886605004,0.075972867057389));
#11928=CARTESIAN_POINT('',(0.0688041628780725,0.0131527058415578,0.0749965697608628));
#11929=CARTESIAN_POINT('',(0.0698017427647447,0.0163044262533081,0.0813897597735743));
#11930=CARTESIAN_POINT('',(0.0681628743277519,0.0161038064390976,0.0811713432650472));
#11931=CARTESIAN_POINT('',(0.0678628054657248,0.0172736328546366,0.0800206146012153));
#11932=CARTESIAN_POINT('',(0.0688356110832432,0.019903502455932,0.0848571339743384));
#11933=CARTESIAN_POINT('',(0.0672376573939173,0.0196202172324976,0.0846060369693183));
#11934=CARTESIAN_POINT('',(0.0669235107753723,0.0206308660575049,0.0833474377311196));
#11935=CARTESIAN_POINT('',(0.067587395260441,0.0237682794791865,0.0879073906245979));
#11936=CARTESIAN_POINT('',(0.0660273838946143,0.0233863511999926,0.0876309328278477));
#11937=CARTESIAN_POINT('',(0.0657099676143288,0.0242389550595809,0.0862766804867328));
#11938=CARTESIAN_POINT('',(0.0654634889603303,0.0292657334491866,0.0914466843809175));
#11939=CARTESIAN_POINT('',(0.0639520324048549,0.0287324024501795,0.091149614329965));
#11940=CARTESIAN_POINT('',(0.0636450587113728,0.0293812766968421,0.0896823661407512));
#11941=CARTESIAN_POINT('',(0.0634025282694722,0.0334481918684663,0.0934033901984186));
#11942=CARTESIAN_POINT('',(0.0619229972380097,0.0327940179862665,0.0931083676649751));
#11943=CARTESIAN_POINT('',(0.0616413469289176,0.0333095269645939,0.0915737904273769));
#11944=CARTESIAN_POINT('',(0.0618037695683746,0.036209009358247,0.0944812216490814));
#11945=CARTESIAN_POINT('',(0.0603569282230435,0.0354586812355961,0.0941882912935242));
#11946=CARTESIAN_POINT('',(0.0600869981914753,0.035910341802017,0.0926181668162279));
#11947=CARTESIAN_POINT('',(0.0620310761573299,0.0358136585178959,0.0943253667670091));
#11948=CARTESIAN_POINT('',(0.0616221812418392,0.0355775829283646,0.0942313953799461));
#11949=CARTESIAN_POINT('',(0.0608909531817864,0.035155408210883,0.0936796719607724));
#11950=CARTESIAN_POINT('',(0.0606217782646263,0.0350000000004929,0.0927181339681389));
#11951=CARTESIAN_POINT('',(0.0606217782647702,0.0350000000002437,0.0922438061213537));
#11952=CARTESIAN_POINT('',(0.0698761897683074,0.00416150254877877,0.03));
#11953=CARTESIAN_POINT('',(0.0697605478517392,0.006103257098385,0.03));
#11954=CARTESIAN_POINT('',(0.0716983408476209,0.00627279201778454,0.03));
#11955=CARTESIAN_POINT('',(0.0698761897683162,0.00416150254863163,0.0329929030862099));
#11956=CARTESIAN_POINT('',(0.0697605478518663,0.00610325709801955,0.0329451651547742));
#11957=CARTESIAN_POINT('',(0.0716983408474838,0.00627279201777254,0.0329438391011602));
#11958=CARTESIAN_POINT('',(0.0698641829521072,0.00437375494472889,0.0389397950635388));
#11959=CARTESIAN_POINT('',(0.0697424114673131,0.00631876977381315,0.0388012043708923));
#11960=CARTESIAN_POINT('',(0.0716862931216257,0.00648765526864929,0.038782659639215));
#11961=CARTESIAN_POINT('',(0.0697912147891361,0.00546674533734991,0.0477272008870276));
#11962=CARTESIAN_POINT('',(0.0696381254314554,0.00742061336917566,0.0474045657494589));
#11963=CARTESIAN_POINT('',(0.0716133830670525,0.00758738034901276,0.0473695065065323));
#11964=CARTESIAN_POINT('',(0.0696136225331901,0.00749825215512182,0.0563257112983366));
#11965=CARTESIAN_POINT('',(0.069402336807411,0.00945530533941804,0.0557635962036813));
#11966=CARTESIAN_POINT('',(0.0714357898648817,0.00961894421224726,0.0557213964015269));
#11967=CARTESIAN_POINT('',(0.0691997810685008,0.0107924484355757,0.0647705827722244));
#11968=CARTESIAN_POINT('',(0.0688983002282015,0.0127128307540282,0.0638748745863607));
#11969=CARTESIAN_POINT('',(0.0710205249856832,0.0128883806718942,0.0638639907621037));
#11970=CARTESIAN_POINT('',(0.0685033549055818,0.0146018313288695,0.071088868934361));
#11971=CARTESIAN_POINT('',(0.0681180845122614,0.0163888461372756,0.0698172232594675));
#11972=CARTESIAN_POINT('',(0.0703187013454375,0.0166408625969625,0.0699136936094612));
#11973=CARTESIAN_POINT('',(0.0675714273702984,0.0183639503230858,0.0756757889599028));
#11974=CARTESIAN_POINT('',(0.0671355483456928,0.01995918146776,0.0741018506694776));
#11975=CARTESIAN_POINT('',(0.0693755256133774,0.0203346958835924,0.0742949704427335));
#11976=CARTESIAN_POINT('',(0.0666690755919,0.0214218142965955,0.0787275223101996));
#11977=CARTESIAN_POINT('',(0.0662070035408504,0.0228507938325889,0.0769573201911461));
#11978=CARTESIAN_POINT('',(0.0684600380548944,0.0233353863948537,0.0772089779480952));
#11979=CARTESIAN_POINT('',(0.0655319586130467,0.0246973877528546,0.0814224276441503));
#11980=CARTESIAN_POINT('',(0.0650619221352889,0.0259351769506119,0.0794842178148217));
#11981=CARTESIAN_POINT('',(0.0673037589493538,0.0265522201587814,0.0797849362604851));
#11982=CARTESIAN_POINT('',(0.0636345276600219,0.0293635060356572,0.0845721803526665));
#11983=CARTESIAN_POINT('',(0.0631798091916447,0.030328513908424,0.082459203622226));
#11984=CARTESIAN_POINT('',(0.0653703146754259,0.0311436406765781,0.0828022784572044));
#11985=CARTESIAN_POINT('',(0.0618169487809236,0.0329587842226082,0.0863451374437031));
#11986=CARTESIAN_POINT('',(0.0614078321460273,0.0337176142175511,0.0841604358185795));
#11987=CARTESIAN_POINT('',(0.0635135045272437,0.0346964845047841,0.0845092477684247));
#11988=CARTESIAN_POINT('',(0.0604235920097763,0.0353410459471155,0.087320173469366));
#11989=CARTESIAN_POINT('',(0.060041298011952,0.0359946648747186,0.0851156694828702));
#11990=CARTESIAN_POINT('',(0.0620880623775611,0.037058515813787,0.0854506038658256));
#11991=CARTESIAN_POINT('',(0.0626236440795267,0.0361557777668908,0.0850811854038389));
#11992=CARTESIAN_POINT('',(0.0621132760728132,0.0358611166608295,0.0849812651992394));
#11993=CARTESIAN_POINT('',(0.0610450305734877,0.0352443648340701,0.0853884103126213));
#11994=CARTESIAN_POINT('',(0.0606217782647942,0.0350000000002023,0.086590006068572));
#11995=CARTESIAN_POINT('',(0.0606217782649363,0.0349999999999561,0.0871791970393522));
#11996=CARTESIAN_POINT('',(0.0366704325929499,0.0596261634976301,0.0300000000000073));
#11997=CARTESIAN_POINT('',(0.0350135109057347,0.0606451798400994,0.0300000000000002));
#11998=CARTESIAN_POINT('',(0.0359861084308939,0.0623297681689909,0.03));
#11999=CARTESIAN_POINT('',(0.0366704325924155,0.0596261634979587,0.0332701084034159));
#12000=CARTESIAN_POINT('',(0.0350135109051083,0.0606451798404844,0.0333162203901724));
#12001=CARTESIAN_POINT('',(0.0359861084309813,0.0623297681691663,0.0333175012787578));
#12002=CARTESIAN_POINT('',(0.0368622540551925,0.0595089734520772,0.0397705786943153));
#12003=CARTESIAN_POINT('',(0.0352157499722114,0.0605289597898283,0.0399022005119562));
#12004=CARTESIAN_POINT('',(0.0361862245886817,0.0622076051251432,0.0399223763142134));
#12005=CARTESIAN_POINT('',(0.0378422454345519,0.0588961926244252,0.0493801350970179));
#12006=CARTESIAN_POINT('',(0.0362535760639203,0.0599173293660918,0.0496772907675655));
#12007=CARTESIAN_POINT('',(0.0372140507119363,0.0615658645370429,0.0497260224441605));
#12008=CARTESIAN_POINT('',(0.0393554072980531,0.0579029703997784,0.0572329068053732));
#12009=CARTESIAN_POINT('',(0.0378633856793538,0.0589182257856477,0.0577138680864054));
#12010=CARTESIAN_POINT('',(0.0388102838947636,0.0605212639833594,0.0577799188943722));
#12011=CARTESIAN_POINT('',(0.0410872679511924,0.0566825230976587,0.0634125254291342));
#12012=CARTESIAN_POINT('',(0.0397156913947725,0.0576775133987245,0.0640696886466561));
#12013=CARTESIAN_POINT('',(0.0406486784701019,0.0592330076615084,0.0641484396358498));
#12014=CARTESIAN_POINT('',(0.0431929253265103,0.055115185992831,0.0694496471492063));
#12015=CARTESIAN_POINT('',(0.0419544779856441,0.0560878868714479,0.0702522206748934));
#12016=CARTESIAN_POINT('',(0.0428930576521111,0.0575755327627519,0.0703910569496593));
#12017=CARTESIAN_POINT('',(0.0457926588261022,0.0530098000179495,0.0749965697607134));
#12018=CARTESIAN_POINT('',(0.0447253331028332,0.0539379719992093,0.0759728670572477));
#12019=CARTESIAN_POINT('',(0.0456808355609528,0.0553443098935997,0.0761554996922216));
#12020=CARTESIAN_POINT('',(0.0488908076003624,0.050134097078335,0.0800206146010995));
#12021=CARTESIAN_POINT('',(0.0480277426374699,0.0509788775435254,0.0811713432649388));
#12022=CARTESIAN_POINT('',(0.0490209187116067,0.0522978693363351,0.0813897597734489));
#12023=CARTESIAN_POINT('',(0.0513286094952805,0.0476420274134624,0.0833474377310264));
#12024=CARTESIAN_POINT('',(0.050610435247772,0.0484194107781553,0.0846060369692381));
#12025=CARTESIAN_POINT('',(0.0516547442924665,0.0496616366554879,0.0848571339742374));
#12026=CARTESIAN_POINT('',(0.0538465346496589,0.0447870237064203,0.0862766804866619));
#12027=CARTESIAN_POINT('',(0.0532668661879908,0.0454882161985409,0.0876309328277796));
#12028=CARTESIAN_POINT('',(0.0543776314631431,0.0466482615319523,0.0879073906245216));
#12029=CARTESIAN_POINT('',(0.0572674613704634,0.0404275993214164,0.0896823661407246));
#12030=CARTESIAN_POINT('',(0.0568590066357997,0.0410178834616071,0.0911496143299625));
#12031=CARTESIAN_POINT('',(0.0580766131072677,0.0420601777358926,0.0914466843808858));
#12032=CARTESIAN_POINT('',(0.059667570003589,0.0367282088820353,0.0915737904273419));
#12033=CARTESIAN_POINT('',(0.0593619512867082,0.0372298796937864,0.0931083676649352));
#12034=CARTESIAN_POINT('',(0.0606682480030726,0.038184104211677,0.0934033901983907));
#12035=CARTESIAN_POINT('',(0.0611427673545908,0.0340816959704534,0.0926181668162335));
#12036=CARTESIAN_POINT('',(0.060886582845957,0.0345412925182551,0.0941882912935381));
#12037=CARTESIAN_POINT('',(0.0622598067340177,0.0354191298172486,0.094481221649086));
#12038=CARTESIAN_POINT('',(0.0366704325929499,0.0596261634976301,0.03));
#12039=CARTESIAN_POINT('',(0.0362323180062342,0.0598956064816784,0.03));
#12040=CARTESIAN_POINT('',(0.0355779790578071,0.0607880554606611,0.03));
#12041=CARTESIAN_POINT('',(0.0357289392683054,0.0618843381132477,0.03));
#12042=CARTESIAN_POINT('',(0.0359861084308939,0.0623297681689909,0.03));
#12043=CARTESIAN_POINT('',(0.0412815676638689,0.058956188574344,0.03));
#12044=CARTESIAN_POINT('',(0.0401658496188994,0.0573627780723346,0.03));
#12045=CARTESIAN_POINT('',(0.0385420618093105,0.0584338041846281,0.0300000000000011));
#12046=CARTESIAN_POINT('',(0.0412815676639458,0.058956188574451,0.0329438390963917));
#12047=CARTESIAN_POINT('',(0.0401658496188338,0.0573627780727816,0.0329451651500674));
#12048=CARTESIAN_POINT('',(0.0385420618091893,0.0584338041847081,0.032992903081401));
#12049=CARTESIAN_POINT('',(0.0414616208343936,0.058838323312038,0.038782659641436));
#12050=CARTESIAN_POINT('',(0.0403434208783632,0.0572393151648992,0.0388012043730581));
#12051=CARTESIAN_POINT('',(0.0387198743681215,0.0583172797788025,0.0389397950657804));
#12052=CARTESIAN_POINT('',(0.0423775556639786,0.0582253188125311,0.0473695065059531));
#12053=CARTESIAN_POINT('',(0.0412455024051351,0.0565980790109895,0.0474045657489036));
#12054=CARTESIAN_POINT('',(0.0396299477327447,0.0577075922996868,0.0477272008864449));
#12055=CARTESIAN_POINT('',(0.0440481449778497,0.0570557366562548,0.0557213964017066));
#12056=CARTESIAN_POINT('',(0.0428897030281963,0.0553765340874917,0.0557635962038537));
#12057=CARTESIAN_POINT('',(0.0413004881169316,0.0565380394856299,0.0563257112985199));
#12058=CARTESIAN_POINT('',(0.0466719275683812,0.055061388491747,0.0638639907620841));
#12059=CARTESIAN_POINT('',(0.045458784501138,0.053311262898149,0.0638748745863407));
#12060=CARTESIAN_POINT('',(0.0439464250485224,0.0545325441238329,0.064770582772207));
#12061=CARTESIAN_POINT('',(0.0495707604226173,0.0525773504277708,0.0699136936094901));
#12062=CARTESIAN_POINT('',(0.0482521993497671,0.0507975685760782,0.0698172232594896));
#12063=CARTESIAN_POINT('',(0.0468972343254064,0.052024729928227,0.0710888689343922));
#12064=CARTESIAN_POINT('',(0.0522981260201595,0.0499136196402472,0.0742949704427525));
#12065=CARTESIAN_POINT('',(0.0508529323627172,0.0481614996304396,0.0741018506694897));
#12066=CARTESIAN_POINT('',(0.0496893611788226,0.0493365975110659,0.0756757889599246));
#12067=CARTESIAN_POINT('',(0.0544390564525696,0.0476204389021138,0.0772089779481115));
#12068=CARTESIAN_POINT('',(0.0528928697261359,0.0459115500584754,0.0769573201911524));
#12069=CARTESIAN_POINT('',(0.0518863731720034,0.0470262059610599,0.0787275223102158));
#12070=CARTESIAN_POINT('',(0.0566467766591104,0.045010654940871,0.0797849362604965));
#12071=CARTESIAN_POINT('',(0.0549914831585715,0.0433776889128289,0.0794842178148315));
#12072=CARTESIAN_POINT('',(0.0541545445076632,0.0444036470421574,0.0814224276441704));
#12073=CARTESIAN_POINT('',(0.0596563413300384,0.0410405328239597,0.082802278457211));
#12074=CARTESIAN_POINT('',(0.0578551680995992,0.0395510628119551,0.0824592036222082));
#12075=CARTESIAN_POINT('',(0.0572468060011174,0.0404273644935063,0.0845721803526362));
#12076=CARTESIAN_POINT('',(0.0618047892667518,0.0376560661514005,0.0845092477684215));
#12077=CARTESIAN_POINT('',(0.0599042265404276,0.0363219355208848,0.0841604358186255));
#12078=CARTESIAN_POINT('',(0.0594516188051633,0.0370556559172973,0.0863451374438685));
#12079=CARTESIAN_POINT('',(0.0631376473101192,0.0352405813837375,0.0854506038658249));
#12080=CARTESIAN_POINT('',(0.0611929431882385,0.0339999569170953,0.0851156694828674));
#12081=CARTESIAN_POINT('',(0.0608180395914538,0.0346578426947262,0.0873201734693658));
#12082=CARTESIAN_POINT('',(0.0412815676638689,0.058956188574344,0.03));
#12083=CARTESIAN_POINT('',(0.0409865553202351,0.058534867283819,0.03));
#12084=CARTESIAN_POINT('',(0.0400567843571554,0.0579347418004991,0.03));
#12085=CARTESIAN_POINT('',(0.0389714153089969,0.0581506090486301,0.03));
#12086=CARTESIAN_POINT('',(0.0385420618093105,0.0584338041846282,0.03));
#12087=CARTESIAN_POINT('',(0.0377181592384628,0.0613297681689909,0.1));
#12088=CARTESIAN_POINT('',(0.0359861084308939,0.0623297681689909,0.007));
#12089=CARTESIAN_POINT('',(0.0358749775044119,0.0621372837580318,0.00700000000000016));
#12090=CARTESIAN_POINT('',(0.0357315927260926,0.0617306811655874,0.00684141795536582));
#12091=CARTESIAN_POINT('',(0.0356964508815464,0.061080944910521,0.00624241956811197));
#12092=CARTESIAN_POINT('',(0.0358657206887164,0.0604871868746497,0.00533003023161491));
#12093=CARTESIAN_POINT('',(0.0362110250749546,0.0599716337322947,0.00417780060244589));
#12094=CARTESIAN_POINT('',(0.0365077307606511,0.0597262260578232,0.00339309305463388));
#12095=CARTESIAN_POINT('',(0.03667043259295,0.0596261634976301,0.003));
#12096=CARTESIAN_POINT('',(0.0396432635752909,0.0601033414470461,0.1));
#12097=CARTESIAN_POINT('',(0.0412815676638688,0.058956188574344,0.007));
#12098=CARTESIAN_POINT('',(0.041154083502309,0.0587741223231211,0.00700000000000014));
#12099=CARTESIAN_POINT('',(0.0408461734323218,0.0584723339011488,0.00684141795536512));
#12100=CARTESIAN_POINT('',(0.0402721639900846,0.0581658941670843,0.00624241956811532));
#12101=CARTESIAN_POINT('',(0.0396624999469396,0.0580683717223839,0.00533003023158798));
#12102=CARTESIAN_POINT('',(0.0390493181796939,0.0581634416038142,0.004177800602544));
#12103=CARTESIAN_POINT('',(0.0387015100527153,0.0583286345120654,0.00339309305442272));
#12104=CARTESIAN_POINT('',(0.0385420618093106,0.0584338041846281,0.003));
#12105=CARTESIAN_POINT('',(0.0728692263172427,0.00436759154757699,0.1));
#12106=CARTESIAN_POINT('',(0.0726949148317474,0.00635998094376048,0.007));
#12107=CARTESIAN_POINT('',(0.0729188873582485,0.00637957600077059,0.007));
#12108=CARTESIAN_POINT('',(0.073352371957013,0.0063365887832756,0.00683938530414164));
#12109=CARTESIAN_POINT('',(0.0739685023407909,0.00608506149749168,0.00624159889484143));
#12110=CARTESIAN_POINT('',(0.0744483530230949,0.0056569917275261,0.00533075290805208));
#12111=CARTESIAN_POINT('',(0.0747695821899271,0.00508730348249714,0.00417760434204885));
#12112=CARTESIAN_POINT('',(0.0748535629727425,0.00468880362647651,0.0033931986361609));
#12113=CARTESIAN_POINT('',(0.0748656434766192,0.00448725158997635,0.003));
#12114=CARTESIAN_POINT('',(0.0726949148317474,0.00635998094376048,0.03));
#12115=CARTESIAN_POINT('',(0.0732256199629194,0.00640641162641305,0.03));
#12116=CARTESIAN_POINT('',(0.0743216457266784,0.0060511281515497,0.03));
#12117=CARTESIAN_POINT('',(0.0748337700895096,0.0050190295810008,0.03));
#12118=CARTESIAN_POINT('',(0.0748656434766192,0.00448725158997634,0.03));
#12119=CARTESIAN_POINT('',(0.0729725975966321,0.002,0.1));
#12120=CARTESIAN_POINT('',(0.0729725975966321,1.7347234759768E-18,0.007));
#12121=CARTESIAN_POINT('',(0.0731974256617987,1.7347234759768E-18,0.007));
#12122=CARTESIAN_POINT('',(0.0736255141379228,8.06043103289413E-5,0.00683938530414153));
#12123=CARTESIAN_POINT('',(0.0742173779121617,0.000384873760081423,0.00624159889484212));
#12124=CARTESIAN_POINT('',(0.0746580938789999,0.000853136337946934,0.00533075290804677));
#12125=CARTESIAN_POINT('',(0.0749284490697391,0.00144865371388591,0.00417760434206841));
#12126=CARTESIAN_POINT('',(0.0749773787293884,0.00185295656502711,0.00339319863611895));
#12127=CARTESIAN_POINT('',(0.0749718468458549,0.00205479452054795,0.003));
#12128=CARTESIAN_POINT('',(0.0749718468458549,0.00205479452054794,0.03));
#12129=CARTESIAN_POINT('',(0.0749864422523907,0.00152226215660008,0.03));
#12130=CARTESIAN_POINT('',(0.0745662199948795,0.000449456453489458,0.03));
#12131=CARTESIAN_POINT('',(0.0735053299351886,9.78613429823204E-20,0.03));
#12132=CARTESIAN_POINT('',(0.0729725975966321,0.,0.03));
#12133=CARTESIAN_POINT('',(0.0726949148317473,0.00635998094376047,0.03));
#12134=CARTESIAN_POINT('',(0.0747426589115149,0.0065391353365425,0.03));
#12135=CARTESIAN_POINT('',(0.0748656434766192,0.00448725158997635,0.03));
#12136=CARTESIAN_POINT('',(0.0726949148319209,0.00635998094377566,0.0329630830502942));
#12137=CARTESIAN_POINT('',(0.0747426589116878,0.00653913533624498,0.0329616919312367));
#12138=CARTESIAN_POINT('',(0.0748656434766301,0.00448725158979431,0.0330124677678179));
#12139=CARTESIAN_POINT('',(0.0726826220389317,0.00657767394140523,0.0388398525485843));
#12140=CARTESIAN_POINT('',(0.0747241125734447,0.00675502245566767,0.0388202715290645));
#12141=CARTESIAN_POINT('',(0.0748526994677416,0.00471450269986024,0.0389980833842906));
#12142=CARTESIAN_POINT('',(0.0726082861598433,0.00769255530928173,0.0474805468458238));
#12143=CARTESIAN_POINT('',(0.0746180699887541,0.00786211696075246,0.047444617287031));
#12144=CARTESIAN_POINT('',(0.0747740909420476,0.00588548689770652,0.047841040415981));
#12145=CARTESIAN_POINT('',(0.0724271851491989,0.00975478206326649,0.0558846697959998));
#12146=CARTESIAN_POINT('',(0.0743814172224312,0.00991185815326427,0.055844218387314));
#12147=CARTESIAN_POINT('',(0.0745827185944095,0.00806490276916894,0.0564942729219889));
#12148=CARTESIAN_POINT('',(0.0720039867266865,0.0130746012437049,0.0640678199412218));
#12149=CARTESIAN_POINT('',(0.0738781135387858,0.0132302382532674,0.0640597574221321));
#12150=CARTESIAN_POINT('',(0.0741370236822232,0.0116002864709734,0.0649826913478372));
#12151=CARTESIAN_POINT('',(0.0712887898231719,0.0168856500201783,0.0701366375233354));
#12152=CARTESIAN_POINT('',(0.0730828995417003,0.0170938917320285,0.0702177770136449));
#12153=CARTESIAN_POINT('',(0.0733870362212339,0.0156894400092497,0.0713220548616481));
#12154=CARTESIAN_POINT('',(0.0703294483075067,0.0206319897804729,0.0745184741988734));
#12155=CARTESIAN_POINT('',(0.0720554573868628,0.0209247749640323,0.0746685323117723));
#12156=CARTESIAN_POINT('',(0.0723853596780225,0.0197218909667226,0.0759098770628633));
#12157=CARTESIAN_POINT('',(0.0694001857250448,0.0236707585139365,0.0774253079094446));
#12158=CARTESIAN_POINT('',(0.0710795751566095,0.0240362360004498,0.0776134479749015));
#12159=CARTESIAN_POINT('',(0.07141748774117,0.0229942200323596,0.0789540012385894));
#12160=CARTESIAN_POINT('',(0.0682267943158496,0.0269295423670799,0.0799925115901516));
#12161=CARTESIAN_POINT('',(0.0698616341910728,0.0273844542308566,0.0802113804893967));
#12162=CARTESIAN_POINT('',(0.0701981188016698,0.0265003612062306,0.081639375509214));
#12163=CARTESIAN_POINT('',(0.0662663383066101,0.0315782947358139,0.0829919581399188));
#12164=CARTESIAN_POINT('',(0.0678444228763283,0.0321714333805181,0.083237326892829));
#12165=CARTESIAN_POINT('',(0.0681651263399614,0.0314916511474025,0.0847696841383068));
#12166=CARTESIAN_POINT('',(0.0643925436042183,0.0351616688459433,0.0846767176155756));
#12167=CARTESIAN_POINT('',(0.0659261895196812,0.0358789373126544,0.0849273330405522));
#12168=CARTESIAN_POINT('',(0.0662269565533316,0.0353222276929217,0.0865189218238691));
#12169=CARTESIAN_POINT('',(0.0629534133501888,0.0375472937092801,0.0856051291595307));
#12170=CARTESIAN_POINT('',(0.064464073914692,0.0383364435376826,0.0858479895192671));
#12171=CARTESIAN_POINT('',(0.0647404674333608,0.0378638597677252,0.0874801981916969));
#12172=CARTESIAN_POINT('',(0.0634842131209188,0.0366526275345957,0.0852476604152805));
#12173=CARTESIAN_POINT('',(0.0639049945476944,0.0368955658046141,0.0853280845206138));
#12174=CARTESIAN_POINT('',(0.0646660864889478,0.0373349824413975,0.0858731758501032));
#12175=CARTESIAN_POINT('',(0.0649519052835336,0.0375000000005185,0.0868559755121903));
#12176=CARTESIAN_POINT('',(0.0649519052838595,0.0374999999999541,0.0873411914753175));
#12177=CARTESIAN_POINT('',(0.0749718468458549,0.00205479452054794,0.03));
#12178=CARTESIAN_POINT('',(0.0750281637261147,4.2934406030426E-17,0.03));
#12179=CARTESIAN_POINT('',(0.0729725975966321,0.,0.03));
#12180=CARTESIAN_POINT('',(0.0749718468458583,0.00205479452042352,0.0332935359567936));
#12181=CARTESIAN_POINT('',(0.0750281637259417,-2.27776031387619E-13,0.0333426129370045));
#12182=CARTESIAN_POINT('',(0.0729725975962665,-5.79617667465252E-18,0.0333412683619605));
#12183=CARTESIAN_POINT('',(0.0749659874824297,0.0022951378133279,0.039839658747008));
#12184=CARTESIAN_POINT('',(0.0750289640461818,0.000238483080515889,0.0400143060064903));
#12185=CARTESIAN_POINT('',(0.0729668944830695,0.000237206896004932,0.0399925724916946));
#12186=CARTESIAN_POINT('',(0.0749226743126622,0.00353686932915172,0.0495192586972727));
#12187=CARTESIAN_POINT('',(0.0750200502924994,0.00147735072919905,0.0499211284278312));
#12188=CARTESIAN_POINT('',(0.0729247363309453,0.00146922431192783,0.0498682726364541));
#12189=CARTESIAN_POINT('',(0.0747904276637086,0.00585745568137969,0.0589960704446998));
#12190=CARTESIAN_POINT('',(0.0749512588113944,0.00381461155848811,0.0596965186533298));
#12191=CARTESIAN_POINT('',(0.0727960162593556,0.00378389785277506,0.0595884320955343));
#12192=CARTESIAN_POINT('',(0.0744844422830141,0.00901931500862446,0.0667599459092976));
#12193=CARTESIAN_POINT('',(0.0747274850610472,0.00702503406718176,0.0677518342506029));
#12194=CARTESIAN_POINT('',(0.0724981904887989,0.00695921747479725,0.067605131210348));
#12195=CARTESIAN_POINT('',(0.0739972819920075,0.0123224328787458,0.072486482206109));
#12196=CARTESIAN_POINT('',(0.0743170027047187,0.010410021552189,0.0737365500438702));
#12197=CARTESIAN_POINT('',(0.0720240211388875,0.0102944392669891,0.073546786839786));
#12198=CARTESIAN_POINT('',(0.0734647885255278,0.0152079836407797,0.0765359016610705));
#12199=CARTESIAN_POINT('',(0.0738400662229088,0.01340485895922,0.0780101823349294));
#12200=CARTESIAN_POINT('',(0.0715057274981806,0.0132156791550291,0.0777590705705813));
#12201=CARTESIAN_POINT('',(0.0727055969047984,0.0185249381830217,0.0803012156914709));
#12202=CARTESIAN_POINT('',(0.0731293578520659,0.0168729195717183,0.0819970796952903));
#12203=CARTESIAN_POINT('',(0.0707667809873362,0.0165793353896631,0.0816822228549336));
#12204=CARTESIAN_POINT('',(0.0716981215693347,0.0221230501144675,0.0836193919884248));
#12205=CARTESIAN_POINT('',(0.0721545749741156,0.0206550909099809,0.0855115270778909));
#12206=CARTESIAN_POINT('',(0.0697861716608226,0.0202294350662751,0.0851405026350622));
#12207=CARTESIAN_POINT('',(0.0703957433638884,0.025991499791413,0.0865372760489709));
#12208=CARTESIAN_POINT('',(0.0708651221664819,0.024731776764173,0.0885916973237765));
#12209=CARTESIAN_POINT('',(0.0685185235408384,0.0241500412847555,0.0881785076058518));
#12210=CARTESIAN_POINT('',(0.0681836105916494,0.0314951469593851,0.0899172897330148));
#12211=CARTESIAN_POINT('',(0.0686412999275645,0.0305269418287809,0.0921317496443931));
#12212=CARTESIAN_POINT('',(0.0663653809759407,0.0297164607618694,0.091690258635927));
#12213=CARTESIAN_POINT('',(0.0660454186232684,0.0356857280709481,0.0917824987363156));
#12214=CARTESIAN_POINT('',(0.066470031943184,0.0349117697640837,0.0940478113022783));
#12215=CARTESIAN_POINT('',(0.0642842074596765,0.0339371383227678,0.0936191330402351));
#12216=CARTESIAN_POINT('',(0.0643861057849432,0.0384633511521049,0.0928114079233794));
#12217=CARTESIAN_POINT('',(0.0647691798889531,0.0378221004798293,0.0950976589135136));
#12218=CARTESIAN_POINT('',(0.0626691429640113,0.0367262844881642,0.0946806169371627));
#12219=CARTESIAN_POINT('',(0.0629040328249558,0.0363176602849322,0.0945235261409574));
#12220=CARTESIAN_POINT('',(0.0634183357677124,0.0366145932273807,0.0946388316242572));
#12221=CARTESIAN_POINT('',(0.0645098258401979,0.0372447653146072,0.0942566429537642));
#12222=CARTESIAN_POINT('',(0.0649519052837348,0.0375000000001703,0.0930422199285689));
#12223=CARTESIAN_POINT('',(0.0649519052836883,0.0375000000002508,0.0924459154401521));
#12224=CARTESIAN_POINT('',(0.0413188956084016,0.0625919233264332,0.0300000000000009));
#12225=CARTESIAN_POINT('',(0.043034386775988,0.0614594736954965,0.03));
#12226=CARTESIAN_POINT('',(0.0418553624807555,0.0597756524983596,0.03));
#12227=CARTESIAN_POINT('',(0.0413188956083317,0.0625919233264794,0.0330124677635941));
#12228=CARTESIAN_POINT('',(0.0430343867759584,0.0614594736956106,0.0329616919272686));
#12229=CARTESIAN_POINT('',(0.0418553624808072,0.059775652498431,0.0329630830462471));
#12230=CARTESIAN_POINT('',(0.0415092288381269,0.0624670879309986,0.0389980833862609));
#12231=CARTESIAN_POINT('',(0.0432120773364003,0.0613354685361027,0.038820271530849));
#12232=CARTESIAN_POINT('',(0.0420377437505619,0.0596561601287071,0.038839852550471));
#12233=CARTESIAN_POINT('',(0.0424840266380985,0.0618135188518347,0.0478410404154716));
#12234=CARTESIAN_POINT('',(0.04411782800994,0.0606900857112211,0.0474446172865959));
#12235=CARTESIAN_POINT('',(0.0429660913977822,0.0590343426850216,0.047480546845335));
#12236=CARTESIAN_POINT('',(0.0442757699743723,0.0605580776014693,0.0564942729221536));
#12237=CARTESIAN_POINT('',(0.0457746295706563,0.0594602678074811,0.0558442183874485));
#12238=CARTESIAN_POINT('',(0.0446614816497914,0.0578463912321671,0.0558846697961566));
#12239=CARTESIAN_POINT('',(0.0471146546161809,0.0584044026342642,0.0649826913478262));
#12240=CARTESIAN_POINT('',(0.0483967791948665,0.0573652039816059,0.0640597574221313));
#12241=CARTESIAN_POINT('',(0.047324930184774,0.0558199810572,0.06406781994121));
#12242=CARTESIAN_POINT('',(0.0502809717298177,0.0557103176713788,0.0713220548616809));
#12243=CARTESIAN_POINT('',(0.051345194260359,0.0547447017192958,0.0702177770136789));
#12244=CARTESIAN_POINT('',(0.0502677967885148,0.0532950779818022,0.0701366375233655));
#12245=CARTESIAN_POINT('',(0.0532723384269059,0.0528266148598339,0.0759098770628858));
#12246=CARTESIAN_POINT('',(0.0541491153807954,0.0519394690962732,0.074668532311798));
#12247=CARTESIAN_POINT('',(0.053032551434311,0.0505910939781721,0.0745184741988941));
#12248=CARTESIAN_POINT('',(0.0556223225588666,0.0503522486420843,0.0789540012386103));
#12249=CARTESIAN_POINT('',(0.0563557785660966,0.0495385997755548,0.0776134479749258));
#12250=CARTESIAN_POINT('',(0.0551995710624899,0.0482669446082331,0.0774253079094623));
#12251=CARTESIAN_POINT('',(0.0580490454149513,0.0475431735769379,0.081639375509223));
#12252=CARTESIAN_POINT('',(0.0586464501282809,0.0468097228438723,0.0802113804894083));
#12253=CARTESIAN_POINT('',(0.057435064960157,0.0456213659127038,0.0799925115901641));
#12254=CARTESIAN_POINT('',(0.0613551330707863,0.043286905488835,0.084769684138343));
#12255=CARTESIAN_POINT('',(0.061783490021894,0.0426692770256799,0.0832373268928666));
#12256=CARTESIAN_POINT('',(0.06048077460278,0.0415991850213246,0.0829919581399275));
#12257=CARTESIAN_POINT('',(0.0637034247771309,0.0396931129438213,0.0865189218237421));
#12258=CARTESIAN_POINT('',(0.0640351659335009,0.0391542862422281,0.0849273330404407));
#12259=CARTESIAN_POINT('',(0.0626471702621518,0.0381847441524735,0.0846767176155656));
#12260=CARTESIAN_POINT('',(0.0651612981609148,0.0371349595662144,0.0874801981916967));
#12261=CARTESIAN_POINT('',(0.0654323709517779,0.0366593038726288,0.085847989519268));
#12262=CARTESIAN_POINT('',(0.0639936168707382,0.0357456083614778,0.08560512915953));
#12263=CARTESIAN_POINT('',(0.0413188956084016,0.0625919233264332,0.03));
#12264=CARTESIAN_POINT('',(0.0417634921642474,0.0622984311679794,0.03));
#12265=CARTESIAN_POINT('',(0.0424012535641367,0.0613388691745962,0.03));
#12266=CARTESIAN_POINT('',(0.0421609251970337,0.060212041282547,0.03));
#12267=CARTESIAN_POINT('',(0.0418553624807555,0.0597756524983596,0.03));
#12268=CARTESIAN_POINT('',(0.0364862987983164,0.0631961232988231,0.03));
#12269=CARTESIAN_POINT('',(0.0375140818630577,0.0649762957861139,0.0299999999999998));
#12270=CARTESIAN_POINT('',(0.0392654276772794,0.063900126676873,0.0300000000000064));
#12271=CARTESIAN_POINT('',(0.0364862987983179,0.063196123298847,0.0333412683304071));
#12272=CARTESIAN_POINT('',(0.0375140818621933,0.0649762957868742,0.0333426129055474));
#12273=CARTESIAN_POINT('',(0.0392654276764918,0.063900126677357,0.0332935359256525));
#12274=CARTESIAN_POINT('',(0.0366888744393142,0.0630725808094669,0.0399925725062779));
#12275=CARTESIAN_POINT('',(0.037721014429432,0.0648577473430111,0.040014306020937));
#12276=CARTESIAN_POINT('',(0.0394706413930255,0.0637748806727334,0.0398396587614104));
#12277=CARTESIAN_POINT('',(0.0377347537434262,0.0624200620710177,0.0498682726324321));
#12278=CARTESIAN_POINT('',(0.0387894484079155,0.0642305939820196,0.0499211284238392));
#12279=CARTESIAN_POINT('',(0.0405243558450913,0.0631165046097525,0.0495192586933097));
#12280=CARTESIAN_POINT('',(0.039674959795399,0.0611512504486099,0.0595884320964761));
#12281=CARTESIAN_POINT('',(0.0407791799208376,0.0630023883970812,0.0596965186542442));
#12282=CARTESIAN_POINT('',(0.0424679192533783,0.0618416824760486,0.0589960704456376));
#12283=CARTESIAN_POINT('',(0.0422759543678869,0.0593056659544574,0.0676051312100603));
#12284=CARTESIAN_POINT('',(0.0434476004950079,0.0612033833903021,0.0677518342502902));
#12285=CARTESIAN_POINT('',(0.0450531770635423,0.0599957616996189,0.0667599459090225));
#12286=CARTESIAN_POINT('',(0.0449272564921854,0.0572274123556863,0.07354678683966));
#12287=CARTESIAN_POINT('',(0.0461738444703125,0.0591554014994522,0.0737365500437138));
#12288=CARTESIAN_POINT('',(0.0476701809052226,0.0579223095768736,0.0724864822059935));
#12289=CARTESIAN_POINT('',(0.0471979776253893,0.0553179369522377,0.077759070570425));
#12290=CARTESIAN_POINT('',(0.0485289815040612,0.0572449436867438,0.0780101823347359));
#12291=CARTESIAN_POINT('',(0.0499028944357795,0.0560183813265799,0.0765359016609247));
#12292=CARTESIAN_POINT('',(0.0497415161187318,0.0529961623845349,0.0816822228548062));
#12293=CARTESIAN_POINT('',(0.0511770559108961,0.0548954218767104,0.0819970796951244));
#12294=CARTESIAN_POINT('',(0.0523958655221687,0.0537024248256124,0.0803012156913533));
#12295=CARTESIAN_POINT('',(0.0524122905017442,0.0503218799583245,0.0851405026349581));
#12296=CARTESIAN_POINT('',(0.0539651209322935,0.0521601494721576,0.0855115270777426));
#12297=CARTESIAN_POINT('',(0.055008184192709,0.05103086962574,0.083619391988326));
#12298=CARTESIAN_POINT('',(0.0551738110251795,0.0472637613741673,0.0881785076057761));
#12299=CARTESIAN_POINT('',(0.0568509080414395,0.0490051076567174,0.0885916973236759));
#12300=CARTESIAN_POINT('',(0.057707170783466,0.0479687521760698,0.0865372760489085));
#12301=CARTESIAN_POINT('',(0.0589179004179926,0.0426158754765092,0.0916902586358811));
#12302=CARTESIAN_POINT('',(0.0607577570870347,0.0441816385721297,0.0921317496442671));
#12303=CARTESIAN_POINT('',(0.0613674026582663,0.0433011654148587,0.0899172897329312));
#12304=CARTESIAN_POINT('',(0.0615325276489351,0.0387031875612996,0.0936191330402703));
#12305=CARTESIAN_POINT('',(0.0634694954780432,0.0401088513715207,0.0940478113024839));
#12306=CARTESIAN_POINT('',(0.0639274563733368,0.0393541462963082,0.0917824987365331));
#12307=CARTESIAN_POINT('',(0.063140466835098,0.0359099275966582,0.0946806169371675));
#12308=CARTESIAN_POINT('',(0.0651394897842038,0.0371807049267157,0.0950976589134984));
#12309=CARTESIAN_POINT('',(0.0655032921045918,0.0365283276849699,0.0928114079233851));
#12310=CARTESIAN_POINT('',(0.0364862987983164,0.0631961232988232,0.03));
#12311=CARTESIAN_POINT('',(0.0367526649675947,0.0636574830374306,0.03));
#12312=CARTESIAN_POINT('',(0.0376723507040569,0.0643515125530007,0.03));
#12313=CARTESIAN_POINT('',(0.0388115388250311,0.0641790328516856,0.03));
#12314=CARTESIAN_POINT('',(0.0392654276772794,0.0639001266768731,0.03));
#12315=CARTESIAN_POINT('',(0.0402170583921775,0.0609228053710617,0.1));
#12316=CARTESIAN_POINT('',(0.0418553624807553,0.0597756524983594,0.007));
#12317=CARTESIAN_POINT('',(0.0419843185611653,0.0599598208675541,0.007));
#12318=CARTESIAN_POINT('',(0.0421638328381662,0.0603567231509765,0.00683938530413711));
#12319=CARTESIAN_POINT('',(0.0422540690107785,0.0610160713582914,0.00624159889486314));
#12320=CARTESIAN_POINT('',(0.0421232750568687,0.0616456691239614,0.00533075290787663));
#12321=CARTESIAN_POINT('',(0.0417905251465284,0.0622087058662628,0.00417760434268795));
#12322=CARTESIAN_POINT('',(0.0414874045424932,0.0624806852834592,0.00339319863478485));
#12323=CARTESIAN_POINT('',(0.0413188956084016,0.0625919233264332,0.003));
#12324=CARTESIAN_POINT('',(0.0382183496058853,0.0621961232988232,0.1));
#12325=CARTESIAN_POINT('',(0.0364862987983163,0.0631961232988229,0.007));
#12326=CARTESIAN_POINT('',(0.0365987128308995,0.0633908301147409,0.00700000000000001));
#12327=CARTESIAN_POINT('',(0.0368825624493538,0.0637212634549722,0.00683938530413684));
#12328=CARTESIAN_POINT('',(0.0374419994095987,0.064081697794139,0.00624159889486424));
#12329=CARTESIAN_POINT('',(0.0380678846807565,0.0642292377285471,0.00533075290786733));
#12330=CARTESIAN_POINT('',(0.0387187954534658,0.0641656135029536,0.00417760434272168));
#12331=CARTESIAN_POINT('',(0.039093396819783,0.0640058364077386,0.0033931986347121));
#12332=CARTESIAN_POINT('',(0.0392654276772794,0.0639001266768731,0.003));
#12333=CARTESIAN_POINT('',(0.0713985620933851,0.0125894928808525,0.08));
#12334=CARTESIAN_POINT('',(0.0708787971669631,0.0124978443006983,0.00100000000000001));
#12335=CARTESIAN_POINT('',(0.0708787971669631,0.0124978443006983,0.03));
#12336=CARTESIAN_POINT('',(0.0708787971669631,0.0124978443006983,0.007));
#12337=CARTESIAN_POINT('',(0.0713985620933851,0.0125894928808525,0.007));
#12338=CARTESIAN_POINT('',(0.0718639798706033,0.0126715585922774,0.007));
#12339=CARTESIAN_POINT('',(0.0718639798706033,0.0126715585922774,0.08));
#12340=CARTESIAN_POINT('',(0.0718639798706033,0.0126715585922774,0.03));
#12341=CARTESIAN_POINT('',(0.0718639798706033,0.0126715585922774,0.03));
#12342=CARTESIAN_POINT('',(0.0715355856360566,0.0126136538284177,0.03));
#12343=CARTESIAN_POINT('',(0.0712071914015098,0.012555749064558,0.03));
#12344=CARTESIAN_POINT('',(0.0708787971669631,0.0124978443006984,0.03));
#12345=CARTESIAN_POINT('',(0.0466021017022742,0.0555382221261259,0.08));
#12346=CARTESIAN_POINT('',(0.0469058815817579,0.0559002528888585,0.001));
#12347=CARTESIAN_POINT('',(0.0469058815817579,0.0559002528888585,0.03));
#12348=CARTESIAN_POINT('',(0.0469058815817579,0.0559002528888585,0.007));
#12349=CARTESIAN_POINT('',(0.0462807078974309,0.0551551999045664,0.007));
#12350=CARTESIAN_POINT('',(0.0462628492404292,0.0551339167859258,0.007));
#12351=CARTESIAN_POINT('',(0.0462628492404292,0.0551339167859258,0.08));
#12352=CARTESIAN_POINT('',(0.0462628492404292,0.0551339167859257,0.03));
#12353=CARTESIAN_POINT('',(0.0462628492404292,0.0551339167859257,0.03));
#12354=CARTESIAN_POINT('',(0.0464771933542054,0.05538936215357,0.03));
#12355=CARTESIAN_POINT('',(0.0466915374679817,0.0556448075212142,0.03));
#12356=CARTESIAN_POINT('',(0.0469058815817579,0.0559002528888585,0.03));
#12357=CARTESIAN_POINT('',(0.0718968982377045,0.0126773629885582,0.03));
#12358=CARTESIAN_POINT('',(0.0663446669866456,0.0116983548158638,0.03));
#12359=CARTESIAN_POINT('',(0.0718968982376995,0.0126773629885867,0.0536527989975214));
#12360=CARTESIAN_POINT('',(0.0663446669866406,0.0116983548158923,0.0536527989975214));
#12361=CARTESIAN_POINT('',(0.0704396733785256,0.0209416958395143,0.0689137744887856));
#12362=CARTESIAN_POINT('',(0.0648874421274667,0.0199626876668199,0.0689137744887856));
#12363=CARTESIAN_POINT('',(0.0675252236601829,0.0374703615413412,0.0757829264737925));
#12364=CARTESIAN_POINT('',(0.061972992409124,0.0364913533686468,0.0757829264737925));
#12365=CARTESIAN_POINT('',(0.0629884007155133,0.0363663701090434,0.0756591236435738));
#12366=CARTESIAN_POINT('',(0.0626982096811419,0.0361983953549042,0.0756110712071122));
#12367=CARTESIAN_POINT('',(0.0624079493704354,0.0360308134863844,0.0755626198241371));
#12368=CARTESIAN_POINT('',(0.0621176197833939,0.0358636245034841,0.0755137694946487));
#12369=CARTESIAN_POINT('',(0.0621176197833943,0.0358636245034822,0.0755137694946532));
#12370=CARTESIAN_POINT('',(0.0629884007155138,0.0363663701090403,0.0756591236435812));
#12371=CARTESIAN_POINT('',(0.0621176197833942,0.0358636245034822,0.0755137694946532));
#12372=CARTESIAN_POINT('',(0.0631937574469402,0.0339792581564941,0.0746402796168665));
#12373=CARTESIAN_POINT('',(0.0646208657319339,0.0311962541295622,0.0730911084113702));
#12374=CARTESIAN_POINT('',(0.0661879567786201,0.027661854796288,0.0704425025570866));
#12375=CARTESIAN_POINT('',(0.0671734176423574,0.0252088557972957,0.0682195435219625));
#12376=CARTESIAN_POINT('',(0.0680001863689324,0.0229486383585506,0.0657511074706666));
#12377=CARTESIAN_POINT('',(0.0686885693366478,0.0208875633390605,0.0630280683840729));
#12378=CARTESIAN_POINT('',(0.0692480666665202,0.0190601781779065,0.0600878916074511));
#12379=CARTESIAN_POINT('',(0.0696877271476878,0.0175045721507859,0.0570266333600791));
#12380=CARTESIAN_POINT('',(0.0700341326984321,0.0161878381992953,0.0538396834826943));
#12381=CARTESIAN_POINT('',(0.0703941903790748,0.014727090967201,0.0494189446089285));
#12382=CARTESIAN_POINT('',(0.0707901153948991,0.0129592480103987,0.0415353133462698));
#12383=CARTESIAN_POINT('',(0.070878797166961,0.0124978443007022,0.0346414605434291));
#12384=CARTESIAN_POINT('',(0.0708787971669631,0.0124978443006983,0.03));
#12385=CARTESIAN_POINT('',(0.0718639798706033,0.0126715585922774,0.03));
#12386=CARTESIAN_POINT('',(0.071863979870601,0.0126715585922805,0.0346733212054674));
#12387=CARTESIAN_POINT('',(0.0717744074832594,0.0131387461563205,0.0416129415722602));
#12388=CARTESIAN_POINT('',(0.0713727036340153,0.0149353805428316,0.0495511229900933));
#12389=CARTESIAN_POINT('',(0.0710073702576339,0.0164195527708569,0.0539959564987288));
#12390=CARTESIAN_POINT('',(0.0706557534886342,0.0177576636183584,0.0571985894698015));
#12391=CARTESIAN_POINT('',(0.0702093124319901,0.0193388719007152,0.0602730672729972));
#12392=CARTESIAN_POINT('',(0.069640473233297,0.0211979859575963,0.063224706612101));
#12393=CARTESIAN_POINT('',(0.068942610418021,0.0232883994743226,0.0659470237947499));
#12394=CARTESIAN_POINT('',(0.068104040856394,0.025581800977379,0.0684136875938876));
#12395=CARTESIAN_POINT('',(0.0671042603951117,0.028070920339124,0.0706317805657371));
#12396=CARTESIAN_POINT('',(0.0655160675684179,0.0316527727201585,0.0732664463473761));
#12397=CARTESIAN_POINT('',(0.0640749450201021,0.0344630079557793,0.0747972911741774));
#12398=CARTESIAN_POINT('',(0.0629884007155138,0.0363663701090403,0.0756591236435812));
#12399=CARTESIAN_POINT('',(0.043303405946392,0.0516069896081781,0.03));
#12400=CARTESIAN_POINT('',(0.046927367519941,0.0559258588328785,0.03));
#12401=CARTESIAN_POINT('',(0.0433034059463741,0.0516069896081931,0.0536527989975401));
#12402=CARTESIAN_POINT('',(0.046927367519923,0.0559258588328934,0.0536527989975401));
#12403=CARTESIAN_POINT('',(0.0497319157109722,0.0462128294356992,0.0689137744888098));
#12404=CARTESIAN_POINT('',(0.0533558772845212,0.0505316986603996,0.0689137744888098));
#12405=CARTESIAN_POINT('',(0.0625889352401865,0.0354245090906964,0.0757829264738088));
#12406=CARTESIAN_POINT('',(0.0662128968137355,0.0397433783153968,0.0757829264738088));
#12407=CARTESIAN_POINT('',(0.0462628492404292,0.0551339167859257,0.03));
#12408=CARTESIAN_POINT('',(0.0462628492404291,0.0551339167859266,0.0346414605434182));
#12409=CARTESIAN_POINT('',(0.04661809568839,0.0548264142636299,0.0415353133462441));
#12410=CARTESIAN_POINT('',(0.0479511300909563,0.0535996116635508,0.0494189446088864));
#12411=CARTESIAN_POINT('',(0.0490361454621269,0.0525574189492537,0.053839683482647));
#12412=CARTESIAN_POINT('',(0.0500032677387628,0.0515990559665638,0.0570266333600294));
#12413=CARTESIAN_POINT('',(0.0511306318359367,0.0504404958072861,0.0600878916074006));
#12414=CARTESIAN_POINT('',(0.052433445143048,0.0490422643257062,0.0630280683840226));
#12415=CARTESIAN_POINT('',(0.0538741969851656,0.0474155696784023,0.0657511074706228));
#12416=CARTESIAN_POINT('',(0.0554182183418988,0.0455694582387779,0.0682195435219253));
#12417=CARTESIAN_POINT('',(0.0570498473586066,0.0434895245968677,0.0704425025570575));
#12418=CARTESIAN_POINT('',(0.0593271814449884,0.0403651842737808,0.0730911084113542));
#12419=CARTESIAN_POINT('',(0.0610237794886475,0.0377377702315719,0.0746402796168623));
#12420=CARTESIAN_POINT('',(0.0621176197834024,0.0358636245034869,0.0755137694946546));
#12421=CARTESIAN_POINT('',(0.0629884007155232,0.0363663701090457,0.0756591236435828));
#12422=CARTESIAN_POINT('',(0.0618833128904921,0.0382590261557782,0.0747972911741731));
#12423=CARTESIAN_POINT('',(0.0601701390599944,0.0409121925103844,0.0732664463473596));
#12424=CARTESIAN_POINT('',(0.0578622603187693,0.0440785340349041,0.0706317805657069));
#12425=CARTESIAN_POINT('',(0.0562065099490966,0.0461889289934371,0.0684136875938494));
#12426=CARTESIAN_POINT('',(0.0546396507671951,0.0480618522881587,0.0659470237947051));
#12427=CARTESIAN_POINT('',(0.0531782309649421,0.0497114259728929,0.0632247066120499));
#12428=CARTESIAN_POINT('',(0.0518526105625068,0.0511336121980547,0.0602730672729459));
#12429=CARTESIAN_POINT('',(0.0507064645496419,0.0523108456355661,0.0571985894697516));
#12430=CARTESIAN_POINT('',(0.0497234349471333,0.0532844101136558,0.0539959564986815));
#12431=CARTESIAN_POINT('',(0.0486207707822711,0.0543428842124517,0.0495511229900512));
#12432=CARTESIAN_POINT('',(0.0472656916868737,0.0555890871439325,0.0416129415722349));
#12433=CARTESIAN_POINT('',(0.0469058815817579,0.0559002528888592,0.0346733212054567));
#12434=CARTESIAN_POINT('',(0.0469058815817579,0.0559002528888585,0.03));
#12435=CARTESIAN_POINT('',(0.0700296224059574,0.0187643807699328,0.07));
#12436=CARTESIAN_POINT('',(0.0704861166299865,0.0188866980286109,0.001));
#12437=CARTESIAN_POINT('',(0.0704861166299865,0.0188866980286109,0.03));
#12438=CARTESIAN_POINT('',(0.0704861166299865,0.0188866980286109,0.007));
#12439=CARTESIAN_POINT('',(0.0695466594928129,0.0186349712473815,0.007));
#12440=CARTESIAN_POINT('',(0.069519823042077,0.0186277804420791,0.007));
#12441=CARTESIAN_POINT('',(0.069519823042077,0.0186277804420791,0.07));
#12442=CARTESIAN_POINT('',(0.069519823042077,0.0186277804420791,0.03));
#12443=CARTESIAN_POINT('',(0.0704861166299865,0.0188866980286109,0.03));
#12444=CARTESIAN_POINT('',(0.07016401876735,0.0188003921664336,0.03));
#12445=CARTESIAN_POINT('',(0.0698419209047135,0.0187140863042564,0.03));
#12446=CARTESIAN_POINT('',(0.069519823042077,0.0186277804420791,0.03));
#12447=CARTESIAN_POINT('',(0.0512652416360247,0.0512652416360247,0.07));
#12448=CARTESIAN_POINT('',(0.0508920425999982,0.0508920425999982,0.00100000000000001));
#12449=CARTESIAN_POINT('',(0.0508920425999982,0.0508920425999982,0.03));
#12450=CARTESIAN_POINT('',(0.0508920425999982,0.0508920425999982,0.007));
#12451=CARTESIAN_POINT('',(0.0512652416360247,0.0512652416360247,0.007));
#12452=CARTESIAN_POINT('',(0.0515994186013768,0.0515994186013767,0.007));
#12453=CARTESIAN_POINT('',(0.0515994186013768,0.0515994186013767,0.07));
#12454=CARTESIAN_POINT('',(0.0515994186013768,0.0515994186013767,0.03));
#12455=CARTESIAN_POINT('',(0.0508920425999982,0.0508920425999982,0.03));
#12456=CARTESIAN_POINT('',(0.0511278346004577,0.0511278346004577,0.03));
#12457=CARTESIAN_POINT('',(0.0513636266009172,0.0513636266009172,0.03));
#12458=CARTESIAN_POINT('',(0.0515994186013767,0.0515994186013767,0.03));
#12459=CARTESIAN_POINT('',(0.0705317437913409,0.0188989237896487,0.03));
#12460=CARTESIAN_POINT('',(0.0673567159521739,0.0180481776441976,0.03));
#12461=CARTESIAN_POINT('',(0.0705317437913456,0.0188989237896311,0.0484636572848187));
#12462=CARTESIAN_POINT('',(0.0673567159521787,0.01804817764418,0.0484636572848187));
#12463=CARTESIAN_POINT('',(0.0688773725828552,0.0250731211942966,0.0605353150634267));
#12464=CARTESIAN_POINT('',(0.0657023447436882,0.0242223750488454,0.0605353150634267));
#12465=CARTESIAN_POINT('',(0.0655686301658696,0.037421516003645,0.066214973335824));
#12466=CARTESIAN_POINT('',(0.0623936023267026,0.0365707698581939,0.066214973335824));
#12467=CARTESIAN_POINT('',(0.069519823042077,0.0186277804420791,0.03));
#12468=CARTESIAN_POINT('',(0.0695198230420769,0.0186277804420753,0.0336107567385682));
#12469=CARTESIAN_POINT('',(0.0694406869589683,0.0189763372970641,0.038965187885161));
#12470=CARTESIAN_POINT('',(0.0691092368300735,0.0202789454301388,0.0450566314190014));
#12471=CARTESIAN_POINT('',(0.0688170964543591,0.0213435691041768,0.04847624112461));
#12472=CARTESIAN_POINT('',(0.0684349911769887,0.0226600614430588,0.0518650783127239));
#12473=CARTESIAN_POINT('',(0.0677832950504574,0.0247252477935152,0.055807931107571));
#12474=CARTESIAN_POINT('',(0.0665689548674308,0.0280037236765777,0.0600670392899975));
#12475=CARTESIAN_POINT('',(0.0648819748051269,0.0318183498494744,0.0634837523343496));
#12476=CARTESIAN_POINT('',(0.0633761984469472,0.0346640710161941,0.0652492061255747));
#12477=CARTESIAN_POINT('',(0.0625381940810974,0.0361064431873422,0.0659945824627153));
#12478=CARTESIAN_POINT('',(0.0625381940811,0.0361064431873436,0.0659945824627156));
#12479=CARTESIAN_POINT('',(0.0625381940810995,0.0361064431873454,0.0659945824627116));
#12480=CARTESIAN_POINT('',(0.0628258878028696,0.036272214803654,0.066034238473901));
#12481=CARTESIAN_POINT('',(0.063113505311868,0.0364382708498986,0.0660736000215527));
#12482=CARTESIAN_POINT('',(0.0634010466080948,0.0366046113260789,0.0661126671056669));
#12483=CARTESIAN_POINT('',(0.0634010466080952,0.0366046113260773,0.0661126671056707));
#12484=CARTESIAN_POINT('',(0.0634010466080951,0.0366046113260773,0.0661126671056707));
#12485=CARTESIAN_POINT('',(0.0642479040807084,0.0351478162526662,0.0653760261107716));
#12486=CARTESIAN_POINT('',(0.0657730422004808,0.0322688471858572,0.063625066091034));
#12487=CARTESIAN_POINT('',(0.0674848140685051,0.0284048183404802,0.0602199713830189));
#12488=CARTESIAN_POINT('',(0.0687194319664826,0.0250788294381504,0.055959998029635));
#12489=CARTESIAN_POINT('',(0.0695168689925951,0.0225557562521151,0.0511985291586931));
#12490=CARTESIAN_POINT('',(0.0700222954438684,0.0207451066205925,0.0460184231300795));
#12491=CARTESIAN_POINT('',(0.0704049464672379,0.0192428612692673,0.0390300982025752));
#12492=CARTESIAN_POINT('',(0.0704861166299859,0.0188866980286074,0.0336344973092364));
#12493=CARTESIAN_POINT('',(0.0704861166299865,0.0188866980286109,0.03));
#12494=CARTESIAN_POINT('',(0.0493085383083794,0.0493085383083794,0.03));
#12495=CARTESIAN_POINT('',(0.0516328199338061,0.0516328199338061,0.03));
#12496=CARTESIAN_POINT('',(0.0493085383083814,0.0493085383083774,0.0484636572848138));
#12497=CARTESIAN_POINT('',(0.0516328199338081,0.0516328199338042,0.0484636572848138));
#12498=CARTESIAN_POINT('',(0.0538283645045612,0.0447887121121976,0.0605353150634202));
#12499=CARTESIAN_POINT('',(0.0561526461299879,0.0471129937376243,0.0605353150634202));
#12500=CARTESIAN_POINT('',(0.0628680168969189,0.0357490597198399,0.0662149733358194));
#12501=CARTESIAN_POINT('',(0.0651922985223456,0.0380733413452666,0.0662149733358194));
#12502=CARTESIAN_POINT('',(0.0625381940811,0.0361064431873436,0.0659945824627156));
#12503=CARTESIAN_POINT('',(0.0617080653220994,0.0375533623422271,0.0652492061255756));
#12504=CARTESIAN_POINT('',(0.0599964866787236,0.0402802635041914,0.0634837523343519));
#12505=CARTESIAN_POINT('',(0.0575364135382053,0.0436485441802765,0.0600670392900015));
#12506=CARTESIAN_POINT('',(0.0553043402292906,0.0463394315691486,0.0558079311075758));
#12507=CARTESIAN_POINT('',(0.0538416844495103,0.0479364101455027,0.0518650783127287));
#12508=CARTESIAN_POINT('',(0.0528926212788346,0.0489255691920679,0.0484762411246146));
#12509=CARTESIAN_POINT('',(0.0521167003195028,0.0497108820159276,0.0450566314190051));
#12510=CARTESIAN_POINT('',(0.0511543336495285,0.0506492303141768,0.0389651878851637));
#12511=CARTESIAN_POINT('',(0.0508920425999965,0.0508920425999998,0.0336107567385693));
#12512=CARTESIAN_POINT('',(0.0508920425999982,0.0508920425999982,0.03));
#12513=CARTESIAN_POINT('',(0.0515994186013768,0.0515994186013767,0.03));
#12514=CARTESIAN_POINT('',(0.0515994186013748,0.0515994186013779,0.0336344973092373));
#12515=CARTESIAN_POINT('',(0.0518672799343085,0.0513510415580787,0.0390300982025776));
#12516=CARTESIAN_POINT('',(0.052976937059591,0.050268533375393,0.0460184231300833));
#12517=CARTESIAN_POINT('',(0.0542922924122081,0.0489254964130832,0.0511985291586978));
#12518=CARTESIAN_POINT('',(0.0560786193738674,0.0469733590975317,0.0559599980296398));
#12519=CARTESIAN_POINT('',(0.0583417013070027,0.0442411541827482,0.060219971383023));
#12520=CARTESIAN_POINT('',(0.0608321625140432,0.0408267018368633,0.0636250660910362));
#12521=CARTESIAN_POINT('',(0.0625628538027229,0.0380664089474533,0.0653760261107726));
#12522=CARTESIAN_POINT('',(0.0634010466080978,0.0366046113260788,0.0661126671056711));
#12523=CARTESIAN_POINT('',(0.0494778290376251,0.0523062561623713,0.08));
#12524=CARTESIAN_POINT('',(0.0508920425999982,0.0508920425999982,0.007));
#12525=CARTESIAN_POINT('',(0.0507348797365682,0.0507348797365683,0.00700000000000005));
#12526=CARTESIAN_POINT('',(0.0503792425029078,0.0504911441813701,0.00684141795535836));
#12527=CARTESIAN_POINT('',(0.0497607408524469,0.0502890356490958,0.00624241956814758));
#12528=CARTESIAN_POINT('',(0.0491434043816604,0.0502988618391278,0.00533003023132644));
#12529=CARTESIAN_POINT('',(0.0485560469331177,0.050498965293616,0.00417780060349634));
#12530=CARTESIAN_POINT('',(0.04824220824508,0.0507220447935842,0.00339309305237187));
#12531=CARTESIAN_POINT('',(0.0481034448976911,0.0508533046023054,0.003));
#12532=CARTESIAN_POINT('',(0.0508920425999982,0.0508920425999982,0.0299999999999987));
#12533=CARTESIAN_POINT('',(0.0505283504824414,0.0505283504824414,0.0299999999999987));
#12534=CARTESIAN_POINT('',(0.0495084941329249,0.0500987952870741,0.0299999999999987));
#12535=CARTESIAN_POINT('',(0.0484770992336749,0.0504998553839637,0.0299999999999987));
#12536=CARTESIAN_POINT('',(0.048103444897691,0.0508533046023055,0.0299999999999987));
#12537=CARTESIAN_POINT('',(0.0508920425999982,0.0508920425999981,0.03));
#12538=CARTESIAN_POINT('',(0.0495165819891875,0.0495165819891873,0.03));
#12539=CARTESIAN_POINT('',(0.048103444897691,0.0508533046023054,0.0299999999999987));
#12540=CARTESIAN_POINT('',(0.0508920425997733,0.0508920425997767,0.033803823251404));
#12541=CARTESIAN_POINT('',(0.0495165819886877,0.0495165819898197,0.0338063934022178));
#12542=CARTESIAN_POINT('',(0.0481034448973798,0.0508533046025997,0.0338989188326939));
#12543=CARTESIAN_POINT('',(0.0511867315421004,0.0506194192538589,0.0394167894800824));
#12544=CARTESIAN_POINT('',(0.0498075700064751,0.0492313324497342,0.0394554937769315));
#12545=CARTESIAN_POINT('',(0.0483958086367396,0.0505823935259049,0.039682693988439));
#12546=CARTESIAN_POINT('',(0.0523841225821768,0.0494483186043108,0.0465884249068477));
#12547=CARTESIAN_POINT('',(0.0509714606443327,0.0480258874749559,0.0466096061530071));
#12548=CARTESIAN_POINT('',(0.049608266889832,0.0493954953748258,0.0471660401515972));
#12549=CARTESIAN_POINT('',(0.0537849942582768,0.0480078468761633,0.0518346846070545));
#12550=CARTESIAN_POINT('',(0.0523309822043049,0.0465486695386931,0.0518380668052179));
#12551=CARTESIAN_POINT('',(0.0510435092503107,0.0479217529637265,0.0526969415179218));
#12552=CARTESIAN_POINT('',(0.0556455243822268,0.0459487671818628,0.0565623379628767));
#12553=CARTESIAN_POINT('',(0.0541231471135978,0.044464058361721,0.0565155009862284));
#12554=CARTESIAN_POINT('',(0.0529743478845582,0.0457978800249642,0.0577319440966741));
#12555=CARTESIAN_POINT('',(0.0579566579300151,0.0431066085915432,0.0607313338246652));
#12556=CARTESIAN_POINT('',(0.0563266992414167,0.0416479637329112,0.0606048737631531));
#12557=CARTESIAN_POINT('',(0.055399253418319,0.0428567001443434,0.062198250671751));
#12558=CARTESIAN_POINT('',(0.0604697422517938,0.0395781337531529,0.0640371553792827));
#12559=CARTESIAN_POINT('',(0.0587093267412731,0.0382274764742672,0.0638399235962219));
#12560=CARTESIAN_POINT('',(0.0580486041039294,0.039220164234068,0.0657342963627947));
#12561=CARTESIAN_POINT('',(0.06220604808344,0.0367219503790796,0.0657268331301646));
#12562=CARTESIAN_POINT('',(0.0603651481933984,0.0354916876273748,0.0655132398408173));
#12563=CARTESIAN_POINT('',(0.0598751716727172,0.0363048268328115,0.0675271212551152));
#12564=CARTESIAN_POINT('',(0.0630367343774193,0.0352220772875946,0.066429030046233));
#12565=CARTESIAN_POINT('',(0.0611657489150202,0.0340508770682245,0.0662181849407018));
#12566=CARTESIAN_POINT('',(0.0607467424400214,0.0347826577898485,0.068268961077255));
#12567=CARTESIAN_POINT('',(0.0625381940811,0.0361064431873437,0.0659945824627156));
#12568=CARTESIAN_POINT('',(0.0620321115390246,0.0358142562954444,0.0659245651586049));
#12569=CARTESIAN_POINT('',(0.0610055183353845,0.0352215524330148,0.0663959943301948));
#12570=CARTESIAN_POINT('',(0.060621778264951,0.0349999999999305,0.0675817780897807));
#12571=CARTESIAN_POINT('',(0.0606217782649163,0.0349999999999906,0.0681618077072875));
#12572=CARTESIAN_POINT('',(0.0680919761008297,0.0162321529897926,0.029999999999998));
#12573=CARTESIAN_POINT('',(0.0676409089058046,0.0181243269166176,0.0299999999999999));
#12574=CARTESIAN_POINT('',(0.069519823042077,0.0186277804420791,0.03));
#12575=CARTESIAN_POINT('',(0.0680919761009769,0.0162321529891751,0.0338989188327598));
#12576=CARTESIAN_POINT('',(0.0676409089062253,0.0181243269157441,0.0338063934024055));
#12577=CARTESIAN_POINT('',(0.0695198230418198,0.0186277804420062,0.0338038232515383));
#12578=CARTESIAN_POINT('',(0.0680035420960148,0.0166208029531955,0.0396826939884206));
#12579=CARTESIAN_POINT('',(0.0675393695668386,0.0185189547015313,0.0394554937768648));
#12580=CARTESIAN_POINT('',(0.0694310687696944,0.0190193002252162,0.0394167894800496));
#12581=CARTESIAN_POINT('',(0.0675818872720354,0.0182642716768847,0.0471660401515959));
#12582=CARTESIAN_POINT('',(0.0670773689147786,0.0201296360484992,0.0466096061530222));
#12583=CARTESIAN_POINT('',(0.0690155613768481,0.0206418216089606,0.04658842490685));
#12584=CARTESIAN_POINT('',(0.0670232100856271,0.020244099227204,0.0526969415179155));
#12585=CARTESIAN_POINT('',(0.0664778214350309,0.0220456252245556,0.0518380668052058));
#12586=CARTESIAN_POINT('',(0.0684685121048857,0.0225752479319739,0.0518346846070486));
#12587=CARTESIAN_POINT('',(0.0661493014833733,0.022978191004448,0.0577319440966727));
#12588=CARTESIAN_POINT('',(0.0655685776534089,0.024639991152274,0.0565155009862437));
#12589=CARTESIAN_POINT('',(0.0676155618431857,0.0252160541309745,0.0565623379628748));
#12590=CARTESIAN_POINT('',(0.064814617756542,0.0265488107387642,0.0621982506717357));
#12591=CARTESIAN_POINT('',(0.0642315442293062,0.0279563705878818,0.0606048737631144));
#12592=CARTESIAN_POINT('',(0.0663097470762654,0.0286386337900316,0.0607313338246559));
#12593=CARTESIAN_POINT('',(0.0629899606192628,0.0306614836911957,0.0657342963628365));
#12594=CARTESIAN_POINT('',(0.0624606291199682,0.0317300301599654,0.0638399235963353));
#12595=CARTESIAN_POINT('',(0.0645105403905568,0.0325792660738228,0.0640371553793038));
#12596=CARTESIAN_POINT('',(0.0613784881536024,0.033701006308062,0.0675271212550207));
#12597=CARTESIAN_POINT('',(0.0609192772050813,0.0345319080248621,0.0655132398406286));
#12598=CARTESIAN_POINT('',(0.0629051659464223,0.03551104271959,0.0657268331301153));
#12599=CARTESIAN_POINT('',(0.0604960364771713,0.0352168932552656,0.068268961077255));
#12600=CARTESIAN_POINT('',(0.0600717990197451,0.0359456538677765,0.0662181849407051));
#12601=CARTESIAN_POINT('',(0.0620215808938343,0.0369803746986394,0.0664290300462331));
#12602=CARTESIAN_POINT('',(0.0680919761008297,0.0162321529897926,0.03));
#12603=CARTESIAN_POINT('',(0.0679727072667899,0.0167324717461597,0.03));
#12604=CARTESIAN_POINT('',(0.0681410764840643,0.0178262159786887,0.03));
#12605=CARTESIAN_POINT('',(0.0690230103703382,0.0184946598878972,0.03));
#12606=CARTESIAN_POINT('',(0.069519823042077,0.0186277804420791,0.03));
#12607=CARTESIAN_POINT('',(0.070037461132282,0.016695928789501,0.08));
#12608=CARTESIAN_POINT('',(0.069519823042077,0.0186277804420791,0.007));
#12609=CARTESIAN_POINT('',(0.0693051345781002,0.0185702548415323,0.00700000000000001));
#12610=CARTESIAN_POINT('',(0.0689162347786613,0.0183841317402559,0.00684141795535515));
#12611=CARTESIAN_POINT('',(0.0684319528301687,0.0179495478647745,0.00624241956816274));
#12612=CARTESIAN_POINT('',(0.0681317943248996,0.0174100057036516,0.00533003023120333));
#12613=CARTESIAN_POINT('',(0.0680114102758727,0.016801287503724,0.00417780060394444));
#12614=CARTESIAN_POINT('',(0.0680476834452152,0.0164179554800381,0.0033930930514069));
#12615=CARTESIAN_POINT('',(0.0680919761008297,0.0162321529897927,0.003));
#12616=CARTESIAN_POINT('',(0.0705315008116293,0.0144674598067228,0.08));
#12617=CARTESIAN_POINT('',(0.0708787971669631,0.0124978443006983,0.007));
#12618=CARTESIAN_POINT('',(0.0706599119709653,0.0124592489349663,0.00699999999999999));
#12619=CARTESIAN_POINT('',(0.0702287900328257,0.0124635775937703,0.00684141795535515));
#12620=CARTESIAN_POINT('',(0.0696062184497492,0.012652777948975,0.00624241956816258));
#12621=CARTESIAN_POINT('',(0.0691061620888083,0.0130149167452942,0.00533003023120439));
#12622=CARTESIAN_POINT('',(0.0687398016601991,0.0135157262924486,0.00417780060394054));
#12623=CARTESIAN_POINT('',(0.0686106732025099,0.0138784727943356,0.00339309305141524));
#12624=CARTESIAN_POINT('',(0.0685722924557507,0.0140655859232027,0.003));
#12625=CARTESIAN_POINT('',(0.0708787971669631,0.0124978443006983,0.03));
#12626=CARTESIAN_POINT('',(0.0703722727966575,0.0124085303878271,0.03));
#12627=CARTESIAN_POINT('',(0.0692904726448952,0.0126416249419527,0.03));
#12628=CARTESIAN_POINT('',(0.0686756420258418,0.013561737950985,0.03));
#12629=CARTESIAN_POINT('',(0.0685722924557507,0.0140655859232027,0.03));
#12630=CARTESIAN_POINT('',(0.0708787971669631,0.0124978443006983,0.03));
#12631=CARTESIAN_POINT('',(0.0689631540002884,0.0121600647250039,0.0299999999999999));
#12632=CARTESIAN_POINT('',(0.0685722924557507,0.0140655859232027,0.0299999999999982));
#12633=CARTESIAN_POINT('',(0.0708787971670085,0.0124978443007105,0.0345688847197379));
#12634=CARTESIAN_POINT('',(0.0689631540000939,0.0121600647240049,0.0345664150526311));
#12635=CARTESIAN_POINT('',(0.0685722924558274,0.0140655859228289,0.0344775070254277));
#12636=CARTESIAN_POINT('',(0.0707932315101481,0.0129430160490554,0.0413852510983342));
#12637=CARTESIAN_POINT('',(0.0688908516470246,0.0126012155646654,0.0413394061542911));
#12638=CARTESIAN_POINT('',(0.0684903564730231,0.0144912865226747,0.0411301177047955));
#12639=CARTESIAN_POINT('',(0.0704040985636048,0.0146845816086596,0.0492622955958263));
#12640=CARTESIAN_POINT('',(0.0685445338305601,0.0143455446299338,0.0492206185463741));
#12641=CARTESIAN_POINT('',(0.0681220062204462,0.0161279130412786,0.0487367829101794));
#12642=CARTESIAN_POINT('',(0.0700460978402294,0.016140882737481,0.0537142608019705));
#12643=CARTESIAN_POINT('',(0.0682197729613989,0.0157985575579763,0.0536598156327167));
#12644=CARTESIAN_POINT('',(0.0677841638371731,0.0174858355941872,0.0530075523683811));
#12645=CARTESIAN_POINT('',(0.0696991228173124,0.0174630472321,0.0569385016020731));
#12646=CARTESIAN_POINT('',(0.0679019118220847,0.0171113199315534,0.0568637523995784));
#12647=CARTESIAN_POINT('',(0.0674571458809385,0.0187127520683842,0.0560863713585091));
#12648=CARTESIAN_POINT('',(0.0692554479719075,0.0190357613678336,0.0600478181502497));
#12649=CARTESIAN_POINT('',(0.0674906720317747,0.0186672953622436,0.0599483992494709));
#12650=CARTESIAN_POINT('',(0.0670392727297671,0.020165345606615,0.0590423530704897));
#12651=CARTESIAN_POINT('',(0.0686862325399695,0.0208960283595181,0.0630441978227767));
#12652=CARTESIAN_POINT('',(0.0669567302173887,0.0205005442666276,0.062916771632403));
#12653=CARTESIAN_POINT('',(0.0665030999763926,0.0218762158710638,0.0618798397143373));
#12654=CARTESIAN_POINT('',(0.067981286368467,0.0230041970002141,0.0658212648224098));
#12655=CARTESIAN_POINT('',(0.0662878936119742,0.0225696181853252,0.0656653436463205));
#12656=CARTESIAN_POINT('',(0.0658383645392633,0.0238088319873395,0.0645022879704075));
#12657=CARTESIAN_POINT('',(0.0671308331225291,0.0253214734969406,0.0683341810638704));
#12658=CARTESIAN_POINT('',(0.0654729989450855,0.0248348842847024,0.0681519481709402));
#12659=CARTESIAN_POINT('',(0.0650348120038031,0.0259297292133651,0.0668725727056994));
#12660=CARTESIAN_POINT('',(0.0661146620676306,0.0278369969092796,0.0705886859786933));
#12661=CARTESIAN_POINT('',(0.0644913282486907,0.0272853896015647,0.0703848145148219));
#12662=CARTESIAN_POINT('',(0.0640720639781523,0.0282324830439537,0.0690004400293644));
#12663=CARTESIAN_POINT('',(0.064499160327314,0.0314519428251512,0.0732563162079492));
#12664=CARTESIAN_POINT('',(0.0629207375331746,0.03079621370773,0.0730325054102458));
#12665=CARTESIAN_POINT('',(0.0625365468703874,0.0315478974484438,0.071524004867165));
#12666=CARTESIAN_POINT('',(0.063046940461243,0.0342530927117555,0.0747824256443074));
#12667=CARTESIAN_POINT('',(0.0614971796711946,0.0335113214038886,0.0745580887996673));
#12668=CARTESIAN_POINT('',(0.0611496557149564,0.0341295164257162,0.0729762850992037));
#12669=CARTESIAN_POINT('',(0.0619632926540631,0.0361325694375572,0.0756372621550313));
#12670=CARTESIAN_POINT('',(0.0604371349352257,0.0353235961997781,0.0754143743757195));
#12671=CARTESIAN_POINT('',(0.0601115469940662,0.0358692335850681,0.0737927867645429));
#12672=CARTESIAN_POINT('',(0.0621176197833943,0.0358636245034822,0.0755137694946533));
#12673=CARTESIAN_POINT('',(0.0616853668454622,0.0356140631534081,0.0754407679803032));
#12674=CARTESIAN_POINT('',(0.0609031115341138,0.0351624278389752,0.0748795643474278));
#12675=CARTESIAN_POINT('',(0.0606217782649928,0.0349999999998581,0.0738679835394132));
#12676=CARTESIAN_POINT('',(0.0606217782648618,0.0350000000000849,0.073371031216919));
#12677=CARTESIAN_POINT('',(0.046467300956482,0.0523525543008152,0.03));
#12678=CARTESIAN_POINT('',(0.0450125019636609,0.0536438109268467,0.03));
#12679=CARTESIAN_POINT('',(0.0462628492404292,0.0551339167859258,0.03));
#12680=CARTESIAN_POINT('',(0.0464673009560755,0.052352554301176,0.0344775070252943));
#12681=CARTESIAN_POINT('',(0.0450125019627158,0.0536438109268347,0.0345664150501133));
#12682=CARTESIAN_POINT('',(0.0462628492401224,0.0551339167855601,0.0345688847175519));
#12683=CARTESIAN_POINT('',(0.0467950004986837,0.0520687453585382,0.0411301177048006));
#12684=CARTESIAN_POINT('',(0.0453583986210628,0.0533606198324243,0.0413394061549754));
#12685=CARTESIAN_POINT('',(0.0466055964552169,0.0548372288793623,0.041385251098815));
#12686=CARTESIAN_POINT('',(0.0480281855139677,0.0509314314230561,0.0487367829101365));
#12687=CARTESIAN_POINT('',(0.0466958729958889,0.0521885352728875,0.049220618546261));
#12688=CARTESIAN_POINT('',(0.0479192699988186,0.053629447082322,0.0492622955957373));
#12689=CARTESIAN_POINT('',(0.0490352597495138,0.0499598900602217,0.0530075523683358));
#12690=CARTESIAN_POINT('',(0.0477918386690099,0.0511807776460368,0.0536598156326849));
#12691=CARTESIAN_POINT('',(0.0490014634102482,0.0525912587969194,0.0537142608019271));
#12692=CARTESIAN_POINT('',(0.0499342916063633,0.0490632259655411,0.0560863713584608));
#12693=CARTESIAN_POINT('',(0.0487697936639917,0.0502491206377375,0.0568637523995264));
#12694=CARTESIAN_POINT('',(0.0499730039391014,0.0516296873652958,0.0569385016020163));
#12695=CARTESIAN_POINT('',(0.050983337936249,0.047975040431964,0.0590423530704407));
#12696=CARTESIAN_POINT('',(0.0499116880194683,0.0491149888169505,0.0599483992494245));
#12697=CARTESIAN_POINT('',(0.0511131769108259,0.0504590966103031,0.0600478181501946));
#12698=CARTESIAN_POINT('',(0.052196908671143,0.0466552660745154,0.0618798397142885));
#12699=CARTESIAN_POINT('',(0.0512323572349202,0.0477359571893739,0.0629167716323565));
#12700=CARTESIAN_POINT('',(0.0524396076674662,0.0490360080901935,0.0630441978227208));
#12701=CARTESIAN_POINT('',(0.0535382356050276,0.0451132802410426,0.0645022879703649));
#12702=CARTESIAN_POINT('',(0.0526898095081044,0.0461221907387698,0.0656653436462826));
#12703=CARTESIAN_POINT('',(0.0539128621800098,0.0473714224770397,0.0658212648223612));
#12704=CARTESIAN_POINT('',(0.0549732102138434,0.0433569347190623,0.066872572705666));
#12705=CARTESIAN_POINT('',(0.0542441401630453,0.0442838382061656,0.0681519481709107));
#12706=CARTESIAN_POINT('',(0.0554944558707913,0.0454762701129801,0.0683341810638303));
#12707=CARTESIAN_POINT('',(0.0564860795169616,0.0413717935561301,0.0690004400293322));
#12708=CARTESIAN_POINT('',(0.0558755046713504,0.0422084337865172,0.070384814514799));
#12709=CARTESIAN_POINT('',(0.0571648775222266,0.0433384784586973,0.0705886859786598));
#12710=CARTESIAN_POINT('',(0.0585895540614361,0.0383842895306354,0.0715240048671811));
#12711=CARTESIAN_POINT('',(0.0581306721777667,0.0390928502748937,0.0730325054102571));
#12712=CARTESIAN_POINT('',(0.0594877616485465,0.0401319399538051,0.0732563162079442));
#12713=CARTESIAN_POINT('',(0.0601318561009225,0.0358923970691414,0.0729762850990753));
#12714=CARTESIAN_POINT('',(0.0597702454855441,0.036502459154535,0.0745580887995726));
#12715=CARTESIAN_POINT('',(0.0611875186769614,0.0374737057146452,0.0747824256442568));
#12716=CARTESIAN_POINT('',(0.0611194409958834,0.0341235099652825,0.0737927867645465));
#12717=CARTESIAN_POINT('',(0.0608096991295417,0.0346782960861443,0.0754143743757284));
#12718=CARTESIAN_POINT('',(0.0622733693638651,0.0355955008219566,0.0756372621550336));
#12719=CARTESIAN_POINT('',(0.046467300956482,0.0523525543008152,0.03));
#12720=CARTESIAN_POINT('',(0.0460826305979417,0.0526939816400931,0.03));
#12721=CARTESIAN_POINT('',(0.0455932046672939,0.053686497079734,0.03));
#12722=CARTESIAN_POINT('',(0.0459322389378185,0.0547399107700408,0.03));
#12723=CARTESIAN_POINT('',(0.0462628492404293,0.0551339167859258,0.03));
#12724=CARTESIAN_POINT('',(0.0477949381266672,0.0538483415665527,0.08));
#12725=CARTESIAN_POINT('',(0.0462628492404292,0.0551339167859258,0.007));
#12726=CARTESIAN_POINT('',(0.046119982075238,0.0549636543285454,0.00700000000000005));
#12727=CARTESIAN_POINT('',(0.0459081698346621,0.0545881274485809,0.00684141795535875));
#12728=CARTESIAN_POINT('',(0.0457607363571044,0.053954364464388,0.00624241956814568));
#12729=CARTESIAN_POINT('',(0.04582432957418,0.0533402335541187,0.00533003023134181));
#12730=CARTESIAN_POINT('',(0.0460748631491872,0.0527725513432956,0.0041778006034403));
#12731=CARTESIAN_POINT('',(0.0463244466085393,0.0524793495654865,0.0033930930524926));
#12732=CARTESIAN_POINT('',(0.046467300956482,0.0523525543008151,0.003));
#12733=CARTESIAN_POINT('',(0.0710037547201916,0.0169548463760327,0.08));
#12734=CARTESIAN_POINT('',(0.0704861166299865,0.0188866980286109,0.007));
#12735=CARTESIAN_POINT('',(0.0707032838646055,0.0189448878137496,0.00700000000000001));
#12736=CARTESIAN_POINT('',(0.0711376475102612,0.0189778274793021,0.00683938530414171));
#12737=CARTESIAN_POINT('',(0.0717880947438818,0.0188371113765166,0.00624159889484129));
#12738=CARTESIAN_POINT('',(0.0723349889515725,0.018498870144756,0.00533075290805339));
#12739=CARTESIAN_POINT('',(0.0727502632511473,0.0179936176036968,0.00417760434204414));
#12740=CARTESIAN_POINT('',(0.0729021669509732,0.0176157549657802,0.00339319863617104));
#12741=CARTESIAN_POINT('',(0.07294906306869,0.0174193627151022,0.003));
#12742=CARTESIAN_POINT('',(0.0704861166299866,0.0188866980286109,0.0299999999999983));
#12743=CARTESIAN_POINT('',(0.0710006965542976,0.0190245793037713,0.0299999999999983));
#12744=CARTESIAN_POINT('',(0.0721417655519138,0.0188650162597615,0.0299999999999983));
#12745=CARTESIAN_POINT('',(0.0728253316308849,0.0179375270479566,0.0299999999999983));
#12746=CARTESIAN_POINT('',(0.07294906306869,0.0174193627151021,0.0299999999999983));
#12747=CARTESIAN_POINT('',(0.0704861166299865,0.0188866980286109,0.03));
#12748=CARTESIAN_POINT('',(0.0724716410420989,0.0194187176913887,0.0300000000000001));
#12749=CARTESIAN_POINT('',(0.07294906306869,0.0174193627151021,0.0299999999999983));
#12750=CARTESIAN_POINT('',(0.0704861166299663,0.0188866980286021,0.0338271190701269));
#12751=CARTESIAN_POINT('',(0.0724716410419194,0.0194187176903238,0.0338244239151597));
#12752=CARTESIAN_POINT('',(0.0729490630688458,0.0174193627144499,0.0339227970466718));
#12753=CARTESIAN_POINT('',(0.0703961748727745,0.0192827915073951,0.0394736180474785));
#12754=CARTESIAN_POINT('',(0.0723714844413155,0.0198051762969454,0.0394332020231766));
#12755=CARTESIAN_POINT('',(0.0728543703750452,0.017834842444328,0.0397413114956366));
#12756=CARTESIAN_POINT('',(0.0699742648905256,0.0209277102451998,0.0466866131379187));
#12757=CARTESIAN_POINT('',(0.0719026659272305,0.0214372599256606,0.0466656871535288));
#12758=CARTESIAN_POINT('',(0.0724018882535588,0.0195957847877817,0.0472688922532045));
#12759=CARTESIAN_POINT('',(0.0694185101127496,0.022888951176526,0.051958632210982));
#12760=CARTESIAN_POINT('',(0.0712948998261839,0.0233884239751686,0.0519561621676265));
#12761=CARTESIAN_POINT('',(0.071802025852876,0.0217185454407036,0.0528282329059103));
#12762=CARTESIAN_POINT('',(0.0685519934083539,0.0255674557988398,0.0567006841405453));
#12763=CARTESIAN_POINT('',(0.0703626569222775,0.0260785615895225,0.0567436820960604));
#12764=CARTESIAN_POINT('',(0.0708637012781798,0.0246498247999341,0.0578798450231974));
#12765=CARTESIAN_POINT('',(0.0672274217641711,0.0290344182572421,0.060869483107062));
#12766=CARTESIAN_POINT('',(0.0689615977769654,0.0296070735889332,0.060976349951924));
#12767=CARTESIAN_POINT('',(0.0694329811171334,0.0284724894311538,0.0623463471534551));
#12768=CARTESIAN_POINT('',(0.065403506363405,0.033024883851094,0.0641652275389155));
#12769=CARTESIAN_POINT('',(0.0670606490736163,0.0337156185281435,0.0643244063295819));
#12770=CARTESIAN_POINT('',(0.0674785979578568,0.0328727035102771,0.0658708413071438));
#12771=CARTESIAN_POINT('',(0.0637818074427896,0.0359855309810091,0.0658391152884634));
#12772=CARTESIAN_POINT('',(0.0653901039311664,0.0367815895381229,0.0660102490243699));
#12773=CARTESIAN_POINT('',(0.0657587805626767,0.0361148319751718,0.0676460743703119));
#12774=CARTESIAN_POINT('',(0.0628900305345959,0.0374689812641004,0.0665332560147536));
#12775=CARTESIAN_POINT('',(0.0644782487075458,0.0383146323578547,0.0667025551919743));
#12776=CARTESIAN_POINT('',(0.0648178243248868,0.03773128211164,0.0683790443327124));
#12777=CARTESIAN_POINT('',(0.0634010466080952,0.0366046113260773,0.0661126671056707));
#12778=CARTESIAN_POINT('',(0.0638447262166697,0.0368607698675216,0.0661727263580258));
#12779=CARTESIAN_POINT('',(0.0646538515190146,0.0373279185787852,0.0667328729419628));
#12780=CARTESIAN_POINT('',(0.0649519052839655,0.0374999999997712,0.0677650727164093));
#12781=CARTESIAN_POINT('',(0.0649519052838382,0.0374999999999916,0.0682731591783318));
#12782=CARTESIAN_POINT('',(0.05156014216336,0.0544660604422086,0.0299999999999988));
#12783=CARTESIAN_POINT('',(0.0530529233507112,0.0530529233507111,0.03));
#12784=CARTESIAN_POINT('',(0.0515994186013768,0.0515994186013767,0.03));
#12785=CARTESIAN_POINT('',(0.0515601421630122,0.0544660604425379,0.0339227970468162));
#12786=CARTESIAN_POINT('',(0.0530529233504435,0.0530529233507557,0.0338244239159066));
#12787=CARTESIAN_POINT('',(0.0515994186010554,0.0515994186010585,0.0338271190702843));
#12788=CARTESIAN_POINT('',(0.0518726118167755,0.0541763142993742,0.0397413114956071));
#12789=CARTESIAN_POINT('',(0.0533375280200662,0.0527729558873812,0.0394332020228261));
#12790=CARTESIAN_POINT('',(0.0518974747377433,0.0513234800154465,0.0394736180474453));
#12791=CARTESIAN_POINT('',(0.0531713915601018,0.0529039821156445,0.0472688922532147));
#12792=CARTESIAN_POINT('',(0.0545165446468093,0.0515509053299543,0.046665687153642));
#12793=CARTESIAN_POINT('',(0.0531110611606402,0.0501356358837238,0.0466866131379288));
#12794=CARTESIAN_POINT('',(0.0547098250113387,0.0513231057114225,0.0528282329059133));
#12795=CARTESIAN_POINT('',(0.0559024192300588,0.0500489824221621,0.0519561621675966));
#12796=CARTESIAN_POINT('',(0.05453166824124,0.0486737176622468,0.0519586322109842));
#12797=CARTESIAN_POINT('',(0.0567792251146772,0.0490448531131199,0.0578798450232026));
#12798=CARTESIAN_POINT('',(0.0577660252918331,0.0478965675777003,0.0567436820960742));
#12799=CARTESIAN_POINT('',(0.0564180629361204,0.046584039872275,0.0567006841405502));
#12800=CARTESIAN_POINT('',(0.0593743897149377,0.0458944807923374,0.0623463471534585));
#12801=CARTESIAN_POINT('',(0.0601212767482094,0.0449189587659185,0.0609763499519392));
#12802=CARTESIAN_POINT('',(0.0587582546769625,0.04370344595007,0.0608694831070639));
#12803=CARTESIAN_POINT('',(0.062207895309917,0.0420018282880998,0.065870841307146));
#12804=CARTESIAN_POINT('',(0.0627289066865456,0.0412184164280118,0.0643244063295597));
#12805=CARTESIAN_POINT('',(0.061302141553828,0.0401286560817493,0.0641652275389215));
#12806=CARTESIAN_POINT('',(0.0641557522252436,0.03889135850158,0.0676460743703116));
#12807=CARTESIAN_POINT('',(0.0645488428970482,0.0382386963912989,0.0660102490244146));
#12808=CARTESIAN_POINT('',(0.0630552877195561,0.0372439000541801,0.0658391152884546));
#12809=CARTESIAN_POINT('',(0.0650851609884909,0.0372682414275517,0.0683790443327123));
#12810=CARTESIAN_POINT('',(0.0654205693123452,0.0366824851933226,0.0667025551919764));
#12811=CARTESIAN_POINT('',(0.0638941048959435,0.0357298734556743,0.0665332560147535));
#12812=CARTESIAN_POINT('',(0.05156014216336,0.0544660604422086,0.03));
#12813=CARTESIAN_POINT('',(0.0519470199200445,0.0540998237073954,0.03));
#12814=CARTESIAN_POINT('',(0.0524084660997179,0.0530440935119386,0.03));
#12815=CARTESIAN_POINT('',(0.0519761172505274,0.0519761172505273,0.03));
#12816=CARTESIAN_POINT('',(0.0515994186013768,0.0515994186013767,0.03));
#12817=CARTESIAN_POINT('',(0.0501852050390037,0.0530136321637498,0.08));
#12818=CARTESIAN_POINT('',(0.0515994186013763,0.0515994186013762,0.007));
#12819=CARTESIAN_POINT('',(0.0517583960508567,0.0517583960508565,0.007));
#12820=CARTESIAN_POINT('',(0.0520041044608625,0.0521180961696832,0.00683938530412938));
#12821=CARTESIAN_POINT('',(0.0522074643578383,0.0527517580493071,0.00624159889489993));
#12822=CARTESIAN_POINT('',(0.0521879859631252,0.053394502941517,0.00533075290757926));
#12823=CARTESIAN_POINT('',(0.0519580615739154,0.0540067673079636,0.00417760434377122));
#12824=CARTESIAN_POINT('',(0.0517067747879538,0.05432725108261,0.00339319863245255));
#12825=CARTESIAN_POINT('',(0.0515601421633599,0.0544660604422087,0.003));
#12826=CARTESIAN_POINT('',(0.0715166835152695,0.0146411740983018,0.08));
#12827=CARTESIAN_POINT('',(0.0718639798706033,0.0126715585922774,0.007));
#12828=CARTESIAN_POINT('',(0.0720853922922741,0.012710599576082,0.00700000000000001));
#12829=CARTESIAN_POINT('',(0.0724929803509356,0.0128643161095794,0.0068393853041416));
#12830=CARTESIAN_POINT('',(0.0730230165490641,0.0132667390885234,0.00624159889484182));
#12831=CARTESIAN_POINT('',(0.0733757241067656,0.0138044172301658,0.00533075290804901));
#12832=CARTESIAN_POINT('',(0.073538561487576,0.0144378340452187,0.00417760434206014));
#12833=CARTESIAN_POINT('',(0.0735165413424145,0.0148444911738687,0.00339319863613655));
#12834=CARTESIAN_POINT('',(0.0734760447074686,0.0150423021557896,0.003));
#12835=CARTESIAN_POINT('',(0.0734760447074687,0.0150423021557896,0.03));
#12836=CARTESIAN_POINT('',(0.0735828916515317,0.014520394620791,0.03));
#12837=CARTESIAN_POINT('',(0.0733553442696822,0.0133909164176601,0.03));
#12838=CARTESIAN_POINT('',(0.0723886188078941,0.012764066592052,0.03));
#12839=CARTESIAN_POINT('',(0.0718639798706033,0.0126715585922774,0.03));
#12840=CARTESIAN_POINT('',(0.0734760447074687,0.0150423021557895,0.0299999999999986));
#12841=CARTESIAN_POINT('',(0.0738883173317471,0.0130285039047358,0.03));
#12842=CARTESIAN_POINT('',(0.0718639798706033,0.0126715585922774,0.03));
#12843=CARTESIAN_POINT('',(0.0734760447075167,0.0150423021555548,0.0345087539145804));
#12844=CARTESIAN_POINT('',(0.0738883173315098,0.0130285039048397,0.0346033612833246));
#12845=CARTESIAN_POINT('',(0.0718639798707716,0.0126715585923104,0.0346007693008019));
#12846=CARTESIAN_POINT('',(0.0733885748835606,0.0154979086118525,0.0412063456985437));
#12847=CARTESIAN_POINT('',(0.07381320399628,0.0134882213572813,0.0415127917882303));
#12848=CARTESIAN_POINT('',(0.0717775444861005,0.013122377372459,0.0414633939930586));
#12849=CARTESIAN_POINT('',(0.0729935325643453,0.0172560630498007,0.0488663856349045));
#12850=CARTESIAN_POINT('',(0.0734628026938973,0.0152723999884058,0.0494435645217639));
#12851=CARTESIAN_POINT('',(0.0713825697278302,0.0148930084370683,0.0493968223277925));
#12852=CARTESIAN_POINT('',(0.0726311047958033,0.0187146683926524,0.0531610908547253));
#12853=CARTESIAN_POINT('',(0.0731324434320054,0.0167700166154202,0.0539378665096212));
#12854=CARTESIAN_POINT('',(0.071019074953253,0.0163735803963945,0.0538746667812179));
#12855=CARTESIAN_POINT('',(0.0722801458784966,0.020032756108069,0.0562552185989539));
#12856=CARTESIAN_POINT('',(0.0728059308082131,0.0181373003888616,0.057204994079633));
#12857=CARTESIAN_POINT('',(0.0706666281473911,0.0177180343260983,0.0571157169273628));
#12858=CARTESIAN_POINT('',(0.071831463565422,0.0215937127280598,0.0592241120818908));
#12859=CARTESIAN_POINT('',(0.0723802479281141,0.0197707060460391,0.0603617417990167));
#12860=CARTESIAN_POINT('',(0.0702157427695171,0.0193177157400896,0.0602394020285932));
#12861=CARTESIAN_POINT('',(0.0712549754492791,0.023433910662194,0.0620726452793416));
#12862=CARTESIAN_POINT('',(0.0718220526229573,0.0217131805184776,0.0634095664810032));
#12863=CARTESIAN_POINT('',(0.0696365093393046,0.0212115958876767,0.0632481395461154));
#12864=CARTESIAN_POINT('',(0.0705423666003296,0.0255060019694369,0.0646939000536095));
#12865=CARTESIAN_POINT('',(0.0711183919920773,0.023917352348954,0.0662267419635694));
#12866=CARTESIAN_POINT('',(0.068921316276151,0.023350858050007,0.0660243559056961));
#12867=CARTESIAN_POINT('',(0.0696806087362225,0.0277808368972027,0.06706185155802));
#12868=CARTESIAN_POINT('',(0.0702528468408144,0.0263507111090523,0.0687756283815733));
#12869=CARTESIAN_POINT('',(0.0680582273864128,0.0257029065800565,0.0685348431698369));
#12870=CARTESIAN_POINT('',(0.0686476633974009,0.0302513612671302,0.0691846845384077));
#12871=CARTESIAN_POINT('',(0.069201581717344,0.0290001776445971,0.0710555097432798));
#12872=CARTESIAN_POINT('',(0.0670265757243756,0.0282564301376368,0.0707837091864652));
#12873=CARTESIAN_POINT('',(0.0670035324108414,0.0338007646737474,0.0716924214802319));
#12874=CARTESIAN_POINT('',(0.0675126467999585,0.0328045047263501,0.0737315441438385));
#12875=CARTESIAN_POINT('',(0.0653898950455924,0.0319175787967339,0.0734338295162166));
#12876=CARTESIAN_POINT('',(0.0655230580716475,0.0365569745331792,0.0731274753134849));
#12877=CARTESIAN_POINT('',(0.0659839053699396,0.0357379884204593,0.0752350382833928));
#12878=CARTESIAN_POINT('',(0.0639231764941953,0.034746175100963,0.0749410969389784));
#12879=CARTESIAN_POINT('',(0.0644145632461041,0.0384156744287239,0.0739331710446689));
#12880=CARTESIAN_POINT('',(0.0648335905827622,0.0377130585491279,0.0760719808332159));
#12881=CARTESIAN_POINT('',(0.0628283664610306,0.0366453416612745,0.0757842011193199));
#12882=CARTESIAN_POINT('',(0.0629884007155138,0.0363663701090403,0.0756591236435812));
#12883=CARTESIAN_POINT('',(0.0634978199368462,0.036660483433608,0.0757431652356865));
#12884=CARTESIAN_POINT('',(0.0645481079001389,0.0372668674720159,0.0753046433894173));
#12885=CARTESIAN_POINT('',(0.0649519052838474,0.0374999999999755,0.0741084564292792));
#12886=CARTESIAN_POINT('',(0.0649519052837843,0.0375000000000848,0.0735228311334794));
#12887=CARTESIAN_POINT('',(0.046905881581758,0.0559002528888585,0.03));
#12888=CARTESIAN_POINT('',(0.0482271740206808,0.0574749078998123,0.03));
#12889=CARTESIAN_POINT('',(0.0497650381520507,0.0561109702083753,0.03));
#12890=CARTESIAN_POINT('',(0.0469058815814256,0.0559002528884624,0.034600769298992));
#12891=CARTESIAN_POINT('',(0.0482271740197888,0.0574749079001948,0.0346033612822502));
#12892=CARTESIAN_POINT('',(0.0497650381515684,0.056110970208803,0.0345087539143287));
#12893=CARTESIAN_POINT('',(0.0472530844057448,0.0555999882601389,0.0414633939934524));
#12894=CARTESIAN_POINT('',(0.048587744345596,0.0571799991167292,0.0415127917881668));
#12895=CARTESIAN_POINT('',(0.050115870005236,0.0558074158907211,0.0412063456985767));
#12896=CARTESIAN_POINT('',(0.0485890085091666,0.0543726145532029,0.0493968223277118));
#12897=CARTESIAN_POINT('',(0.0499576877136371,0.0559844533719403,0.0494435645217439));
#12898=CARTESIAN_POINT('',(0.0514409552525765,0.0545862219878186,0.0488663856348593));
#12899=CARTESIAN_POINT('',(0.0496894740507871,0.0533175328646394,0.0538746667811738));
#12900=CARTESIAN_POINT('',(0.0510894821268193,0.05494954554526,0.0539378665095542));
#12901=CARTESIAN_POINT('',(0.0525229306493075,0.0535430476618036,0.0531610908546804));
#12902=CARTESIAN_POINT('',(0.0506775819051875,0.0523400780124376,0.0571157169273068));
#12903=CARTESIAN_POINT('',(0.0521103282968954,0.0539831354316884,0.0572049940795716));
#12904=CARTESIAN_POINT('',(0.0534889486366108,0.0525800644660341,0.0562552185989051));
#12905=CARTESIAN_POINT('',(0.0518375039587204,0.0511497591140226,0.0602394020285378));
#12906=CARTESIAN_POINT('',(0.0533120576506368,0.0527977804149896,0.0603617417989468));
#12907=CARTESIAN_POINT('',(0.0546164355671817,0.0514110158746992,0.0592241120818411));
#12908=CARTESIAN_POINT('',(0.0531880355631368,0.04970118817496,0.0632481395460593));
#12909=CARTESIAN_POINT('',(0.0547151922373805,0.0513431318642467,0.0634095664809312));
#12910=CARTESIAN_POINT('',(0.055921849668051,0.0499916635540876,0.0620726452792919));
#12911=CARTESIAN_POINT('',(0.0546830944094842,0.0480121817325086,0.0660243559056472));
#12912=CARTESIAN_POINT('',(0.0562722307214284,0.0496316579670396,0.0662267419635011));
#12913=CARTESIAN_POINT('',(0.0573600289546007,0.0483384805343288,0.0646939000535663));
#12914=CARTESIAN_POINT('',(0.0562884837425619,0.0460887005632631,0.0685348431697954));
#12915=CARTESIAN_POINT('',(0.0579468086485516,0.0476653944978939,0.0687756283815117));
#12916=CARTESIAN_POINT('',(0.058899214859399,0.046454758868236,0.0670618515579847));
#12917=CARTESIAN_POINT('',(0.0579840741815635,0.0439185022373091,0.0707837091864339));
#12918=CARTESIAN_POINT('',(0.0597156814130665,0.0454302389271031,0.0710555097432253));
#12919=CARTESIAN_POINT('',(0.0605222790550079,0.0443249397791469,0.0691846845383768));
#12920=CARTESIAN_POINT('',(0.0603363815879602,0.0406705208620764,0.0734338295161963));
#12921=CARTESIAN_POINT('',(0.0621658578514538,0.0420654148424735,0.0737315441438098));
#12922=CARTESIAN_POINT('',(0.0627740870801194,0.0411263788743736,0.0716924214802351));
#12923=CARTESIAN_POINT('',(0.0620526585688349,0.0379860071842398,0.0749410969389956));
#12924=CARTESIAN_POINT('',(0.0639419585372061,0.0392747440811404,0.0752350382833589));
#12925=CARTESIAN_POINT('',(0.0644207976670049,0.0384661455571831,0.0731274753134123));
#12926=CARTESIAN_POINT('',(0.0631499800394496,0.0360882906030715,0.0757842011193224));
#12927=CARTESIAN_POINT('',(0.0650772620492358,0.0372910071888422,0.0760719808332053));
#12928=CARTESIAN_POINT('',(0.0654762315817427,0.0365768109306162,0.0739331710446726));
#12929=CARTESIAN_POINT('',(0.0469058815817579,0.0559002528888585,0.03));
#12930=CARTESIAN_POINT('',(0.0472483153282614,0.0563083495364795,0.03));
#12931=CARTESIAN_POINT('',(0.04827454593249,0.0568321334320692,0.03));
#12932=CARTESIAN_POINT('',(0.0493664764403469,0.0564644561437499,0.03));
#12933=CARTESIAN_POINT('',(0.0497650381520507,0.0561109702083753,0.03));
#12934=CARTESIAN_POINT('',(0.0484379704679959,0.0546146776694854,0.08));
#12935=CARTESIAN_POINT('',(0.0469058815817574,0.0559002528888579,0.007));
#12936=CARTESIAN_POINT('',(0.0470503982763562,0.056072481178836,0.007));
#12937=CARTESIAN_POINT('',(0.0473873147286595,0.0563486045251844,0.00683938530412831));
#12938=CARTESIAN_POINT('',(0.0480008413506667,0.0566064178481176,0.00624159889490509));
#12939=CARTESIAN_POINT('',(0.0486428380584024,0.0566430324831154,0.0053307529075377));
#12940=CARTESIAN_POINT('',(0.0492728118052857,0.0564673453809887,0.00417760434392272));
#12941=CARTESIAN_POINT('',(0.0496139771281902,0.0562449468191483,0.00339319863212646));
#12942=CARTESIAN_POINT('',(0.0497650381520505,0.0561109702083754,0.003));
#12943=CARTESIAN_POINT('',(0.,6.12323399573677E-19,0.007));
#12944=CARTESIAN_POINT('',(0.0359861084308939,0.0623297681689909,0.007));
#12945=CARTESIAN_POINT('',(0.0359861084308936,0.0623297681689903,0.00500000000000002));
#12946=CARTESIAN_POINT('',(0.0342540576233247,0.0633297681689903,0.005));
#12947=CARTESIAN_POINT('',(0.0359063620176472,0.0621916433295261,0.00699999999527036));
#12948=CARTESIAN_POINT('',(0.0359860468487931,0.0623296615085019,0.00499556644548031));
#12949=CARTESIAN_POINT('',(0.0341704143608961,0.0631937510727497,0.00500000000000006));
#12950=CARTESIAN_POINT('',(0.0357835288182297,0.0619030333714175,0.00692418330502485));
#12951=CARTESIAN_POINT('',(0.0359488899151372,0.0623527011764628,0.00503077426023059));
#12952=CARTESIAN_POINT('',(0.0340732463678647,0.062891292924764,0.00496209165141502));
#12953=CARTESIAN_POINT('',(0.035706389140233,0.0614560978789703,0.00660691767986685));
#12954=CARTESIAN_POINT('',(0.035764969698078,0.0621831854500341,0.00509802225539954));
#12955=CARTESIAN_POINT('',(0.0341265988036827,0.0623734559777212,0.00480345884022702));
#12956=CARTESIAN_POINT('',(0.0357258316199403,0.0610401097484742,0.00614757339904142));
#12957=CARTESIAN_POINT('',(0.0356176702087958,0.0617881409334516,0.0050243098814379));
#12958=CARTESIAN_POINT('',(0.0343427306522141,0.0618492067490507,0.00457378669944377));
#12959=CARTESIAN_POINT('',(0.0358511492814216,0.0605402274462265,0.00541059234067776));
#12960=CARTESIAN_POINT('',(0.0355882675392348,0.0611369353829749,0.0047186727724019));
#12961=CARTESIAN_POINT('',(0.0347892032967812,0.0611695523053254,0.00420529617038345));
#12962=CARTESIAN_POINT('',(0.0361463089382312,0.0600331223982447,0.00435751509932251));
#12963=CARTESIAN_POINT('',(0.0358758702525097,0.0602992022186986,0.00403881501958732));
#12964=CARTESIAN_POINT('',(0.0355489685749458,0.0603950691546489,0.00367875754964505));
#12965=CARTESIAN_POINT('',(0.0364843191510168,0.0597406243320467,0.003449656314243));
#12966=CARTESIAN_POINT('',(0.0363857885000697,0.0598012212468542,0.00333724224126176));
#12967=CARTESIAN_POINT('',(0.0362872578591948,0.0598618181569475,0.0032248281571215));
#12968=CARTESIAN_POINT('',(0.0366704325929496,0.0596261634976294,0.003));
#12969=CARTESIAN_POINT('',(0.0366704325929496,0.0596261634976294,0.003));
#12970=CARTESIAN_POINT('',(0.0366704325929496,0.0596261634976294,0.003));
#12971=CARTESIAN_POINT('',(0.034254057623325,0.0633297681689909,0.007));
#12972=CARTESIAN_POINT('',(0.0345179491924312,0.0637868417743718,0.007));
#12973=CARTESIAN_POINT('',(0.0347542479907475,0.0641961232988232,0.007));
#12974=CARTESIAN_POINT('',(0.0347542479907472,0.0641961232988227,0.005));
#12975=CARTESIAN_POINT('',(0.0364862987983163,0.0631961232988229,0.00499999999999999));
#12976=CARTESIAN_POINT('',(0.0364862987983163,0.063196123298823,0.007));
#12977=CARTESIAN_POINT('',(0.0348397823697211,0.0643353338197087,0.005));
#12978=CARTESIAN_POINT('',(0.0364863599578583,0.0631962292382402,0.00500446469425473));
#12979=CARTESIAN_POINT('',(0.0365679010653224,0.0633374625712905,0.0069999999940083));
#12980=CARTESIAN_POINT('',(0.035075820137306,0.0645682945498107,0.00496034643532261));
#12981=CARTESIAN_POINT('',(0.0364529537973845,0.0632283475235651,0.00505759091152495));
#12982=CARTESIAN_POINT('',(0.0367614922626088,0.0635933710536133,0.00692069287342564));
#12983=CARTESIAN_POINT('',(0.0355851176808245,0.0647807383904524,0.00479872513130579));
#12984=CARTESIAN_POINT('',(0.0365369504947494,0.0634950712847973,0.00512474288411163));
#12985=CARTESIAN_POINT('',(0.0371206308700038,0.0638876976155507,0.00659745026186761));
#12986=CARTESIAN_POINT('',(0.036173928064378,0.0648583086906318,0.00456791530736485));
#12987=CARTESIAN_POINT('',(0.0368320200682475,0.0638241434166055,0.00503746307684505));
#12988=CARTESIAN_POINT('',(0.0375035344672937,0.0640791185417844,0.00613583061492469));
#12989=CARTESIAN_POINT('',(0.0370108826055228,0.0648142430614104,0.00419955848769267));
#12990=CARTESIAN_POINT('',(0.0374056527899633,0.0641653169356239,0.00471721734747814));
#12991=CARTESIAN_POINT('',(0.03801941351884,0.0642156035396848,0.00539911697527238));
#12992=CARTESIAN_POINT('',(0.0380727015498038,0.064535030489663,0.00367406151429622));
#12993=CARTESIAN_POINT('',(0.0382939388512996,0.0643052986651648,0.00403033785995359));
#12994=CARTESIAN_POINT('',(0.0386339785324132,0.0641948206812978,0.00434812302863352));
#12995=CARTESIAN_POINT('',(0.0388840100699716,0.0641345006328169,0.00322375658902277));
#12996=CARTESIAN_POINT('',(0.0389768216835624,0.0640774696397996,0.00333563488850632));
#12997=CARTESIAN_POINT('',(0.0390696333053788,0.0640204386410158,0.00344751317804554));
#12998=CARTESIAN_POINT('',(0.0392654276772792,0.0639001266768729,0.003));
#12999=CARTESIAN_POINT('',(0.0392654276772792,0.0639001266768729,0.003));
#13000=CARTESIAN_POINT('',(0.0392654276772792,0.0639001266768729,0.003));
#13001=CARTESIAN_POINT('',(0.045373792695519,0.0571858281082304,0.005));
#13002=CARTESIAN_POINT('',(0.0469058815817574,0.0559002528888579,0.005));
#13003=CARTESIAN_POINT('',(0.0469058815817574,0.0559002528888579,0.007));
#13004=CARTESIAN_POINT('',(0.0454822012683469,0.057308070819455,0.005));
#13005=CARTESIAN_POINT('',(0.0469059602083412,0.0559003465985579,0.00500446469425198));
#13006=CARTESIAN_POINT('',(0.0470107874340605,0.0560252748152243,0.0069999999940083));
#13007=CARTESIAN_POINT('',(0.0457551062981231,0.0574965048244109,0.00496034643532756));
#13008=CARTESIAN_POINT('',(0.0468786388442232,0.0559377778538653,0.00505759091153634));
#13009=CARTESIAN_POINT('',(0.0472458755876784,0.0562436787140613,0.00692069287343555));
#13010=CARTESIAN_POINT('',(0.0462935569533233,0.0576172825754557,0.0047987251312884));
#13011=CARTESIAN_POINT('',(0.0470076755380672,0.0561858636084321,0.00512474288407769));
#13012=CARTESIAN_POINT('',(0.0476506673437472,0.056471170029482,0.00659745026183282));
#13013=CARTESIAN_POINT('',(0.0468868919254838,0.057591428558279,0.00456791530742925));
#13014=CARTESIAN_POINT('',(0.0473554051178366,0.0564586981013168,0.00503746307696041));
#13015=CARTESIAN_POINT('',(0.0480609936700827,0.0565931923297823,0.00613583061505348));
#13016=CARTESIAN_POINT('',(0.0477034793297333,0.0574026967546317,0.00419955848735027));
#13017=CARTESIAN_POINT('',(0.0479795672289461,0.0566950781516457,0.00471721734691587));
#13018=CARTESIAN_POINT('',(0.0485927357305299,0.0566380223569494,0.00539911697458757));
#13019=CARTESIAN_POINT('',(0.0487006821084849,0.0569433431206527,0.00367406151705312));
#13020=CARTESIAN_POINT('',(0.0488786658045517,0.0566786839851805,0.00403033786416684));
#13021=CARTESIAN_POINT('',(0.0491943552173991,0.0565108371402132,0.00434812303414751));
#13022=CARTESIAN_POINT('',(0.0494301137373659,0.0564080159770171,0.00322375658322922));
#13023=CARTESIAN_POINT('',(0.0495116120082596,0.0563357348439028,0.00333563487981585));
#13024=CARTESIAN_POINT('',(0.0495931102857108,0.056263453703064,0.00344751316645802));
#13025=CARTESIAN_POINT('',(0.0497650381520501,0.0561109702083748,0.003));
#13026=CARTESIAN_POINT('',(0.04976503815205,0.0561109702083748,0.003));
#13027=CARTESIAN_POINT('',(0.0497650381520501,0.0561109702083748,0.003));
#13028=CARTESIAN_POINT('',(0.045373792695519,0.0571858281082304,0.007));
#13029=CARTESIAN_POINT('',(0.0450700128160362,0.056823797345499,0.007));
#13030=CARTESIAN_POINT('',(0.0447307603541909,0.0564194920052985,0.007));
#13031=CARTESIAN_POINT('',(0.0462628492404292,0.0551339167859258,0.007));
#13032=CARTESIAN_POINT('',(0.0462628492404291,0.0551339167859256,0.00500000000000001));
#13033=CARTESIAN_POINT('',(0.0447307603541911,0.0564194920052986,0.005));
#13034=CARTESIAN_POINT('',(0.04616032922772,0.0550117381924667,0.00699999999527036));
#13035=CARTESIAN_POINT('',(0.046262770072494,0.0551338224394628,0.00499556644548009));
#13036=CARTESIAN_POINT('',(0.0446247686999721,0.0563000658144688,0.00500000000000002));
#13037=CARTESIAN_POINT('',(0.0459892455473354,0.0547488426293671,0.00692418330503303));
#13038=CARTESIAN_POINT('',(0.0462301784325217,0.0551629643169175,0.00503077426023949));
#13039=CARTESIAN_POINT('',(0.0444765556008763,0.0560190757302893,0.00496209165141913));
#13040=CARTESIAN_POINT('',(0.0458356682605635,0.054322092255828,0.0066069176798369));
#13041=CARTESIAN_POINT('',(0.0460196162798144,0.0550279613258254,0.00509802225537054));
#13042=CARTESIAN_POINT('',(0.0444391760511001,0.0554998413368155,0.00480345884021203));
#13043=CARTESIAN_POINT('',(0.0457825797845796,0.0539090477685374,0.00614757339915064));
#13044=CARTESIAN_POINT('',(0.045805955840449,0.0546644967109014,0.00502430988153683));
#13045=CARTESIAN_POINT('',(0.0445609894481148,0.0549460257301796,0.00457378669949838));
#13046=CARTESIAN_POINT('',(0.0458191899380963,0.0533949986183805,0.00541059234009421));
#13047=CARTESIAN_POINT('',(0.0456639192059459,0.0540282901564042,0.00471867277192006));
#13048=CARTESIAN_POINT('',(0.044882658413848,0.0541991676040092,0.00420529617009166));
#13049=CARTESIAN_POINT('',(0.0460218075910582,0.0528443436972114,0.00435751510401726));
#13050=CARTESIAN_POINT('',(0.0458016817534575,0.0531533423512058,0.00403881502317948));
#13051=CARTESIAN_POINT('',(0.0454963935666835,0.0533045187329293,0.00367875755199246));
#13052=CARTESIAN_POINT('',(0.0463038909074479,0.0524975944813598,0.00344965630437578));
#13053=CARTESIAN_POINT('',(0.0462173797005846,0.0525743804629583,0.00333724223386178));
#13054=CARTESIAN_POINT('',(0.0461308685022602,0.0526511664375221,0.00322482815218782));
#13055=CARTESIAN_POINT('',(0.0464673009564818,0.0523525543008149,0.003));
#13056=CARTESIAN_POINT('',(0.0464673009564818,0.052352554300815,0.003));
#13057=CARTESIAN_POINT('',(0.0464673009564818,0.052352554300815,0.003));
#13058=CARTESIAN_POINT('',(0.0515994186013763,0.0515994186013762,0.007));
#13059=CARTESIAN_POINT('',(0.0515994186013763,0.0515994186013762,0.005));
#13060=CARTESIAN_POINT('',(0.0530136321637489,0.0501852050390026,0.005));
#13061=CARTESIAN_POINT('',(0.0517148216340942,0.051714821634094,0.0069999999940083));
#13062=CARTESIAN_POINT('',(0.0515995051017372,0.051599505096106,0.00500446469424851));
#13063=CARTESIAN_POINT('',(0.05312596127487,0.0503038552387765,0.005));
#13064=CARTESIAN_POINT('',(0.0519119051575153,0.0519680503603303,0.00692069287343415));
#13065=CARTESIAN_POINT('',(0.0516391751335828,0.0515755500468771,0.00505759091153646));
#13066=CARTESIAN_POINT('',(0.0532898929909729,0.050592144888178,0.00496034643532687));
#13067=CARTESIAN_POINT('',(0.0521032508736402,0.0523911289361251,0.00659745026183773));
#13068=CARTESIAN_POINT('',(0.0518750705580611,0.0517257178153526,0.00512474288408207));
#13069=CARTESIAN_POINT('',(0.0533632820794222,0.0511390730506779,0.00479872513129085));
#13070=CARTESIAN_POINT('',(0.0521890465465154,0.0528105287911143,0.00613583061503532));
#13071=CARTESIAN_POINT('',(0.0521165602035506,0.0520959032719577,0.00503746307694424));
#13072=CARTESIAN_POINT('',(0.0532858138944048,0.0517278968780511,0.00456791530742017));
#13073=CARTESIAN_POINT('',(0.0521873616076257,0.0533441546068377,0.00539911697468418));
#13074=CARTESIAN_POINT('',(0.0522976414439293,0.0527382921366733,0.00471721734699512));
#13075=CARTESIAN_POINT('',(0.0530266299904354,0.052524927860241,0.00419955848739856));
#13076=CARTESIAN_POINT('',(0.0520082257761165,0.0539323998276026,0.00434812303336991));
#13077=CARTESIAN_POINT('',(0.0522029480588002,0.0536325405248494,0.00403033786357276));
#13078=CARTESIAN_POINT('',(0.0524821123874666,0.0534783006736325,0.00367406151666445));
#13079=CARTESIAN_POINT('',(0.0517270299126282,0.0543080766260883,0.00344751316809217));
#13080=CARTESIAN_POINT('',(0.0518061390440314,0.0542331881904302,0.00333563488104133));
#13081=CARTESIAN_POINT('',(0.0518852481681714,0.0541582997616995,0.00322375658404602));
#13082=CARTESIAN_POINT('',(0.051560142163359,0.0544660604422076,0.003));
#13083=CARTESIAN_POINT('',(0.051560142163359,0.0544660604422076,0.003));
#13084=CARTESIAN_POINT('',(0.051560142163359,0.0544660604422076,0.003));
#13085=CARTESIAN_POINT('',(0.0530136321637489,0.0501852050390026,0.007));
#13086=CARTESIAN_POINT('',(0.00141421356237308,-0.00141421356237308,0.007));
#13087=CARTESIAN_POINT('',(0.052306256162371,0.0494778290376248,0.007));
#13088=CARTESIAN_POINT('',(0.0523062561623711,0.0494778290376249,0.005));
#13089=CARTESIAN_POINT('',(0.050892042599998,0.050892042599998,0.005));
#13090=CARTESIAN_POINT('',(0.0508920425999982,0.0508920425999982,0.007));
#13091=CARTESIAN_POINT('',(0.0521965222055987,0.0493618320352904,0.00500000000000002));
#13092=CARTESIAN_POINT('',(0.0508919555124834,0.0508919555104919,0.00499556644548029));
#13093=CARTESIAN_POINT('',(0.0507792641408306,0.0507792641408306,0.00699999999527036));
#13094=CARTESIAN_POINT('',(0.0519295189962634,0.049189693032284,0.00496209165141937));
#13095=CARTESIAN_POINT('',(0.0509238270448974,0.0508620277735136,0.00503077426023987));
#13096=CARTESIAN_POINT('',(0.0505322798999511,0.050585918627431,0.00692418330503352));
#13097=CARTESIAN_POINT('',(0.0514155182888421,0.0491072014637584,0.00480345884021119));
#13098=CARTESIAN_POINT('',(0.0508076894817569,0.0506405005874102,0.00509802225536893));
#13099=CARTESIAN_POINT('',(0.0501205385829228,0.0503957320028286,0.0066069176798352));
#13100=CARTESIAN_POINT('',(0.050853193380692,0.0491802831134843,0.00457378669950149));
#13101=CARTESIAN_POINT('',(0.0504642296937049,0.0503959751620451,0.00502430988154244));
#13102=CARTESIAN_POINT('',(0.0497136928201603,0.0503068463454484,0.00614757339915687));
#13103=CARTESIAN_POINT('',(0.0500811419775771,0.0494356350569464,0.00420529617007506));
#13104=CARTESIAN_POINT('',(0.0498428234056491,0.0501990299650209,0.00471867277189265));
#13105=CARTESIAN_POINT('',(0.0491984089971086,0.0502985148507734,0.005410592340061));
#13106=CARTESIAN_POINT('',(0.0491364069722268,0.0499690609755948,0.00367875755212597));
#13107=CARTESIAN_POINT('',(0.0489591982435129,0.0502600115586174,0.00403881502338385));
#13108=CARTESIAN_POINT('',(0.0486321901920101,0.0504523687438494,0.00435751510428436));
#13109=CARTESIAN_POINT('',(0.0484302427459287,0.0505441781373031,0.00322482815190706));
#13110=CARTESIAN_POINT('',(0.0483462090176191,0.0506236677961668,0.00333724223344059));
#13111=CARTESIAN_POINT('',(0.0482621752809689,0.0507031574623049,0.00344965630381412));
#13112=CARTESIAN_POINT('',(0.0481034448976909,0.0508533046023053,0.003));
#13113=CARTESIAN_POINT('',(0.0481034448976909,0.0508533046023053,0.003));
#13114=CARTESIAN_POINT('',(0.0481034448976909,0.0508533046023053,0.003));
#13115=CARTESIAN_POINT('',(0.0418553624807554,0.0597756524983594,0.007));
#13116=CARTESIAN_POINT('',(0.0418553624807554,0.0597756524983594,0.00500000000000001));
#13117=CARTESIAN_POINT('',(0.0434936665693332,0.0586284996256571,0.005));
#13118=CARTESIAN_POINT('',(0.0419489727557667,0.0599093418260274,0.0069999999940083));
#13119=CARTESIAN_POINT('',(0.041855432647337,0.0597757526996513,0.00500446469424326));
#13120=CARTESIAN_POINT('',(0.043583685757906,0.0587648530077232,0.005));
#13121=CARTESIAN_POINT('',(0.0420990894307849,0.0601929466336016,0.00692069287342525));
#13122=CARTESIAN_POINT('',(0.0418986597529014,0.0597590502102072,0.0050575909115297));
#13123=CARTESIAN_POINT('',(0.0436950660106041,0.0590772293333443,0.00496034643532241));
#13124=CARTESIAN_POINT('',(0.0422140613518163,0.0606428245300965,0.00659745026186893));
#13125=CARTESIAN_POINT('',(0.0421048950364607,0.0599478994034453,0.00512474288411166));
#13126=CARTESIAN_POINT('',(0.0436723670751439,0.0596285923095981,0.00479872513130645));
#13127=CARTESIAN_POINT('',(0.0422257255751659,0.0610707510211096,0.00613583061491982));
#13128=CARTESIAN_POINT('',(0.0422784338817778,0.0603543951479592,0.00503746307684099));
#13129=CARTESIAN_POINT('',(0.0434938276214493,0.0601950183707236,0.00456791530736241));
#13130=CARTESIAN_POINT('',(0.0421314030835308,0.0615959772752696,0.00539911697529832));
#13131=CARTESIAN_POINT('',(0.0423452144350328,0.0610184691101013,0.00471721734749927));
#13132=CARTESIAN_POINT('',(0.0431001783251867,0.0609349338491506,0.00419955848770566));
#13133=CARTESIAN_POINT('',(0.041852841019472,0.0621441791171619,0.00434812302842482));
#13134=CARTESIAN_POINT('',(0.0420966750556214,0.0618826885198707,0.00403033785979409));
#13135=CARTESIAN_POINT('',(0.0423983817208471,0.0617792682949229,0.00367406151419174));
#13136=CARTESIAN_POINT('',(0.0415106815553075,0.0624653193957938,0.00344751317848426));
#13137=CARTESIAN_POINT('',(0.041601593079646,0.0624053058415753,0.00333563488883557));
#13138=CARTESIAN_POINT('',(0.0416925045955956,0.0623452922929089,0.00322375658924241));
#13139=CARTESIAN_POINT('',(0.0413188956084013,0.0625919233264327,0.003));
#13140=CARTESIAN_POINT('',(0.0413188956084013,0.0625919233264327,0.003));
#13141=CARTESIAN_POINT('',(0.0413188956084013,0.0625919233264327,0.003));
#13142=CARTESIAN_POINT('',(0.0434936665693332,0.0586284996256571,0.007));
#13143=CARTESIAN_POINT('',(0.00163830408857796,-0.00114715287270207,0.007));
#13144=CARTESIAN_POINT('',(0.0429198717524461,0.0578090357016408,0.007));
#13145=CARTESIAN_POINT('',(0.0429198717524465,0.0578090357016414,0.005));
#13146=CARTESIAN_POINT('',(0.0412815676638685,0.0589561885743435,0.00500000000000002));
#13147=CARTESIAN_POINT('',(0.0412815676638689,0.058956188574344,0.007));
#13148=CARTESIAN_POINT('',(0.0428319475691235,0.0576757458527903,0.00500000000000005));
#13149=CARTESIAN_POINT('',(0.0412814970223502,0.0589560876853357,0.00499556644547776));
#13150=CARTESIAN_POINT('',(0.0411900863368207,0.058825539699466,0.00699999999527036));
#13151=CARTESIAN_POINT('',(0.0425988923626682,0.0574598574073027,0.00496209165141544));
#13152=CARTESIAN_POINT('',(0.0413180812515563,0.0589321490514454,0.00503077426023263));
#13153=CARTESIAN_POINT('',(0.0409804284375986,0.05859224317552,0.00692418330502569));
#13154=CARTESIAN_POINT('',(0.042107024991464,0.0572893637849162,0.0048034588402255));
#13155=CARTESIAN_POINT('',(0.041242175871104,0.0586938202848932,0.0050980222553963));
#13156=CARTESIAN_POINT('',(0.0406079679571159,0.0583334477837291,0.00660691767986382));
#13157=CARTESIAN_POINT('',(0.041540552567027,0.0572636884645351,0.00457378669944932));
#13158=CARTESIAN_POINT('',(0.0409463954035924,0.0583933685838108,0.00502430988144802));
#13159=CARTESIAN_POINT('',(0.0402227379281494,0.0581752644738769,0.00614757339905253));
#13160=CARTESIAN_POINT('',(0.0407358889592842,0.0573810957193733,0.00420529617035379));
#13161=CARTESIAN_POINT('',(0.0403686288474409,0.0580915093577008,0.0047186727723529));
#13162=CARTESIAN_POINT('',(0.039716729172789,0.0580775814566602,0.00541059234061847));
#13163=CARTESIAN_POINT('',(0.0397128781672414,0.0577423661847156,0.00367875754988374));
#13164=CARTESIAN_POINT('',(0.0394878385976921,0.0579981246022663,0.00403881501995245));
#13165=CARTESIAN_POINT('',(0.0391323960576368,0.0581307750982956,0.00435751509979976));
#13166=CARTESIAN_POINT('',(0.0389175741028973,0.0581861219015461,0.00322482815661993));
#13167=CARTESIAN_POINT('',(0.0388210138037239,0.0582498116290508,0.00333724224050975));
#13168=CARTESIAN_POINT('',(0.0387244534945882,0.0583135013615344,0.00344965631324014));
#13169=CARTESIAN_POINT('',(0.0385420618093102,0.0584338041846276,0.003));
#13170=CARTESIAN_POINT('',(0.0385420618093102,0.0584338041846276,0.003));
#13171=CARTESIAN_POINT('',(0.0385420618093102,0.0584338041846276,0.003));
#13172=CARTESIAN_POINT('',(0.071226093522297,0.0105282287946739,0.005));
#13173=CARTESIAN_POINT('',(0.0708787971669631,0.0124978443006983,0.005));
#13174=CARTESIAN_POINT('',(0.0708787971669631,0.0124978443006983,0.007));
#13175=CARTESIAN_POINT('',(0.0710696715800493,0.0104961504249504,0.005));
#13176=CARTESIAN_POINT('',(0.0708786758765638,0.0124978229124926,0.00499556644548334));
#13177=CARTESIAN_POINT('',(0.0707217273948799,0.0124701486620263,0.00699999999526995));
#13178=CARTESIAN_POINT('',(0.070752220479393,0.0105082891580476,0.00496209165142125));
#13179=CARTESIAN_POINT('',(0.0708876176627636,0.0124550267855943,0.00503077426024254));
#13180=CARTESIAN_POINT('',(0.0704085113184925,0.0124534336301909,0.00692418330503745));
#13181=CARTESIAN_POINT('',(0.0702838605292407,0.0107355347150787,0.00480345884020434));
#13182=CARTESIAN_POINT('',(0.0706654205665436,0.0123401761078039,0.005098022255356));
#13183=CARTESIAN_POINT('',(0.0699621460105526,0.0125338069851624,0.00660691767982146));
#13184=CARTESIAN_POINT('',(0.0698651488433744,0.0111179360148062,0.00457378669952647));
#13185=CARTESIAN_POINT('',(0.070243820756942,0.0123368730470578,0.00502430988158762));
#13186=CARTESIAN_POINT('',(0.0695778947536656,0.0126943532599933,0.00614757339920683));
#13187=CARTESIAN_POINT('',(0.0693791852160301,0.0117699385734561,0.00420529616994159));
#13188=CARTESIAN_POINT('',(0.069621831401522,0.0125319689902555,0.00471867277167225));
#13189=CARTESIAN_POINT('',(0.0691510202076314,0.0129830831578744,0.00541059233979407));
#13190=CARTESIAN_POINT('',(0.0689112641420484,0.0127487732453623,0.0036787575531997));
#13191=CARTESIAN_POINT('',(0.0689329856484279,0.0130887487608191,0.00403881502502724));
#13192=CARTESIAN_POINT('',(0.0687754478833803,0.013433882654546,0.0043575151064318));
#13193=CARTESIAN_POINT('',(0.0686626819259862,0.0136249207975727,0.00322482814965036));
#13194=CARTESIAN_POINT('',(0.068639438920464,0.0137382346817102,0.00333724223005512));
#13195=CARTESIAN_POINT('',(0.0686161959126792,0.0138515485766778,0.00344965629930071));
#13196=CARTESIAN_POINT('',(0.0685722924557507,0.0140655859232027,0.003));
#13197=CARTESIAN_POINT('',(0.0685722924557507,0.0140655859232027,0.003));
#13198=CARTESIAN_POINT('',(0.0685722924557507,0.0140655859232027,0.003));
#13199=CARTESIAN_POINT('',(0.071226093522297,0.0105282287946739,0.007));
#13200=CARTESIAN_POINT('',(0.000347296355333867,-0.00196961550602444,0.007));
#13201=CARTESIAN_POINT('',(0.0722112762259372,0.010701943086253,0.007));
#13202=CARTESIAN_POINT('',(0.0718639798706034,0.0126715585922774,0.007));
#13203=CARTESIAN_POINT('',(0.0718639798706033,0.0126715585922774,0.005));
#13204=CARTESIAN_POINT('',(0.0722112762259372,0.010701943086253,0.005));
#13205=CARTESIAN_POINT('',(0.0720247049610102,0.0126998987621929,0.0069999999940083));
#13206=CARTESIAN_POINT('',(0.0718641003388836,0.0126715798300393,0.00500446469425144));
#13207=CARTESIAN_POINT('',(0.0723713458057076,0.0107347063086916,0.005));
#13208=CARTESIAN_POINT('',(0.0723313923625108,0.0127942891259312,0.00692069287342032));
#13209=CARTESIAN_POINT('',(0.0718828560748094,0.012629203206989,0.00505759091152097));
#13210=CARTESIAN_POINT('',(0.0726709869558148,0.0108768319948155,0.00496034643531994));
#13211=CARTESIAN_POINT('',(0.0727308014988283,0.0130311034122511,0.00659745026188629));
#13212=CARTESIAN_POINT('',(0.072162222987491,0.0126169093846535,0.00512474288412935));
#13213=CARTESIAN_POINT('',(0.0730448088840235,0.0112827550654412,0.00479872513131514));
#13214=CARTESIAN_POINT('',(0.0730416390739101,0.0133254452844293,0.00613583061485562));
#13215=CARTESIAN_POINT('',(0.0725723693792976,0.0127816347877279,0.00503746307678329));
#13216=CARTESIAN_POINT('',(0.0733190861344852,0.0118095252326419,0.00456791530733031));
#13217=CARTESIAN_POINT('',(0.0733463340463902,0.0137635324040502,0.00539911697563991));
#13218=CARTESIAN_POINT('',(0.07308916156313,0.0132039850078285,0.00471721734777985));
#13219=CARTESIAN_POINT('',(0.0735639332999119,0.0126110765721172,0.00419955848787644));
#13220=CARTESIAN_POINT('',(0.0735369981620758,0.0143481427669139,0.00434812302567478));
#13221=CARTESIAN_POINT('',(0.0735245130880997,0.013990824291243,0.00403033785769265));
#13222=CARTESIAN_POINT('',(0.0736647227747527,0.0137043563193813,0.00367406151281686));
#13223=CARTESIAN_POINT('',(0.0735221353526183,0.014817166517073,0.0034475131842639));
#13224=CARTESIAN_POINT('',(0.0735439835165373,0.0147104463718939,0.00333563489317039));
#13225=CARTESIAN_POINT('',(0.0735658316784708,0.0146037262365467,0.00322375659213195));
#13226=CARTESIAN_POINT('',(0.0734760447074686,0.0150423021557896,0.003));
#13227=CARTESIAN_POINT('',(0.0734760447074686,0.0150423021557896,0.003));
#13228=CARTESIAN_POINT('',(0.0734760447074686,0.0150423021557896,0.003));
#13229=CARTESIAN_POINT('',(0.0719722168617864,-0.002,0.005));
#13230=CARTESIAN_POINT('',(0.0719722168617864,0.,0.005));
#13231=CARTESIAN_POINT('',(0.0719722168617864,0.,0.007));
#13232=CARTESIAN_POINT('',(0.0718126009698707,-0.00200442864199354,0.005));
#13233=CARTESIAN_POINT('',(0.0719720937000379,-1.41853565453149E-12,0.00499556644548143));
#13234=CARTESIAN_POINT('',(0.0718127240352831,0.,0.00699999999526995));
#13235=CARTESIAN_POINT('',(0.0715020805336293,-0.00193734951839459,0.00496209165142103));
#13236=CARTESIAN_POINT('',(0.071973468170966,-4.36986838594566E-5,0.0050307742602429));
#13237=CARTESIAN_POINT('',(0.0715013638800813,3.79283079369841E-5,0.00692418330503701));
#13238=CARTESIAN_POINT('',(0.0710802968003779,-0.00163222648015699,0.00480345884020516));
#13239=CARTESIAN_POINT('',(0.0717347031370095,-0.000118220400945044,0.00509802225535739));
#13240=CARTESIAN_POINT('',(0.0710757365507659,0.000194591133347174,0.00660691767982311));
#13241=CARTESIAN_POINT('',(0.0707343495746959,-0.00118292619421229,0.00457378669952345));
#13242=CARTESIAN_POINT('',(0.0713189348053666,-4.82632421412188E-5,0.0050243098815822));
#13243=CARTESIAN_POINT('',(0.0707252015019358,0.000419422880038606,0.0061475733992008));
#13244=CARTESIAN_POINT('',(0.0703689878829478,-0.000456442321129175,0.00420529616995778));
#13245=CARTESIAN_POINT('',(0.0707402729208625,0.000251876073431479,0.00471867277169897));
#13246=CARTESIAN_POINT('',(0.0703549495600418,0.000777892309029024,0.00541059233982644));
#13247=CARTESIAN_POINT('',(0.0700781484385151,0.000588775294162517,0.00367875755306948));
#13248=CARTESIAN_POINT('',(0.070158576075119,0.000919813917684852,0.0040388150248278));
#13249=CARTESIAN_POINT('',(0.0700633635343971,0.0012870605979449,0.00435751510617136));
#13250=CARTESIAN_POINT('',(0.0699854841706612,0.00149477804603054,0.00322482814992405));
#13251=CARTESIAN_POINT('',(0.0699822710280971,0.00161040654305989,0.003337242230466));
#13252=CARTESIAN_POINT('',(0.0699790578852084,0.00172603505114164,0.0034496562998481));
#13253=CARTESIAN_POINT('',(0.0699729886156256,0.00194444444444445,0.003));
#13254=CARTESIAN_POINT('',(0.0699729886156256,0.00194444444444445,0.003));
#13255=CARTESIAN_POINT('',(0.0699729886156256,0.00194444444444444,0.003));
#13256=CARTESIAN_POINT('',(0.0719722168617864,-0.002,0.007));
#13257=CARTESIAN_POINT('',(-1.44110129617109E-18,-0.00199999999999994,0.007));
#13258=CARTESIAN_POINT('',(0.0729725975966321,-0.002,0.007));
#13259=CARTESIAN_POINT('',(0.0729725975966321,0.,0.007));
#13260=CARTESIAN_POINT('',(0.0729725975966321,0.,0.005));
#13261=CARTESIAN_POINT('',(0.0729725975966321,-0.002,0.005));
#13262=CARTESIAN_POINT('',(0.0731358021306435,0.,0.0069999999940083));
#13263=CARTESIAN_POINT('',(0.0729727199226269,-3.98841421622897E-12,0.00500446469425195));
#13264=CARTESIAN_POINT('',(0.0731359246336839,-0.00199553031535695,0.005));
#13265=CARTESIAN_POINT('',(0.0734542209760236,3.97006536350283E-5,0.00692069287342022));
#13266=CARTESIAN_POINT('',(0.072983832093412,-4.49897302739415E-5,0.00505759091152064));
#13267=CARTESIAN_POINT('',(0.0734556934278238,-0.00190759597742856,0.0049603464353199));
#13268=CARTESIAN_POINT('',(0.0738886845593665,0.000203560530162066,0.00659745026188668));
#13269=CARTESIAN_POINT('',(0.0732568199951109,-0.000105608337113367,0.00512474288412977));
#13270=CARTESIAN_POINT('',(0.0738943239624577,-0.00157275328695545,0.00479872513131532));
#13271=CARTESIAN_POINT('',(0.0742459117429471,0.000439454309455136,0.00613583061485424));
#13272=CARTESIAN_POINT('',(0.0736893396076907,-1.46066565624622E-5,0.00503746307678204));
#13273=CARTESIAN_POINT('',(0.0742559070047708,-0.00110161368696036,0.00456791530732963));
#13274=CARTESIAN_POINT('',(0.0746220507441315,0.000817976174641314,0.00539911697564745));
#13275=CARTESIAN_POINT('',(0.0742716209030854,0.000311587093730725,0.00471721734778604));
#13276=CARTESIAN_POINT('',(0.0746362223209923,-0.000354756977482676,0.0041995584878802));
#13277=CARTESIAN_POINT('',(0.0749113347676369,0.00136059651621328,0.00434812302561426));
#13278=CARTESIAN_POINT('',(0.0748369916678235,0.00101087452140803,0.0040303378576464));
#13279=CARTESIAN_POINT('',(0.0749253266130318,0.000704411485136177,0.00367406151278662));
#13280=CARTESIAN_POINT('',(0.0749781428771469,0.00182507564158305,0.00344751318439118));
#13281=CARTESIAN_POINT('',(0.07498112735967,0.00171618292138596,0.00333563489326581));
#13282=CARTESIAN_POINT('',(0.0749841118418689,0.00160729021121993,0.00322375659219552));
#13283=CARTESIAN_POINT('',(0.0749718468458549,0.00205479452054795,0.003));
#13284=CARTESIAN_POINT('',(0.0749718468458549,0.00205479452054795,0.003));
#13285=CARTESIAN_POINT('',(0.0749718468458549,0.00205479452054795,0.003));
#13286=CARTESIAN_POINT('',(0.072520603346252,0.00835237033994397,0.005));
#13287=CARTESIAN_POINT('',(0.0726949148317474,0.00635998094376048,0.005));
#13288=CARTESIAN_POINT('',(0.0726949148317474,0.00635998094376048,0.007));
#13289=CARTESIAN_POINT('',(0.0726836984333082,0.00836215255302406,0.005));
#13290=CARTESIAN_POINT('',(0.0726950366919158,0.00635999160914465,0.00500446469425149));
#13291=CARTESIAN_POINT('',(0.0728574983232319,0.00637420515614185,0.0069999999940083));
#13292=CARTESIAN_POINT('',(0.073009914393173,0.00830242251856251,0.00496034643531985));
#13293=CARTESIAN_POINT('',(0.0727021854645132,0.0064057786254402,0.00505759091152073));
#13294=CARTESIAN_POINT('',(0.0731781656287303,0.00636240760645413,0.00692069287342013));
#13295=CARTESIAN_POINT('',(0.0734760592695914,0.00800708317565501,0.0047987251313155));
#13296=CARTESIAN_POINT('',(0.0729688513051303,0.00648995902351149,0.00512474288413003));
#13297=CARTESIAN_POINT('',(0.0736252572762145,0.00623703726253066,0.00659745026188702));
#13298=CARTESIAN_POINT('',(0.0738773289010381,0.00756925044269834,0.004567915307329));
#13299=CARTESIAN_POINT('',(0.0734076563690618,0.00643700019991827,0.00503746307678093));
#13300=CARTESIAN_POINT('',(0.0740016846000559,0.00603317553080152,0.00613583061485299));
#13301=CARTESIAN_POINT('',(0.0743212898539024,0.0068583824123384,0.00419955848788352));
#13302=CARTESIAN_POINT('',(0.0740161515669173,0.00616279687410723,0.00471721734779142));
#13303=CARTESIAN_POINT('',(0.0744093826330879,0.00568887672961198,0.00539911697565404));
#13304=CARTESIAN_POINT('',(0.0747016066308786,0.00582844150485319,0.0036740615127599));
#13305=CARTESIAN_POINT('',(0.0746403178403692,0.00551544575518677,0.00403033785760599));
#13306=CARTESIAN_POINT('',(0.0747448583224446,0.00517353398622421,0.00434812302556115));
#13307=CARTESIAN_POINT('',(0.0748388592301646,0.00493412197503242,0.00322375659225158));
#13308=CARTESIAN_POINT('',(0.0748453767298301,0.00482538351976622,0.003335634893349));
#13309=CARTESIAN_POINT('',(0.0748518942300953,0.00471664505448168,0.0034475131845026));
#13310=CARTESIAN_POINT('',(0.0748656434766192,0.00448725158997635,0.003));
#13311=CARTESIAN_POINT('',(0.0748656434766192,0.00448725158997635,0.003));
#13312=CARTESIAN_POINT('',(0.0748656434766192,0.00448725158997635,0.003));
#13313=CARTESIAN_POINT('',(0.0725206033462521,0.00835237033994397,0.007));
#13314=CARTESIAN_POINT('',(0.0720498041261563,0.00831118074538874,0.007));
#13315=CARTESIAN_POINT('',(0.0715240293621255,0.00826518141396803,0.007));
#13316=CARTESIAN_POINT('',(0.0716983408476209,0.00627279201778455,0.007));
#13317=CARTESIAN_POINT('',(0.0716983408476209,0.00627279201778454,0.005));
#13318=CARTESIAN_POINT('',(0.0715240293621256,0.00826518141396804,0.005));
#13319=CARTESIAN_POINT('',(0.0715394549394811,0.0062588913020283,0.00699999999526995));
#13320=CARTESIAN_POINT('',(0.0716982181544117,0.00627278128494313,0.00499556644548146));
#13321=CARTESIAN_POINT('',(0.0713646348752884,0.00825568176202808,0.005));
#13322=CARTESIAN_POINT('',(0.071232585273512,0.00619397049716433,0.00692418330503718));
#13323=CARTESIAN_POINT('',(0.0716957788039446,0.00631643347374009,0.00503077426024306));
#13324=CARTESIAN_POINT('',(0.0710611423938917,0.00816179425548621,0.00496209165142111));
#13325=CARTESIAN_POINT('',(0.0708222316495985,0.00600080795508318,0.00660691767982251));
#13326=CARTESIAN_POINT('',(0.0714514273474213,0.00636986186931712,0.00509802225535681));
#13327=CARTESIAN_POINT('',(0.070667556900114,0.00782107142797903,0.00480345884020486));
#13328=CARTESIAN_POINT('',(0.0704926258703337,0.00574628061852504,0.00614757339920301));
#13329=CARTESIAN_POINT('',(0.0710433383079411,0.00626393432086528,0.0050243098815842));
#13330=CARTESIAN_POINT('',(0.070362085208208,0.00734332957786091,0.00457378669952456));
#13331=CARTESIAN_POINT('',(0.0701550255181967,0.00535690569094456,0.00541059233981451));
#13332=CARTESIAN_POINT('',(0.0704930372715854,0.0059145034196715,0.00471867277168912));
#13333=CARTESIAN_POINT('',(0.0700614310695547,0.00658776682564546,0.00420529616995181));
#13334=CARTESIAN_POINT('',(0.069908926005819,0.0048242615443949,0.00435751510626728));
#13335=CARTESIAN_POINT('',(0.069971768576893,0.00519840905983992,0.00403881502490128));
#13336=CARTESIAN_POINT('',(0.0698627950746153,0.00552117825102623,0.00367875755311753));
#13337=CARTESIAN_POINT('',(0.0698632003095845,0.00437960980020231,0.00344965629964647));
#13338=CARTESIAN_POINT('',(0.0698563235369804,0.00449507835081085,0.00333724223031467));
#13339=CARTESIAN_POINT('',(0.0698494467650284,0.00461054689038146,0.00322482814982303));
#13340=CARTESIAN_POINT('',(0.0698761897683074,0.0041615025487788,0.003));
#13341=CARTESIAN_POINT('',(0.0698761897683074,0.0041615025487788,0.003));
#13342=CARTESIAN_POINT('',(0.0698761897683074,0.00416150254877881,0.003));
#13343=CARTESIAN_POINT('',(0.0699684785397815,0.020818549681189,0.005));
#13344=CARTESIAN_POINT('',(0.0704861166299866,0.0188866980286109,0.005));
#13345=CARTESIAN_POINT('',(0.0704861166299866,0.0188866980286109,0.007));
#13346=CARTESIAN_POINT('',(0.0701273971825079,0.020856504445133,0.005));
#13347=CARTESIAN_POINT('',(0.0704862347867994,0.018886729692766,0.00500446469425166));
#13348=CARTESIAN_POINT('',(0.0706437601043509,0.0189289384702588,0.0069999999940083));
#13349=CARTESIAN_POINT('',(0.0704590292005898,0.0208543286510531,0.00496034643531987));
#13350=CARTESIAN_POINT('',(0.0704853241215393,0.0189330624727266,0.00505759091152071));
#13351=CARTESIAN_POINT('',(0.0709616043759514,0.018973003445098,0.00692069287342017));
#13352=CARTESIAN_POINT('',(0.0709693774275969,0.0206444213847117,0.00479872513131541));
#13353=CARTESIAN_POINT('',(0.0707333209361213,0.0190622700186716,0.00512474288412989));
#13354=CARTESIAN_POINT('',(0.071423674028455,0.0189271744082398,0.00659745026188684));
#13355=CARTESIAN_POINT('',(0.0714405797278965,0.0202829200550253,0.00456791530732932));
#13356=CARTESIAN_POINT('',(0.0711746557683508,0.0190863134583078,0.00503746307678151));
#13357=CARTESIAN_POINT('',(0.0718297827936309,0.0187917757130993,0.00613583061485363));
#13358=CARTESIAN_POINT('',(0.0720012368543442,0.0196599447177827,0.00419955848788176));
#13359=CARTESIAN_POINT('',(0.071821521464706,0.0189219399793776,0.00471721734778856));
#13360=CARTESIAN_POINT('',(0.0722910738368476,0.0185235036048112,0.00539911697565055));
#13361=CARTESIAN_POINT('',(0.0725546231266076,0.0187116922421756,0.003674061512774));
#13362=CARTESIAN_POINT('',(0.0725486165920875,0.0183928089144662,0.0040303378576274));
#13363=CARTESIAN_POINT('',(0.0727109412249398,0.0180742448177586,0.00434812302558908));
#13364=CARTESIAN_POINT('',(0.0728450875070917,0.0178547930993642,0.00322375659222195));
#13365=CARTESIAN_POINT('',(0.0728703882258935,0.0177488383774954,0.0033356348933049));
#13366=CARTESIAN_POINT('',(0.0728956889470288,0.0176428836458606,0.0034475131844439));
#13367=CARTESIAN_POINT('',(0.07294906306869,0.0174193627151021,0.003));
#13368=CARTESIAN_POINT('',(0.07294906306869,0.0174193627151021,0.003));
#13369=CARTESIAN_POINT('',(0.07294906306869,0.0174193627151021,0.003));
#13370=CARTESIAN_POINT('',(0.0699684785397815,0.020818549681189,0.007));
#13371=CARTESIAN_POINT('',(0.0695119843157524,0.0206962324225109,0.007));
#13372=CARTESIAN_POINT('',(0.0690021849518719,0.0205596320946572,0.007));
#13373=CARTESIAN_POINT('',(0.069519823042077,0.0186277804420791,0.007));
#13374=CARTESIAN_POINT('',(0.069519823042077,0.0186277804420791,0.005));
#13375=CARTESIAN_POINT('',(0.0690021849518719,0.0205596320946573,0.005));
#13376=CARTESIAN_POINT('',(0.0693657648018551,0.0185865006610243,0.00699999999526995));
#13377=CARTESIAN_POINT('',(0.0695197040766026,0.0186277485668523,0.00499556644548031));
#13378=CARTESIAN_POINT('',(0.0688468616227018,0.0205225982016179,0.005));
#13379=CARTESIAN_POINT('',(0.0690748305551029,0.0184692787907859,0.00692418330503734));
#13380=CARTESIAN_POINT('',(0.0695097216622987,0.0186703139920363,0.00503077426024379));
#13381=CARTESIAN_POINT('',(0.0685642832684484,0.0203774361409174,0.0049620916514212));
#13382=CARTESIAN_POINT('',(0.0687042534482215,0.0182077936627615,0.00660691767982182));
#13383=CARTESIAN_POINT('',(0.0692598047099328,0.0186804995051029,0.00509802225535602));
#13384=CARTESIAN_POINT('',(0.0682358431207928,0.019973544255017,0.00480345884020452));
#13385=CARTESIAN_POINT('',(0.0684238533295243,0.0178998977254462,0.00614757339920542));
#13386=CARTESIAN_POINT('',(0.0688763095856872,0.0185053173160943,0.00502430988158643));
#13387=CARTESIAN_POINT('',(0.068017971231946,0.0194500157744491,0.00457378669952575));
#13388=CARTESIAN_POINT('',(0.0681589961319216,0.0174578145920159,0.00541059233980154));
#13389=CARTESIAN_POINT('',(0.0683950468977979,0.0180656362833374,0.00471867277167839));
#13390=CARTESIAN_POINT('',(0.0678530868002569,0.018653723674911,0.00420529616994535));
#13391=CARTESIAN_POINT('',(0.0680091281095271,0.0168905277749883,0.00435751510637138));
#13392=CARTESIAN_POINT('',(0.0680060459265468,0.0172699036468969,0.00403881502498101));
#13393=CARTESIAN_POINT('',(0.0678426796947443,0.0175688461986931,0.00367875755316945));
#13394=CARTESIAN_POINT('',(0.0680413100543998,0.0164446911062585,0.00344965629942756));
#13395=CARTESIAN_POINT('',(0.0680144868519455,0.0165572112911324,0.00333724223015029));
#13396=CARTESIAN_POINT('',(0.0679876636521983,0.0166697314652853,0.00322482814971385));
#13397=CARTESIAN_POINT('',(0.0680919761008298,0.0162321529897927,0.003));
#13398=CARTESIAN_POINT('',(0.0680919761008298,0.0162321529897927,0.003));
#13399=CARTESIAN_POINT('',(0.0680919761008298,0.0162321529897927,0.003));
#13400=CARTESIAN_POINT('',(0.,0.,0.005));
#13401=CARTESIAN_POINT('',(0.,4.28626379701574E-19,0.005));
#13402=CARTESIAN_POINT('',(0.007,4.28626379701574E-19,0.005));
#13403=CARTESIAN_POINT('',(0.,4.28626379701574E-19,0.22));
#13404=CARTESIAN_POINT('',(0.,4.28626379701574E-19,0.22));
#13405=CARTESIAN_POINT('',(0.007,4.28626379701574E-19,0.22));
#13406=CARTESIAN_POINT('',(0.,0.,0.22));
#13407=MECHANICAL_DESIGN_GEOMETRIC_PRESENTATION_REPRESENTATION('',(#5989),
#13408);
#13408=(
GEOMETRIC_REPRESENTATION_CONTEXT(3)
GLOBAL_UNCERTAINTY_ASSIGNED_CONTEXT((#13409))
GLOBAL_UNIT_ASSIGNED_CONTEXT((#13412,#13411,#13410))
REPRESENTATION_CONTEXT('base','TOP_LEVEL_ASSEMBLY_PART')
);
#13409=UNCERTAINTY_MEASURE_WITH_UNIT(LENGTH_MEASURE(2.00000000000694E-5),
#13412,'DISTANCE_ACCURACY_VALUE','Maximum Tolerance applied to model');
#13410=(
NAMED_UNIT(*)
SI_UNIT($,.STERADIAN.)
SOLID_ANGLE_UNIT()
);
#13411=(
NAMED_UNIT(*)
PLANE_ANGLE_UNIT()
SI_UNIT($,.RADIAN.)
);
#13412=(
LENGTH_UNIT()
NAMED_UNIT(*)
SI_UNIT($,.METRE.)
);
#13413=PRODUCT_DEFINITION_SHAPE('','',#13414);
#13414=PRODUCT_DEFINITION('','',#13416,#13415);
#13415=PRODUCT_DEFINITION_CONTEXT('',#13422,'design');
#13416=PRODUCT_DEFINITION_FORMATION_WITH_SPECIFIED_SOURCE('','',#13418,
 .NOT_KNOWN.);
#13417=PRODUCT_RELATED_PRODUCT_CATEGORY('','',(#13418));
#13418=PRODUCT('base','base','base',(#13420));
#13419=PRODUCT_CATEGORY('','');
#13420=PRODUCT_CONTEXT('',#13422,'mechanical');
#13421=APPLICATION_PROTOCOL_DEFINITION('international standard',
'ap242_managed_model_based_3d_engineering',2020,#13422);
#13422=APPLICATION_CONTEXT('managed model based 3d engineering');
ENDSEC;
END-ISO-10303-21;
